INSERT INTO cliente VALUES ('28877657316458','Nacional Soft');
INSERT INTO cliente VALUES ('89937689711651','AmBev  Bebidas');
INSERT INTO cliente VALUES ('78454526435479','Itau Unibanco');
INSERT INTO cliente VALUES ('21436994841879','Ultrapar  Energia');
INSERT INTO cliente VALUES ('83755674698581','OceanAir  Companhia');
INSERT INTO cliente VALUES ('65249196532235','Localiza  Aluguel');
INSERT INTO cliente VALUES ('48731659959757','M. Dias');
INSERT INTO cliente VALUES ('56327963523623','B2W Varejo');
INSERT INTO cliente VALUES ('44275515822161','Gradiente  Computadores');
INSERT INTO cliente VALUES ('43518343123326','Troller  Fabricantes');
INSERT INTO cliente VALUES ('44329841926868','Votorantim  Papel');
INSERT INTO cliente VALUES ('57416536723521','Grupo Schincariol');
INSERT INTO cliente VALUES ('63942321432162','Garoto  Bebidas');
INSERT INTO cliente VALUES ('68799722948579','Megatube  Software');
INSERT INTO cliente VALUES ('79726195817937','Telequartz  Mineração');
INSERT INTO cliente VALUES ('49548155944589','Eletrobrás  Utilitários');
INSERT INTO cliente VALUES ('88267353828123','Banco BMG');
INSERT INTO cliente VALUES ('57912634612282','DocDigital  Digitalização');
INSERT INTO cliente VALUES ('63263711789328','Universo Online');
INSERT INTO cliente VALUES ('17673712114243','Drogasil  Drogarias');
INSERT INTO cliente VALUES ('13744922376121','TV Cultura');
INSERT INTO cliente VALUES ('27519581186556','Petróleo Ipiranga');
INSERT INTO cliente VALUES ('28542893824528','Transmissão Paulista');
INSERT INTO cliente VALUES ('31892846956395','Rico Linhas');
INSERT INTO cliente VALUES ('31583535646416','Insinuante  Varejo');
INSERT INTO cliente VALUES ('13858159882622','Rede Record');
INSERT INTO cliente VALUES ('72915664468234','Rossi Residencial');
INSERT INTO cliente VALUES ('24892684838944','Grendene  Vestuário,');
INSERT INTO cliente VALUES ('81469922822532','WEG Indústrias');
INSERT INTO cliente VALUES ('12688859223945','Copel  Utilitários');
INSERT INTO cliente VALUES ('68931826397446','RedeTV!  Mídia');
INSERT INTO cliente VALUES ('48561267417794','Total Linhas');
INSERT INTO cliente VALUES ('99443352843151','Companhia  Indústria');
INSERT INTO cliente VALUES ('56756444114214','Grupo Abril');
INSERT INTO cliente VALUES ('48456483488493','Telesp  Telecomunicações');
INSERT INTO cliente VALUES ('83514637295758','Bravox  Computadores');
INSERT INTO cliente VALUES ('68335491474951','Eletrobras Furnas');
INSERT INTO cliente VALUES ('54796673574722','NKF Acessórios');
INSERT INTO cliente VALUES ('27927972661639','Fabral  Fabricantes');
INSERT INTO cliente VALUES ('13623132583611','Banco Bradesco');
INSERT INTO cliente VALUES ('29248348439557','Ricardo Eletro');
INSERT INTO cliente VALUES ('82529926942364','Banrisul  Serviços');
INSERT INTO cliente VALUES ('19886157696946','Companhia  Indústria');
INSERT INTO cliente VALUES ('69388859575247','Embratel  Telecommunicações');
INSERT INTO cliente VALUES ('13725272821719','CCR  Outro');
INSERT INTO cliente VALUES ('45625191389857','Embraer  Aeroespacial');
INSERT INTO cliente VALUES ('68838555273434','Tectoy  Brinquedos');
INSERT INTO cliente VALUES ('64743551837458','Companhia  Indústria');
INSERT INTO cliente VALUES ('24384683576765','Positivo Informática');
INSERT INTO cliente VALUES ('38892957235256','Lojas Amor');
INSERT INTO cliente VALUES ('29463276543895','BTG Pactual');
INSERT INTO cliente VALUES ('58693253681925','Ampla  Utilitários');
INSERT INTO cliente VALUES ('56544742131736','Bompreço  Varejista');
INSERT INTO cliente VALUES ('69669122877223','Scherm  Tecnologia');
INSERT INTO cliente VALUES ('74191842111493','Marcopolo  Fabricantes');
INSERT INTO cliente VALUES ('63526331696872','Metrô Rio');
INSERT INTO cliente VALUES ('48682639863676','Vivo  Telecomunicações');
INSERT INTO cliente VALUES ('46888344334346','Duratex  Metais');
INSERT INTO cliente VALUES ('41516128261669','Camargo Correa');
INSERT INTO cliente VALUES ('53723685669976','Petrobras  Energia');
INSERT INTO cliente VALUES ('19962692581419','Grupo Pão');
INSERT INTO cliente VALUES ('35679672264853','Hypermarcas  Conglomerados');
INSERT INTO cliente VALUES ('24231574155869','Bombril  Produtos');
INSERT INTO cliente VALUES ('54439861811972','Grupo EXBR');
INSERT INTO cliente VALUES ('49574361853457','Itaúsa  Conglomerado');
INSERT INTO cliente VALUES ('51792931612325','AutoBAn  Utilitários');
INSERT INTO cliente VALUES ('22524345519583','Caixa Econômica');
INSERT INTO cliente VALUES ('34214778618992','CPFL  Utilitários');
INSERT INTO cliente VALUES ('61632495247117','WebJet Linhas');
INSERT INTO cliente VALUES ('62731381895943','DERSA  Outro');
INSERT INTO cliente VALUES ('94395231751542','CEG  Utilitários');
INSERT INTO cliente VALUES ('58284477275979','Companhia  Indústria');
INSERT INTO cliente VALUES ('36446981625597','Gafisa  Construção');
INSERT INTO cliente VALUES ('65357594558398','Brasil Telecom');
INSERT INTO cliente VALUES ('99411982161896','Estrela  Brinquedos');
INSERT INTO cliente VALUES ('17956324111524','Gol Transportes');
INSERT INTO cliente VALUES ('92575163692737','Companhia Siderúrgica');
INSERT INTO cliente VALUES ('57625949874985','BM&F Bovespa');
INSERT INTO cliente VALUES ('42558158186518','Banpará  Serviços');
INSERT INTO cliente VALUES ('76198632991619','Grupo Folha');
INSERT INTO cliente VALUES ('99775159383445','Natura  Cuidados');
INSERT INTO cliente VALUES ('23714352324859','Queiroz Galvão');
INSERT INTO cliente VALUES ('58873115761266','TAM Airlines');
INSERT INTO cliente VALUES ('82412468476241','Fibria  Celulose');
INSERT INTO cliente VALUES ('16881665936184','Itaro  Automotivo');
INSERT INTO cliente VALUES ('43556969233967','Avibrás  Aeroespacial');
INSERT INTO cliente VALUES ('49174655199131','Klabin  Papel');
INSERT INTO cliente VALUES ('86378192443441','Mendes Júnior');
INSERT INTO cliente VALUES ('37297252476382','MRS Logística');
INSERT INTO cliente VALUES ('96821629517938','Grupo Guararapes');
INSERT INTO cliente VALUES ('18563489364663','Pantanal Linhas');
INSERT INTO cliente VALUES ('31241548349345','Cyrela Brazil');
INSERT INTO cliente VALUES ('75141574624368','MRV Engenharia');
INSERT INTO cliente VALUES ('26826975744844','CEMIG  Utilitários');
INSERT INTO cliente VALUES ('44933371547992','Agrale  Fabricantes');
INSERT INTO cliente VALUES ('34243828544238','Odebrecht  Construção');
INSERT INTO cliente VALUES ('69348111289346','Cielo  Serviços');
INSERT INTO cliente VALUES ('36459225774433','Helibrás  Fabricante');
INSERT INTO cliente VALUES ('17213678775831','Usiminas  Aço');
INSERT INTO cliente VALUES ('75823597851661','Gerdau  Aço');
INSERT INTO cliente VALUES ('93329547999385','Redecard  Serviços');
INSERT INTO cliente VALUES ('87353353347336','Amil  Seguro');
INSERT INTO cliente VALUES ('12977989295246','Azul Linhas');
INSERT INTO cliente VALUES ('27688822943818','Dafra  Motocicletas');
INSERT INTO cliente VALUES ('74463217198474','Taurus  Armas');
INSERT INTO cliente VALUES ('36381732592225','Celesc  Utilitários');
INSERT INTO cliente VALUES ('72182338735442','Acesita  Aço');
INSERT INTO cliente VALUES ('83121182257373','Banco Mercantil');
INSERT INTO cliente VALUES ('58479847462371','Britânia Eletrodomésticos');
INSERT INTO cliente VALUES ('93331848386699','Grupo RBS');
INSERT INTO cliente VALUES ('92569391696872','Hering  Vestuário,');
INSERT INTO cliente VALUES ('61693857334491','Andrade Gutierrez');
INSERT INTO cliente VALUES ('43559967951884','Embraco  Equipamentos');
INSERT INTO cliente VALUES ('26369829775995','Bradespar  Serviços');
INSERT INTO cliente VALUES ('68252239393761','Kepler Weber');
INSERT INTO cliente VALUES ('97324869194199','GVT  Telecomunicações');
INSERT INTO cliente VALUES ('73523666618766','Huge Networks');
INSERT INTO cliente VALUES ('62619347552869','Iochpe-Maxion  Fabricantes');
INSERT INTO cliente VALUES ('92657114985753','Fleury S.A.');
INSERT INTO cliente VALUES ('94623859977494','Banco Safra');
INSERT INTO cliente VALUES ('65912377182144','Copacol  Bebidas');
INSERT INTO cliente VALUES ('56151683439819','Leilão dos');
INSERT INTO cliente VALUES ('12515882759443','Braskem  Energia');
INSERT INTO cliente VALUES ('18412173311328','Cosan  Petroquímicos');
INSERT INTO cliente VALUES ('13918871381576','TIM  Telecomunicações');
INSERT INTO cliente VALUES ('34557382819318','Organizações Globo');
INSERT INTO cliente VALUES ('71448286578732','Calçados Beira-Rio');
INSERT INTO cliente VALUES ('43626923298561','Banestes  Serviços');
INSERT INTO cliente VALUES ('53847863353658','Net  Utilitários');
INSERT INTO cliente VALUES ('91661636638912','CESP  Utilitários');
INSERT INTO cliente VALUES ('12974751213352','América Latina');
INSERT INTO cliente VALUES ('65862954169821','Infraero  Utilitários');
INSERT INTO cliente VALUES ('19126128454626','Dynamine  Mineração');
INSERT INTO cliente VALUES ('88689134137185','Comgás  Utilitários');
INSERT INTO cliente VALUES ('68154612451245','Vale  Mineração');
INSERT INTO cliente VALUES ('69176616737516','Metaltex  Eletro-eletrônico');
INSERT INTO cliente VALUES ('21733244468489','Eletrosul  Utilitários');
INSERT INTO cliente VALUES ('88414541996293','Hoteis Othon');
INSERT INTO cliente VALUES ('72621723368485','Water Pumps');
INSERT INTO cliente VALUES ('71976443342925','Itautec  Tecnologia');
INSERT INTO cliente VALUES ('81212644861999','TRIP Linhas');
INSERT INTO cliente VALUES ('73852886862386','Golden Cross');
INSERT INTO cliente VALUES ('28766958545464','Panapaná Bijuterias');
INSERT INTO cliente VALUES ('89263893748932','Lojas Riachuelo');
INSERT INTO cliente VALUES ('84699268774221','Azaleia  Vestuário');
INSERT INTO cliente VALUES ('55378742168695','EBX  Conglomerado');
INSERT INTO cliente VALUES ('27114556156584','Intelbras  Tecnologia');
INSERT INTO cliente VALUES ('88926726832887','Bobs  Restaurantes');
INSERT INTO cliente VALUES ('25554944881328','Light  Utilitários');
INSERT INTO cliente VALUES ('13724245351446','Rede Globo');
INSERT INTO cliente VALUES ('92787817882672','Brasil Foods');
INSERT INTO cliente VALUES ('98716187522429','Arezzo  Vestuário,');
INSERT INTO cliente VALUES ('41552616949716','Lojas Americanas');
INSERT INTO cliente VALUES ('91542823937162','Banco do');
INSERT INTO cliente VALUES ('76757927886975','Nacional Soft');
INSERT INTO cliente VALUES ('44823932263754','AmBev  Bebidas');
INSERT INTO cliente VALUES ('24176416359664','Itau Unibanco');
INSERT INTO cliente VALUES ('91188946933911','Ultrapar  Energia');
INSERT INTO cliente VALUES ('92377984157279','OceanAir  Companhia');
INSERT INTO cliente VALUES ('39379491992678','Localiza  Aluguel');
INSERT INTO cliente VALUES ('69695182494516','M. Dias');
INSERT INTO cliente VALUES ('55732721939964','B2W Varejo');
INSERT INTO cliente VALUES ('17497831993996','Gradiente  Computadores');
INSERT INTO cliente VALUES ('77495395676776','Troller  Fabricantes');
INSERT INTO cliente VALUES ('65791617927713','Votorantim  Papel');
INSERT INTO cliente VALUES ('11525894896461','Grupo Schincariol');
INSERT INTO cliente VALUES ('95314959964584','Garoto  Bebidas');
INSERT INTO cliente VALUES ('66381645527176','Megatube  Software');
INSERT INTO cliente VALUES ('11986395627628','Telequartz  Mineração');
INSERT INTO cliente VALUES ('91719654773748','Eletrobrás  Utilitários');
INSERT INTO cliente VALUES ('42118646327717','Banco BMG');
INSERT INTO cliente VALUES ('91588663955186','DocDigital  Digitalização');
INSERT INTO cliente VALUES ('58565494326243','Universo Online');
INSERT INTO cliente VALUES ('34687397294621','Drogasil  Drogarias');
INSERT INTO cliente VALUES ('43762574972633','TV Cultura');
INSERT INTO cliente VALUES ('54771617765127','Petróleo Ipiranga');
INSERT INTO cliente VALUES ('32881568354895','Transmissão Paulista');
INSERT INTO cliente VALUES ('52325381463199','Rico Linhas');
INSERT INTO cliente VALUES ('66413259692298','Insinuante  Varejo');
INSERT INTO cliente VALUES ('51766217769788','Rede Record');
INSERT INTO cliente VALUES ('32417472442679','Rossi Residencial');
INSERT INTO cliente VALUES ('84512837872262','Grendene  Vestuário,');
INSERT INTO cliente VALUES ('87483917324995','WEG Indústrias');
INSERT INTO cliente VALUES ('29158612799394','Copel  Utilitários');
INSERT INTO cliente VALUES ('68568733496332','RedeTV!  Mídia');
INSERT INTO cliente VALUES ('63776462939215','Total Linhas');
INSERT INTO cliente VALUES ('72112275861189','Companhia  Indústria');
INSERT INTO cliente VALUES ('99738257956382','Grupo Abril');
INSERT INTO cliente VALUES ('97781317373939','Telesp  Telecomunicações');
INSERT INTO cliente VALUES ('31539642216638','Bravox  Computadores');
INSERT INTO cliente VALUES ('88112187332431','Eletrobras Furnas');
INSERT INTO cliente VALUES ('48173358688316','NKF Acessórios');
INSERT INTO cliente VALUES ('87552127325737','Fabral  Fabricantes');
INSERT INTO cliente VALUES ('55828265851163','Banco Bradesco');
INSERT INTO cliente VALUES ('98873783821472','Ricardo Eletro');
INSERT INTO cliente VALUES ('94539534557732','Banrisul  Serviços');
INSERT INTO cliente VALUES ('21367432146699','Companhia  Indústria');
INSERT INTO cliente VALUES ('28528826162553','Embratel  Telecommunicações');
INSERT INTO cliente VALUES ('45917159768931','CCR  Outro');
INSERT INTO cliente VALUES ('44873621434615','Embraer  Aeroespacial');
INSERT INTO cliente VALUES ('54333973867243','Tectoy  Brinquedos');
INSERT INTO cliente VALUES ('86556237411369','Companhia  Indústria');
INSERT INTO cliente VALUES ('99691813678581','Positivo Informática');
INSERT INTO cliente VALUES ('99517884725726','Lojas Amor');
INSERT INTO cliente VALUES ('81463461141835','BTG Pactual');
INSERT INTO cliente VALUES ('66544839646142','Ampla  Utilitários');
INSERT INTO cliente VALUES ('23913725712927','Bompreço  Varejista');
INSERT INTO cliente VALUES ('88627191592623','Scherm  Tecnologia');
INSERT INTO cliente VALUES ('89995824889528','Marcopolo  Fabricantes');
INSERT INTO cliente VALUES ('62538591344933','Metrô Rio');
INSERT INTO cliente VALUES ('54688782584137','Vivo  Telecomunicações');
INSERT INTO cliente VALUES ('66626625935638','Duratex  Metais');
INSERT INTO cliente VALUES ('19847889868299','Camargo Correa');
INSERT INTO cliente VALUES ('75583412717635','Petrobras  Energia');
INSERT INTO cliente VALUES ('76477898853789','Grupo Pão');
INSERT INTO cliente VALUES ('59327788935527','Hypermarcas  Conglomerados');
INSERT INTO cliente VALUES ('39811784442944','Bombril  Produtos');
INSERT INTO cliente VALUES ('64693344829569','Grupo EXBR');
INSERT INTO cliente VALUES ('28623988954177','Itaúsa  Conglomerado');
INSERT INTO cliente VALUES ('71311323295257','AutoBAn  Utilitários');
INSERT INTO cliente VALUES ('95359772867883','Caixa Econômica');
INSERT INTO cliente VALUES ('34122897918734','CPFL  Utilitários');
INSERT INTO cliente VALUES ('99963586428557','WebJet Linhas');
INSERT INTO cliente VALUES ('28388738856557','DERSA  Outro');
INSERT INTO cliente VALUES ('33916844896379','CEG  Utilitários');
INSERT INTO cliente VALUES ('17899793284312','Companhia  Indústria');
INSERT INTO cliente VALUES ('54137397975121','Gafisa  Construção');
INSERT INTO cliente VALUES ('26238783432362','Brasil Telecom');
INSERT INTO cliente VALUES ('28196886954953','Estrela  Brinquedos');
INSERT INTO cliente VALUES ('11112457217538','Gol Transportes');
INSERT INTO cliente VALUES ('32925827749937','Companhia Siderúrgica');
INSERT INTO cliente VALUES ('95233214251894','BM&F Bovespa');
INSERT INTO cliente VALUES ('88473951923117','Banpará  Serviços');
INSERT INTO cliente VALUES ('55855418634395','Grupo Folha');
INSERT INTO fornecedor VALUES ('28877657316458','Nacional Soft');
INSERT INTO fornecedor VALUES ('89937689711651','AmBev  Bebidas');
INSERT INTO fornecedor VALUES ('78454526435479','Itau Unibanco');
INSERT INTO fornecedor VALUES ('21436994841879','Ultrapar  Energia');
INSERT INTO fornecedor VALUES ('83755674698581','OceanAir  Companhia');
INSERT INTO fornecedor VALUES ('65249196532235','Localiza  Aluguel');
INSERT INTO fornecedor VALUES ('48731659959757','M. Dias');
INSERT INTO fornecedor VALUES ('56327963523623','B2W Varejo');
INSERT INTO fornecedor VALUES ('44275515822161','Gradiente  Computadores');
INSERT INTO fornecedor VALUES ('43518343123326','Troller  Fabricantes');
INSERT INTO fornecedor VALUES ('44329841926868','Votorantim  Papel');
INSERT INTO fornecedor VALUES ('57416536723521','Grupo Schincariol');
INSERT INTO fornecedor VALUES ('63942321432162','Garoto  Bebidas');
INSERT INTO fornecedor VALUES ('68799722948579','Megatube  Software');
INSERT INTO fornecedor VALUES ('79726195817937','Telequartz  Mineração');
INSERT INTO fornecedor VALUES ('49548155944589','Eletrobrás  Utilitários');
INSERT INTO fornecedor VALUES ('88267353828123','Banco BMG');
INSERT INTO fornecedor VALUES ('57912634612282','DocDigital  Digitalização');
INSERT INTO fornecedor VALUES ('63263711789328','Universo Online');
INSERT INTO fornecedor VALUES ('17673712114243','Drogasil  Drogarias');
INSERT INTO fornecedor VALUES ('13744922376121','TV Cultura');
INSERT INTO fornecedor VALUES ('27519581186556','Petróleo Ipiranga');
INSERT INTO fornecedor VALUES ('28542893824528','Transmissão Paulista');
INSERT INTO fornecedor VALUES ('31892846956395','Rico Linhas');
INSERT INTO fornecedor VALUES ('31583535646416','Insinuante  Varejo');
INSERT INTO fornecedor VALUES ('13858159882622','Rede Record');
INSERT INTO fornecedor VALUES ('72915664468234','Rossi Residencial');
INSERT INTO fornecedor VALUES ('24892684838944','Grendene  Vestuário,');
INSERT INTO fornecedor VALUES ('81469922822532','WEG Indústrias');
INSERT INTO fornecedor VALUES ('12688859223945','Copel  Utilitários');
INSERT INTO fornecedor VALUES ('68931826397446','RedeTV!  Mídia');
INSERT INTO fornecedor VALUES ('48561267417794','Total Linhas');
INSERT INTO fornecedor VALUES ('99443352843151','Companhia  Indústria');
INSERT INTO fornecedor VALUES ('56756444114214','Grupo Abril');
INSERT INTO fornecedor VALUES ('48456483488493','Telesp  Telecomunicações');
INSERT INTO fornecedor VALUES ('83514637295758','Bravox  Computadores');
INSERT INTO fornecedor VALUES ('68335491474951','Eletrobras Furnas');
INSERT INTO fornecedor VALUES ('54796673574722','NKF Acessórios');
INSERT INTO fornecedor VALUES ('27927972661639','Fabral  Fabricantes');
INSERT INTO fornecedor VALUES ('13623132583611','Banco Bradesco');
INSERT INTO fornecedor VALUES ('29248348439557','Ricardo Eletro');
INSERT INTO fornecedor VALUES ('82529926942364','Banrisul  Serviços');
INSERT INTO fornecedor VALUES ('19886157696946','Companhia  Indústria');
INSERT INTO fornecedor VALUES ('69388859575247','Embratel  Telecommunicações');
INSERT INTO fornecedor VALUES ('13725272821719','CCR  Outro');
INSERT INTO fornecedor VALUES ('45625191389857','Embraer  Aeroespacial');
INSERT INTO fornecedor VALUES ('68838555273434','Tectoy  Brinquedos');
INSERT INTO fornecedor VALUES ('64743551837458','Companhia  Indústria');
INSERT INTO fornecedor VALUES ('24384683576765','Positivo Informática');
INSERT INTO fornecedor VALUES ('38892957235256','Lojas Amor');
INSERT INTO fornecedor VALUES ('29463276543895','BTG Pactual');
INSERT INTO fornecedor VALUES ('58693253681925','Ampla  Utilitários');
INSERT INTO fornecedor VALUES ('56544742131736','Bompreço  Varejista');
INSERT INTO fornecedor VALUES ('69669122877223','Scherm  Tecnologia');
INSERT INTO fornecedor VALUES ('74191842111493','Marcopolo  Fabricantes');
INSERT INTO fornecedor VALUES ('63526331696872','Metrô Rio');
INSERT INTO fornecedor VALUES ('48682639863676','Vivo  Telecomunicações');
INSERT INTO fornecedor VALUES ('46888344334346','Duratex  Metais');
INSERT INTO transportadora VALUES ('28877657316458','Nacional Soft');
INSERT INTO transportadora VALUES ('89937689711651','AmBev  Bebidas');
INSERT INTO transportadora VALUES ('78454526435479','Itau Unibanco');
INSERT INTO transportadora VALUES ('21436994841879','Ultrapar  Energia');
INSERT INTO transportadora VALUES ('83755674698581','OceanAir  Companhia');
INSERT INTO transportadora VALUES ('65249196532235','Localiza  Aluguel');
INSERT INTO transportadora VALUES ('48731659959757','M. Dias');
INSERT INTO transportadora VALUES ('56327963523623','B2W Varejo');
INSERT INTO transportadora VALUES ('44275515822161','Gradiente  Computadores');
INSERT INTO transportadora VALUES ('43518343123326','Troller  Fabricantes');
INSERT INTO transportadora VALUES ('44329841926868','Votorantim  Papel');
INSERT INTO transportadora VALUES ('57416536723521','Grupo Schincariol');
INSERT INTO transportadora VALUES ('63942321432162','Garoto  Bebidas');
INSERT INTO transportadora VALUES ('68799722948579','Megatube  Software');
INSERT INTO transportadora VALUES ('79726195817937','Telequartz  Mineração');
INSERT INTO transportadora VALUES ('49548155944589','Eletrobrás  Utilitários');
INSERT INTO transportadora VALUES ('88267353828123','Banco BMG');
INSERT INTO transportadora VALUES ('57912634612282','DocDigital  Digitalização');
INSERT INTO transportadora VALUES ('63263711789328','Universo Online');
INSERT INTO transportadora VALUES ('17673712114243','Drogasil  Drogarias');
INSERT INTO transportadora VALUES ('13744922376121','TV Cultura');
INSERT INTO transportadora VALUES ('27519581186556','Petróleo Ipiranga');
INSERT INTO transportadora VALUES ('28542893824528','Transmissão Paulista');
INSERT INTO transportadora VALUES ('31892846956395','Rico Linhas');
INSERT INTO transportadora VALUES ('31583535646416','Insinuante  Varejo');
INSERT INTO transportadora VALUES ('13858159882622','Rede Record');
INSERT INTO transportadora VALUES ('72915664468234','Rossi Residencial');
INSERT INTO transportadora VALUES ('24892684838944','Grendene  Vestuário,');
INSERT INTO transportadora VALUES ('81469922822532','WEG Indústrias');
INSERT INTO transportadora VALUES ('12688859223945','Copel  Utilitários');
INSERT INTO transportadora VALUES ('68931826397446','RedeTV!  Mídia');
INSERT INTO transportadora VALUES ('48561267417794','Total Linhas');
INSERT INTO transportadora VALUES ('99443352843151','Companhia  Indústria');
INSERT INTO transportadora VALUES ('56756444114214','Grupo Abril');
INSERT INTO transportadora VALUES ('48456483488493','Telesp  Telecomunicações');
INSERT INTO transportadora VALUES ('83514637295758','Bravox  Computadores');
INSERT INTO transportadora VALUES ('68335491474951','Eletrobras Furnas');
INSERT INTO transportadora VALUES ('54796673574722','NKF Acessórios');
INSERT INTO transportadora VALUES ('27927972661639','Fabral  Fabricantes');
INSERT INTO transportadora VALUES ('13623132583611','Banco Bradesco');
INSERT INTO transportadora VALUES ('29248348439557','Ricardo Eletro');
INSERT INTO transportadora VALUES ('82529926942364','Banrisul  Serviços');
INSERT INTO transportadora VALUES ('19886157696946','Companhia  Indústria');
INSERT INTO transportadora VALUES ('69388859575247','Embratel  Telecommunicações');
INSERT INTO transportadora VALUES ('13725272821719','CCR  Outro');
INSERT INTO transportadora VALUES ('45625191389857','Embraer  Aeroespacial');
INSERT INTO transportadora VALUES ('68838555273434','Tectoy  Brinquedos');
INSERT INTO transportadora VALUES ('64743551837458','Companhia  Indústria');
INSERT INTO transportadora VALUES ('24384683576765','Positivo Informática');
INSERT INTO transportadora VALUES ('38892957235256','Lojas Amor');
INSERT INTO transportadora VALUES ('29463276543895','BTG Pactual');
INSERT INTO transportadora VALUES ('58693253681925','Ampla  Utilitários');
INSERT INTO transportadora VALUES ('56544742131736','Bompreço  Varejista');
INSERT INTO transportadora VALUES ('69669122877223','Scherm  Tecnologia');
INSERT INTO transportadora VALUES ('74191842111493','Marcopolo  Fabricantes');
INSERT INTO transportadora VALUES ('63526331696872','Metrô Rio');
INSERT INTO transportadora VALUES ('48682639863676','Vivo  Telecomunicações');
INSERT INTO transportadora VALUES ('46888344334346','Duratex  Metais');
INSERT INTO transportadora VALUES ('41516128261669','Camargo Correa');
INSERT INTO transportadora VALUES ('53723685669976','Petrobras  Energia');
INSERT INTO transportadora VALUES ('19962692581419','Grupo Pão');
INSERT INTO transportadora VALUES ('35679672264853','Hypermarcas  Conglomerados');
INSERT INTO transportadora VALUES ('24231574155869','Bombril  Produtos');
INSERT INTO transportadora VALUES ('54439861811972','Grupo EXBR');
INSERT INTO transportadora VALUES ('49574361853457','Itaúsa  Conglomerado');
INSERT INTO transportadora VALUES ('51792931612325','AutoBAn  Utilitários');
INSERT INTO transportadora VALUES ('22524345519583','Caixa Econômica');
INSERT INTO transportadora VALUES ('34214778618992','CPFL  Utilitários');
INSERT INTO transportadora VALUES ('61632495247117','WebJet Linhas');
INSERT INTO transportadora VALUES ('62731381895943','DERSA  Outro');
INSERT INTO transportadora VALUES ('94395231751542','CEG  Utilitários');
INSERT INTO transportadora VALUES ('58284477275979','Companhia  Indústria');
INSERT INTO transportadora VALUES ('36446981625597','Gafisa  Construção');
INSERT INTO transportadora VALUES ('65357594558398','Brasil Telecom');
INSERT INTO transportadora VALUES ('99411982161896','Estrela  Brinquedos');
INSERT INTO transportadora VALUES ('17956324111524','Gol Transportes');
INSERT INTO transportadora VALUES ('92575163692737','Companhia Siderúrgica');
INSERT INTO transportadora VALUES ('57625949874985','BM&F Bovespa');
INSERT INTO transportadora VALUES ('42558158186518','Banpará  Serviços');
INSERT INTO transportadora VALUES ('76198632991619','Grupo Folha');
INSERT INTO transportadora VALUES ('99775159383445','Natura  Cuidados');
INSERT INTO transportadora VALUES ('23714352324859','Queiroz Galvão');
INSERT INTO transportadora VALUES ('58873115761266','TAM Airlines');
INSERT INTO transportadora VALUES ('82412468476241','Fibria  Celulose');
INSERT INTO transportadora VALUES ('16881665936184','Itaro  Automotivo');
INSERT INTO transportadora VALUES ('43556969233967','Avibrás  Aeroespacial');
INSERT INTO transportadora VALUES ('49174655199131','Klabin  Papel');
INSERT INTO transportadora VALUES ('86378192443441','Mendes Júnior');
INSERT INTO transportadora VALUES ('37297252476382','MRS Logística');
INSERT INTO transportadora VALUES ('96821629517938','Grupo Guararapes');
INSERT INTO transportadora VALUES ('18563489364663','Pantanal Linhas');
INSERT INTO transportadora VALUES ('31241548349345','Cyrela Brazil');
INSERT INTO transportadora VALUES ('75141574624368','MRV Engenharia');
INSERT INTO transportadora VALUES ('26826975744844','CEMIG  Utilitários');
INSERT INTO transportadora VALUES ('44933371547992','Agrale  Fabricantes');
INSERT INTO transportadora VALUES ('34243828544238','Odebrecht  Construção');
INSERT INTO transportadora VALUES ('69348111289346','Cielo  Serviços');
INSERT INTO transportadora VALUES ('36459225774433','Helibrás  Fabricante');
INSERT INTO transportadora VALUES ('17213678775831','Usiminas  Aço');
INSERT INTO transportadora VALUES ('75823597851661','Gerdau  Aço');
INSERT INTO transportadora VALUES ('93329547999385','Redecard  Serviços');
INSERT INTO transportadora VALUES ('87353353347336','Amil  Seguro');
INSERT INTO transportadora VALUES ('12977989295246','Azul Linhas');
INSERT INTO transportadora VALUES ('27688822943818','Dafra  Motocicletas');
INSERT INTO transportadora VALUES ('74463217198474','Taurus  Armas');
INSERT INTO transportadora VALUES ('36381732592225','Celesc  Utilitários');
INSERT INTO transportadora VALUES ('72182338735442','Acesita  Aço');
INSERT INTO transportadora VALUES ('83121182257373','Banco Mercantil');
INSERT INTO transportadora VALUES ('58479847462371','Britânia Eletrodomésticos');
INSERT INTO transportadora VALUES ('93331848386699','Grupo RBS');
INSERT INTO transportadora VALUES ('92569391696872','Hering  Vestuário,');
INSERT INTO estoque VALUES ('Rua do dublagem, 68, Distrito Federal - DF','18745','7486');
INSERT INTO estoque VALUES ('Rua do interrogacao, 344, Bahia - BA','40908','1938');
INSERT INTO estoque VALUES ('Rua do envergar, 27, Piauí - PI','29390','8929');
INSERT INTO estoque VALUES ('Rua do roseira, 519, São Paulo - SP','36383','9377');
INSERT INTO estoque VALUES ('Rua do mesinha-de-cabeceira, 538, Rio de Janeiro - RJ','28543','2283');
INSERT INTO estoque VALUES ('Rua do descolar, 576, Piauí - PI','19469','575');
INSERT INTO estoque VALUES ('Rua do degradar, 51, Santa Catarina - SC','15021','7173');
INSERT INTO estoque VALUES ('Rua do lacrimal, 273, Alagoas - AL','36310','4764');
INSERT INTO estoque VALUES ('Rua do ri, 891, Alagoas - AL','10854','1504');
INSERT INTO estoque VALUES ('Rua do telegrama, 669, Pernambuco - PE','22141','7748');
INSERT INTO estoque VALUES ('Rua do acrimonioso, 727, Mato Grosso - MT','26714','2359');
INSERT INTO estoque VALUES ('Rua do grinalda, 463, Paraná - PR','22359','6833');
INSERT INTO estoque VALUES ('Rua do aspergir, 877, Espírito Santo - ES','34646','3633');
INSERT INTO estoque VALUES ('Rua do sulino, 892, Pará - PA','25062','8484');
INSERT INTO estoque VALUES ('Rua do calibrador, 160, Rio de Janeiro - RJ','13398','9592');
INSERT INTO estoque VALUES ('Rua do monarca, 203, Alagoas - AL','23663','7818');
INSERT INTO estoque VALUES ('Rua do revirado, 435, Sergipe - SE','15241','3193');
INSERT INTO estoque VALUES ('Rua do moinho, 553, Rio de Janeiro - RJ','23264','2315');
INSERT INTO estoque VALUES ('Rua do cobra, 60, Paraná - PR','28296','1532');
INSERT INTO estoque VALUES ('Rua do aumentados, 826, Pará - PA','32176','586');
INSERT INTO estoque VALUES ('Rua do strip-tease, 283, Rio de Janeiro - RJ','39726','9760');
INSERT INTO estoque VALUES ('Rua do transtorno, 946, Bahia - BA','23341','1085');
INSERT INTO estoque VALUES ('Rua do centopeia, 272, Acre - AC','22732','8464');
INSERT INTO estoque VALUES ('Rua do sinistro, 873, Roraima - RR','34062','9049');
INSERT INTO estoque VALUES ('Rua do piscar, 214, Santa Catarina - SC','15933','443');
INSERT INTO estoque VALUES ('Rua do primario, 149, Rio Grande do Sul - RS','23698','4646');
INSERT INTO estoque VALUES ('Rua do atolado, 711, Sergipe - SE','22983','621');
INSERT INTO estoque VALUES ('Rua do aparentado, 977, Mato Grosso do Sul - MS','22916','4020');
INSERT INTO estoque VALUES ('Rua do descabelar, 788, Alagoas - AL','11744','6031');
INSERT INTO estoque VALUES ('Rua do sinistrado, 61, Ceará - CE','13312','251');
INSERT INTO estoque VALUES ('Rua do deslizamento, 567, Acre - AC','11431','8544');
INSERT INTO estoque VALUES ('Rua do forcado, 532, Maranhão - MA','27071','7926');
INSERT INTO estoque VALUES ('Rua do proximo, 6, Piauí - PI','20848','8091');
INSERT INTO estoque VALUES ('Rua do constar, 226, Goiás - GO','25869','6717');
INSERT INTO lote_insumo VALUES ('00109','01/01/2000','50');
INSERT INTO lote_insumo VALUES ('00547','01/03/2003','102');
INSERT INTO lote_insumo VALUES ('00801','01/04/2005','30');
INSERT INTO lote_insumo VALUES ('00916','01/04/2015','38');
INSERT INTO lote_insumo VALUES ('00961','01/05/2002','119');
INSERT INTO lote_insumo VALUES ('02529','01/06/2001','80');
INSERT INTO lote_insumo VALUES ('03056','01/07/1995','80');
INSERT INTO lote_insumo VALUES ('03077','01/07/2000','118');
INSERT INTO lote_insumo VALUES ('03298','01/08/2001','84');
INSERT INTO lote_insumo VALUES ('04010','01/08/2009','109');
INSERT INTO lote_insumo VALUES ('04231','01/10/1991','40');
INSERT INTO lote_insumo VALUES ('04454','01/10/1999','55');
INSERT INTO lote_insumo VALUES ('04557','01/10/2001','93');
INSERT INTO lote_insumo VALUES ('04698','01/11/2006','118');
INSERT INTO lote_insumo VALUES ('04701','01/11/2007','32');
INSERT INTO lote_insumo VALUES ('04761','01/13/2008','113');
INSERT INTO lote_insumo VALUES ('04766','01/13/2009','111');
INSERT INTO lote_insumo VALUES ('05211','01/13/2013','62');
INSERT INTO lote_insumo VALUES ('05704','01/14/2007','38');
INSERT INTO lote_insumo VALUES ('05850','01/15/2008','95');
INSERT INTO lote_insumo VALUES ('05891','01/15/2013','73');
INSERT INTO lote_insumo VALUES ('05935','01/16/1991','64');
INSERT INTO lote_insumo VALUES ('06363','01/16/2000','56');
INSERT INTO lote_insumo VALUES ('07110','01/17/2010','40');
INSERT INTO lote_insumo VALUES ('07264','01/17/2015','51');
INSERT INTO lote_insumo VALUES ('07597','01/18/1990','87');
INSERT INTO lote_insumo VALUES ('08029','01/18/2001','83');
INSERT INTO lote_insumo VALUES ('08374','01/18/2013','40');
INSERT INTO lote_insumo VALUES ('08497','01/20/2000','97');
INSERT INTO lote_insumo VALUES ('08559','01/20/2014','103');
INSERT INTO lote_insumo VALUES ('08643','01/23/1998','55');
INSERT INTO lote_insumo VALUES ('08677','01/23/2004','46');
INSERT INTO lote_insumo VALUES ('09345','01/23/2013','88');
INSERT INTO lote_insumo VALUES ('09399','01/24/1995','47');
INSERT INTO lote_insumo VALUES ('09668','01/24/2004','62');
INSERT INTO lote_insumo VALUES ('09963','01/25/2006','92');
INSERT INTO lote_insumo VALUES ('10049','01/25/2012','105');
INSERT INTO lote_insumo VALUES ('10185','01/27/1994','33');
INSERT INTO lote_insumo VALUES ('10422','01/27/2011','31');
INSERT INTO lote_insumo VALUES ('11235','01/29/2003','56');
INSERT INTO lote_insumo VALUES ('11597','01/29/2011','119');
INSERT INTO lote_insumo VALUES ('11626','02/01/1996','45');
INSERT INTO lote_insumo VALUES ('11688','02/02/2002','110');
INSERT INTO lote_insumo VALUES ('11932','02/02/2003','116');
INSERT INTO lote_insumo VALUES ('12084','02/05/1999','50');
INSERT INTO lote_insumo VALUES ('12105','02/05/2006','98');
INSERT INTO lote_insumo VALUES ('12177','02/09/2005','102');
INSERT INTO lote_insumo VALUES ('12200','02/09/2007','82');
INSERT INTO lote_insumo VALUES ('12434','02/09/2014','83');
INSERT INTO lote_insumo VALUES ('12743','02/10/1995','119');
INSERT INTO lote_insumo VALUES ('12793','02/10/2000','75');
INSERT INTO lote_insumo VALUES ('12831','02/11/1993','49');
INSERT INTO lote_insumo VALUES ('12900','02/11/2005','115');
INSERT INTO lote_insumo VALUES ('12973','02/12/2005','36');
INSERT INTO lote_insumo VALUES ('13257','02/13/2004','38');
INSERT INTO lote_insumo VALUES ('13278','02/15/2000','113');
INSERT INTO lote_insumo VALUES ('13286','02/15/2002','57');
INSERT INTO lote_insumo VALUES ('13402','02/15/2012','78');
INSERT INTO lote_insumo VALUES ('13506','02/17/1991','116');
INSERT INTO lote_insumo VALUES ('13532','02/17/1999','41');
INSERT INTO lote_insumo VALUES ('13736','02/17/2011','96');
INSERT INTO lote_insumo VALUES ('14083','02/17/2013','94');
INSERT INTO lote_insumo VALUES ('14140','02/19/1990','88');
INSERT INTO lote_insumo VALUES ('14527','02/20/1997','51');
INSERT INTO lote_insumo VALUES ('14606','02/20/1999','68');
INSERT INTO lote_insumo VALUES ('14918','02/20/2006','57');
INSERT INTO lote_insumo VALUES ('15562','02/20/2009','35');
INSERT INTO lote_insumo VALUES ('15583','02/22/2002','98');
INSERT INTO lote_insumo VALUES ('16025','02/22/2004','76');
INSERT INTO lote_insumo VALUES ('16031','02/23/1993','48');
INSERT INTO lote_insumo VALUES ('16174','02/23/2012','70');
INSERT INTO lote_insumo VALUES ('16237','02/24/2014','66');
INSERT INTO lote_insumo VALUES ('16375','02/25/1999','54');
INSERT INTO lote_insumo VALUES ('16442','02/26/1992','116');
INSERT INTO lote_insumo VALUES ('16593','02/26/1995','90');
INSERT INTO lote_insumo VALUES ('16625','02/27/2004','84');
INSERT INTO lote_insumo VALUES ('16718','02/28/2007','55');
INSERT INTO lote_insumo VALUES ('16779','02/28/2015','119');
INSERT INTO lote_insumo VALUES ('16978','02/29/2002','36');
INSERT INTO lote_insumo VALUES ('17249','02/29/2005','73');
INSERT INTO lote_insumo VALUES ('17459','02/29/2009','114');
INSERT INTO lote_insumo VALUES ('17485','03/01/1997','93');
INSERT INTO lote_insumo VALUES ('17515','03/02/1990','84');
INSERT INTO lote_insumo VALUES ('18135','03/02/2010','109');
INSERT INTO lote_insumo VALUES ('18633','03/04/2015','66');
INSERT INTO lote_insumo VALUES ('18717','03/08/1997','101');
INSERT INTO lote_insumo VALUES ('18738','03/08/2006','63');
INSERT INTO lote_insumo VALUES ('19502','03/09/1994','32');
INSERT INTO lote_insumo VALUES ('19547','03/09/1995','77');
INSERT INTO lote_insumo VALUES ('19763','03/09/2013','63');
INSERT INTO lote_insumo VALUES ('19861','03/10/1996','87');
INSERT INTO lote_insumo VALUES ('20140','03/11/2003','39');
INSERT INTO lote_insumo VALUES ('20389','03/11/2007','74');
INSERT INTO lote_insumo VALUES ('20905','03/13/1994','66');
INSERT INTO lote_insumo VALUES ('21342','03/13/1997','98');
INSERT INTO lote_insumo VALUES ('21439','03/13/2010','50');
INSERT INTO lote_insumo VALUES ('21657','03/15/2015','63');
INSERT INTO lote_insumo VALUES ('22108','03/16/1993','76');
INSERT INTO lote_insumo VALUES ('22109','03/16/2004','103');
INSERT INTO lote_insumo VALUES ('22282','03/18/1990','59');
INSERT INTO lote_insumo VALUES ('22303','03/19/1999','37');
INSERT INTO lote_insumo VALUES ('22466','03/19/2002','119');
INSERT INTO lote_insumo VALUES ('22571','03/19/2005','93');
INSERT INTO lote_insumo VALUES ('22627','03/21/1998','96');
INSERT INTO lote_insumo VALUES ('22756','03/21/2009','31');
INSERT INTO lote_insumo VALUES ('23017','03/23/2009','40');
INSERT INTO lote_insumo VALUES ('23196','03/24/1996','90');
INSERT INTO lote_insumo VALUES ('23242','03/24/1999','43');
INSERT INTO lote_insumo VALUES ('23474','03/25/1995','102');
INSERT INTO lote_insumo VALUES ('23488','03/27/1998','30');
INSERT INTO lote_insumo VALUES ('23553','03/27/2000','106');
INSERT INTO lote_insumo VALUES ('23756','03/28/1997','106');
INSERT INTO lote_insumo VALUES ('23894','03/28/2001','98');
INSERT INTO lote_insumo VALUES ('24487','03/28/2012','81');
INSERT INTO lote_insumo VALUES ('24546','03/29/2008','108');
INSERT INTO lote_insumo VALUES ('24768','03/29/2011','84');
INSERT INTO lote_insumo VALUES ('25100','04/01/1992','30');
INSERT INTO lote_insumo VALUES ('25285','04/02/1993','67');
INSERT INTO lote_insumo VALUES ('25518','04/02/1994','77');
INSERT INTO lote_insumo VALUES ('25582','04/02/2008','89');
INSERT INTO lote_insumo VALUES ('26305','04/03/1999','74');
INSERT INTO lote_insumo VALUES ('27095','04/03/2009','101');
INSERT INTO lote_insumo VALUES ('27256','04/04/1990','109');
INSERT INTO lote_insumo VALUES ('27297','04/05/1999','105');
INSERT INTO lote_insumo VALUES ('27428','04/06/2015','82');
INSERT INTO lote_insumo VALUES ('27513','04/07/2009','86');
INSERT INTO lote_insumo VALUES ('27539','04/08/1995','55');
INSERT INTO lote_insumo VALUES ('27563','04/08/2006','101');
INSERT INTO lote_insumo VALUES ('28280','04/10/1990','93');
INSERT INTO lote_insumo VALUES ('28535','04/10/1992','80');
INSERT INTO lote_insumo VALUES ('28634','04/10/2002','81');
INSERT INTO lote_insumo VALUES ('28645','04/10/2003','87');
INSERT INTO lote_insumo VALUES ('28677','04/10/2008','68');
INSERT INTO lote_insumo VALUES ('28768','04/13/1997','97');
INSERT INTO lote_insumo VALUES ('28973','04/14/1992','75');
INSERT INTO lote_insumo VALUES ('29182','04/14/1999','117');
INSERT INTO lote_insumo VALUES ('29576','04/15/1991','116');
INSERT INTO lote_insumo VALUES ('29846','04/16/1991','64');
INSERT INTO lote_insumo VALUES ('30324','04/16/2007','67');
INSERT INTO lote_insumo VALUES ('30554','04/17/2002','70');
INSERT INTO lote_insumo VALUES ('30652','04/17/2009','98');
INSERT INTO lote_insumo VALUES ('30872','04/17/2014','111');
INSERT INTO lote_insumo VALUES ('31553','04/17/2015','62');
INSERT INTO lote_insumo VALUES ('31711','04/18/1994','67');
INSERT INTO lote_insumo VALUES ('31722','04/18/2004','37');
INSERT INTO lote_insumo VALUES ('31954','04/19/2001','63');
INSERT INTO lote_insumo VALUES ('32283','04/19/2008','34');
INSERT INTO lote_insumo VALUES ('32360','04/19/2013','53');
INSERT INTO lote_insumo VALUES ('32506','04/20/1990','57');
INSERT INTO lote_insumo VALUES ('32710','04/20/1995','93');
INSERT INTO lote_insumo VALUES ('32910','04/20/2003','78');
INSERT INTO lote_insumo VALUES ('33030','04/20/2005','117');
INSERT INTO lote_insumo VALUES ('33240','04/21/2000','94');
INSERT INTO lote_insumo VALUES ('33362','04/21/2009','42');
INSERT INTO lote_insumo VALUES ('33481','04/23/1995','108');
INSERT INTO lote_insumo VALUES ('33560','04/23/2010','98');
INSERT INTO lote_insumo VALUES ('33561','04/24/2005','95');
INSERT INTO lote_insumo VALUES ('34005','04/25/1999','104');
INSERT INTO lote_insumo VALUES ('34472','04/27/1990','33');
INSERT INTO lote_insumo VALUES ('34605','04/27/2008','48');
INSERT INTO lote_insumo VALUES ('34886','04/27/2012','109');
INSERT INTO lote_insumo VALUES ('34903','04/28/1991','102');
INSERT INTO lote_insumo VALUES ('35122','05/01/2005','89');
INSERT INTO lote_insumo VALUES ('35315','05/01/2011','94');
INSERT INTO lote_insumo VALUES ('35536','05/03/1999','66');
INSERT INTO lote_insumo VALUES ('35575','05/04/2001','80');
INSERT INTO lote_insumo VALUES ('35717','05/05/2002','82');
INSERT INTO lote_insumo VALUES ('35722','05/09/1998','101');
INSERT INTO lote_insumo VALUES ('35917','05/10/1997','75');
INSERT INTO lote_insumo VALUES ('36060','05/10/2002','38');
INSERT INTO lote_insumo VALUES ('36107','05/11/2007','108');
INSERT INTO lote_insumo VALUES ('36142','05/13/2012','83');
INSERT INTO lote_insumo VALUES ('36211','05/15/2008','77');
INSERT INTO lote_insumo VALUES ('36288','05/15/2015','111');
INSERT INTO lote_insumo VALUES ('36842','05/16/2000','36');
INSERT INTO lote_insumo VALUES ('36995','05/19/2000','82');
INSERT INTO lote_insumo VALUES ('37154','05/19/2006','51');
INSERT INTO lote_insumo VALUES ('37335','05/24/1990','56');
INSERT INTO lote_insumo VALUES ('37553','05/24/2004','43');
INSERT INTO lote_insumo VALUES ('37679','05/24/2012','108');
INSERT INTO lote_insumo VALUES ('37749','05/25/1991','47');
INSERT INTO lote_insumo VALUES ('37959','05/25/2009','111');
INSERT INTO lote_insumo VALUES ('38040','05/25/2010','52');
INSERT INTO lote_insumo VALUES ('38304','05/26/1992','39');
INSERT INTO lote_insumo VALUES ('38316','05/26/1998','91');
INSERT INTO lote_insumo VALUES ('38483','05/26/1999','95');
INSERT INTO lote_insumo VALUES ('38520','05/27/2014','50');
INSERT INTO lote_insumo VALUES ('38580','05/28/2001','52');
INSERT INTO lote_insumo VALUES ('38699','05/29/1995','95');
INSERT INTO lote_insumo VALUES ('38775','05/29/2003','79');
INSERT INTO lote_insumo VALUES ('39102','05/29/2006','49');
INSERT INTO lote_insumo VALUES ('39298','06/01/2001','58');
INSERT INTO lote_insumo VALUES ('39471','06/02/2004','96');
INSERT INTO lote_insumo VALUES ('40147','06/04/1997','60');
INSERT INTO lote_insumo VALUES ('40232','06/04/2010','36');
INSERT INTO lote_insumo VALUES ('40491','06/04/2012','102');
INSERT INTO lote_insumo VALUES ('40504','06/04/2013','82');
INSERT INTO lote_insumo VALUES ('40590','06/04/2014','66');
INSERT INTO lote_insumo VALUES ('40630','06/05/1994','31');
INSERT INTO lote_insumo VALUES ('41156','06/05/1995','34');
INSERT INTO lote_insumo VALUES ('41503','06/06/1992','96');
INSERT INTO lote_insumo VALUES ('41636','06/06/2003','76');
INSERT INTO lote_insumo VALUES ('41763','06/07/1995','48');
INSERT INTO lote_insumo VALUES ('41901','06/08/2002','56');
INSERT INTO lote_insumo VALUES ('41928','06/09/1998','46');
INSERT INTO lote_insumo VALUES ('42348','06/11/1994','97');
INSERT INTO lote_insumo VALUES ('42889','06/12/2002','53');
INSERT INTO lote_insumo VALUES ('43018','06/12/2007','92');
INSERT INTO lote_insumo VALUES ('43399','06/12/2013','92');
INSERT INTO lote_insumo VALUES ('43445','06/13/1992','61');
INSERT INTO lote_insumo VALUES ('43590','06/13/2004','46');
INSERT INTO lote_insumo VALUES ('43731','06/13/2010','55');
INSERT INTO lote_insumo VALUES ('43934','06/14/1999','89');
INSERT INTO lote_insumo VALUES ('44172','06/14/2006','62');
INSERT INTO lote_insumo VALUES ('44228','06/15/2001','114');
INSERT INTO lote_insumo VALUES ('44316','06/15/2006','109');
INSERT INTO lote_insumo VALUES ('44456','06/17/1999','66');
INSERT INTO lote_insumo VALUES ('44503','06/20/1990','49');
INSERT INTO lote_insumo VALUES ('44814','06/20/1993','32');
INSERT INTO lote_insumo VALUES ('44969','06/21/1990','34');
INSERT INTO lote_insumo VALUES ('45123','06/21/1996','76');
INSERT INTO lote_insumo VALUES ('45135','06/21/1998','60');
INSERT INTO lote_insumo VALUES ('45363','06/21/2013','33');
INSERT INTO lote_insumo VALUES ('45394','06/22/1990','44');
INSERT INTO lote_insumo VALUES ('45418','06/22/1995','87');
INSERT INTO lote_insumo VALUES ('45432','06/23/2005','68');
INSERT INTO lote_insumo VALUES ('45443','06/24/2000','67');
INSERT INTO lote_insumo VALUES ('45559','06/24/2010','51');
INSERT INTO lote_insumo VALUES ('45684','06/24/2012','34');
INSERT INTO lote_insumo VALUES ('46339','06/26/2011','94');
INSERT INTO lote_insumo VALUES ('46417','06/28/1995','33');
INSERT INTO lote_insumo VALUES ('46486','06/28/2011','36');
INSERT INTO lote_insumo VALUES ('46554','06/28/2015','63');
INSERT INTO lote_insumo VALUES ('46565','06/29/2015','58');
INSERT INTO lote_insumo VALUES ('46734','07/01/2002','59');
INSERT INTO lote_insumo VALUES ('46810','07/03/2014','34');
INSERT INTO lote_insumo VALUES ('46913','07/04/1997','109');
INSERT INTO lote_insumo VALUES ('46974','07/04/2000','50');
INSERT INTO lote_insumo VALUES ('47124','07/04/2002','79');
INSERT INTO lote_insumo VALUES ('47307','07/04/2007','95');
INSERT INTO lote_insumo VALUES ('47612','07/05/2015','113');
INSERT INTO lote_insumo VALUES ('47733','07/06/1999','30');
INSERT INTO lote_insumo VALUES ('48072','07/07/1991','81');
INSERT INTO lote_insumo VALUES ('48221','07/08/1994','58');
INSERT INTO lote_insumo VALUES ('48254','07/08/2011','65');
INSERT INTO lote_insumo VALUES ('48339','07/10/2005','79');
INSERT INTO lote_insumo VALUES ('48934','07/10/2012','116');
INSERT INTO lote_insumo VALUES ('48995','07/10/2013','66');
INSERT INTO lote_insumo VALUES ('49027','07/11/1993','97');
INSERT INTO lote_insumo VALUES ('49527','07/13/1999','47');
INSERT INTO lote_insumo VALUES ('49528','07/14/1996','30');
INSERT INTO lote_insumo VALUES ('49626','07/14/2014','103');
INSERT INTO lote_insumo VALUES ('49792','07/15/1994','109');
INSERT INTO lote_insumo VALUES ('49862','07/15/2001','95');
INSERT INTO lote_insumo VALUES ('49955','07/15/2015','112');
INSERT INTO lote_insumo VALUES ('50079','07/16/1997','71');
INSERT INTO lote_insumo VALUES ('50518','07/17/2012','45');
INSERT INTO lote_insumo VALUES ('50573','07/18/2001','53');
INSERT INTO lote_insumo VALUES ('50643','07/18/2006','99');
INSERT INTO lote_insumo VALUES ('50753','07/19/2003','64');
INSERT INTO lote_insumo VALUES ('50977','07/20/1991','103');
INSERT INTO lote_insumo VALUES ('51194','07/20/2014','70');
INSERT INTO lote_insumo VALUES ('51275','07/21/2011','61');
INSERT INTO lote_insumo VALUES ('51365','07/21/2014','71');
INSERT INTO lote_insumo VALUES ('51867','07/22/1997','84');
INSERT INTO lote_insumo VALUES ('52347','07/23/1994','108');
INSERT INTO lote_insumo VALUES ('53123','07/24/2002','42');
INSERT INTO lote_insumo VALUES ('53282','07/24/2007','89');
INSERT INTO lote_insumo VALUES ('53394','07/27/1992','66');
INSERT INTO lote_insumo VALUES ('53401','07/27/2010','118');
INSERT INTO lote_insumo VALUES ('53528','07/28/2003','86');
INSERT INTO lote_insumo VALUES ('53529','07/28/2004','111');
INSERT INTO lote_insumo VALUES ('53662','07/28/2008','43');
INSERT INTO lote_insumo VALUES ('53666','07/29/1998','44');
INSERT INTO lote_insumo VALUES ('54096','08/01/2002','36');
INSERT INTO lote_insumo VALUES ('54221','08/01/2008','82');
INSERT INTO lote_insumo VALUES ('54322','08/01/2013','105');
INSERT INTO lote_insumo VALUES ('54359','08/02/1995','111');
INSERT INTO lote_insumo VALUES ('54654','08/02/2001','85');
INSERT INTO lote_insumo VALUES ('54770','08/03/2011','87');
INSERT INTO lote_insumo VALUES ('54849','08/04/1992','71');
INSERT INTO lote_insumo VALUES ('54969','08/04/2014','86');
INSERT INTO lote_insumo VALUES ('55294','08/05/1990','78');
INSERT INTO lote_insumo VALUES ('55340','08/05/1998','71');
INSERT INTO lote_insumo VALUES ('55498','08/05/2010','82');
INSERT INTO lote_insumo VALUES ('55499','08/06/1991','40');
INSERT INTO lote_insumo VALUES ('55541','08/06/2008','35');
INSERT INTO lote_insumo VALUES ('55795','08/07/1998','85');
INSERT INTO lote_insumo VALUES ('55830','08/07/2014','78');
INSERT INTO lote_insumo VALUES ('56001','08/09/1997','118');
INSERT INTO lote_insumo VALUES ('56244','08/09/2000','104');
INSERT INTO lote_insumo VALUES ('56313','08/09/2005','67');
INSERT INTO lote_insumo VALUES ('56529','08/10/1993','52');
INSERT INTO lote_insumo VALUES ('56593','08/11/2008','96');
INSERT INTO lote_insumo VALUES ('56776','08/12/1994','73');
INSERT INTO lote_insumo VALUES ('56873','08/12/2002','69');
INSERT INTO lote_insumo VALUES ('57179','08/12/2012','86');
INSERT INTO lote_insumo VALUES ('57246','08/13/1990','110');
INSERT INTO lote_insumo VALUES ('57301','08/14/2000','33');
INSERT INTO lote_insumo VALUES ('57333','08/15/1998','36');
INSERT INTO lote_insumo VALUES ('57369','08/15/1999','88');
INSERT INTO lote_insumo VALUES ('57370','08/15/2008','90');
INSERT INTO lote_insumo VALUES ('57379','08/16/2005','88');
INSERT INTO lote_insumo VALUES ('57597','08/16/2011','79');
INSERT INTO lote_insumo VALUES ('57866','08/18/1991','55');
INSERT INTO lote_insumo VALUES ('58116','08/18/1995','117');
INSERT INTO lote_insumo VALUES ('58136','08/19/2004','30');
INSERT INTO lote_insumo VALUES ('58266','08/19/2008','108');
INSERT INTO lote_insumo VALUES ('58836','08/20/1994','115');
INSERT INTO lote_insumo VALUES ('58981','08/20/1996','74');
INSERT INTO lote_insumo VALUES ('59015','08/20/2001','97');
INSERT INTO lote_insumo VALUES ('59120','08/20/2008','111');
INSERT INTO lote_insumo VALUES ('59233','08/22/1996','98');
INSERT INTO lote_insumo VALUES ('59268','08/22/2008','91');
INSERT INTO lote_insumo VALUES ('59611','08/23/1999','90');
INSERT INTO lote_insumo VALUES ('59754','08/24/2011','104');
INSERT INTO lote_insumo VALUES ('59944','08/25/1991','90');
INSERT INTO lote_insumo VALUES ('60044','08/27/2011','48');
INSERT INTO lote_insumo VALUES ('60147','08/28/1992','30');
INSERT INTO lote_insumo VALUES ('60470','08/28/1993','119');
INSERT INTO lote_insumo VALUES ('61101','08/28/2000','45');
INSERT INTO lote_insumo VALUES ('61317','08/28/2001','106');
INSERT INTO lote_insumo VALUES ('61861','08/28/2004','119');
INSERT INTO lote_insumo VALUES ('62077','08/28/2015','83');
INSERT INTO lote_insumo VALUES ('62452','08/29/2001','40');
INSERT INTO lote_insumo VALUES ('62505','08/29/2015','109');
INSERT INTO lote_insumo VALUES ('62722','09/01/1990','113');
INSERT INTO lote_insumo VALUES ('62817','09/02/1996','61');
INSERT INTO lote_insumo VALUES ('63011','09/02/1997','64');
INSERT INTO lote_insumo VALUES ('63035','09/02/2004','109');
INSERT INTO lote_insumo VALUES ('63126','09/02/2009','94');
INSERT INTO lote_insumo VALUES ('63278','09/03/1992','89');
INSERT INTO lote_insumo VALUES ('63401','09/03/2001','38');
INSERT INTO lote_insumo VALUES ('63411','09/04/1990','38');
INSERT INTO lote_insumo VALUES ('63803','09/04/2011','55');
INSERT INTO lote_insumo VALUES ('64095','09/04/2012','96');
INSERT INTO lote_insumo VALUES ('64098','09/05/2000','66');
INSERT INTO lote_insumo VALUES ('64246','09/05/2008','99');
INSERT INTO lote_insumo VALUES ('64281','09/05/2009','56');
INSERT INTO lote_insumo VALUES ('64687','09/05/2010','37');
INSERT INTO lote_insumo VALUES ('64705','09/06/1998','51');
INSERT INTO lote_insumo VALUES ('65024','09/08/1990','118');
INSERT INTO lote_insumo VALUES ('65468','09/09/1994','116');
INSERT INTO lote_insumo VALUES ('65568','09/09/2015','89');
INSERT INTO lote_insumo VALUES ('65861','09/10/1999','65');
INSERT INTO lote_insumo VALUES ('65968','09/10/2001','110');
INSERT INTO lote_insumo VALUES ('66418','09/10/2013','65');
INSERT INTO lote_insumo VALUES ('66700','09/11/1999','77');
INSERT INTO lote_insumo VALUES ('66768','09/11/2001','56');
INSERT INTO lote_insumo VALUES ('67074','09/13/2007','67');
INSERT INTO lote_insumo VALUES ('67346','09/15/1995','81');
INSERT INTO lote_insumo VALUES ('67856','09/15/2015','34');
INSERT INTO lote_insumo VALUES ('68516','09/16/2000','43');
INSERT INTO lote_insumo VALUES ('68598','09/16/2001','110');
INSERT INTO lote_insumo VALUES ('68674','09/17/2008','117');
INSERT INTO lote_insumo VALUES ('68743','09/17/2010','95');
INSERT INTO lote_insumo VALUES ('69407','09/19/1999','46');
INSERT INTO lote_insumo VALUES ('69538','09/19/2007','49');
INSERT INTO lote_insumo VALUES ('69671','09/20/2009','39');
INSERT INTO lote_insumo VALUES ('69673','09/21/2014','58');
INSERT INTO lote_insumo VALUES ('69996','09/22/1991','67');
INSERT INTO lote_insumo VALUES ('70381','09/22/2002','99');
INSERT INTO lote_insumo VALUES ('70692','09/22/2015','103');
INSERT INTO lote_insumo VALUES ('70742','09/23/1996','65');
INSERT INTO lote_insumo VALUES ('70827','09/23/2015','82');
INSERT INTO lote_insumo VALUES ('71209','09/24/2011','84');
INSERT INTO lote_insumo VALUES ('71331','09/24/2015','72');
INSERT INTO lote_insumo VALUES ('71465','09/28/2009','65');
INSERT INTO lote_insumo VALUES ('71869','09/28/2012','45');
INSERT INTO lote_insumo VALUES ('71953','09/28/2014','88');
INSERT INTO lote_insumo VALUES ('72560','09/29/1999','46');
INSERT INTO lote_insumo VALUES ('72706','09/29/2001','74');
INSERT INTO lote_insumo VALUES ('72747','10/01/2005','104');
INSERT INTO lote_insumo VALUES ('73386','10/02/1993','68');
INSERT INTO lote_insumo VALUES ('73398','10/02/2001','95');
INSERT INTO lote_insumo VALUES ('73821','10/02/2009','66');
INSERT INTO lote_insumo VALUES ('74088','10/03/2000','82');
INSERT INTO lote_insumo VALUES ('74131','10/04/1995','71');
INSERT INTO lote_insumo VALUES ('74259','10/05/2000','109');
INSERT INTO lote_insumo VALUES ('74349','10/05/2006','111');
INSERT INTO lote_insumo VALUES ('74484','10/05/2008','103');
INSERT INTO lote_insumo VALUES ('74541','10/05/2009','112');
INSERT INTO lote_insumo VALUES ('74568','10/06/1991','55');
INSERT INTO lote_insumo VALUES ('74570','10/06/2002','76');
INSERT INTO lote_insumo VALUES ('74635','10/06/2007','96');
INSERT INTO lote_insumo VALUES ('75117','10/07/2007','97');
INSERT INTO lote_insumo VALUES ('75383','10/08/1992','51');
INSERT INTO lote_insumo VALUES ('75430','10/09/1992','62');
INSERT INTO lote_insumo VALUES ('75946','10/09/1997','119');
INSERT INTO lote_insumo VALUES ('76272','10/11/2013','79');
INSERT INTO lote_insumo VALUES ('76427','10/12/1993','101');
INSERT INTO lote_insumo VALUES ('76432','10/13/1993','117');
INSERT INTO lote_insumo VALUES ('77796','10/13/1994','59');
INSERT INTO lote_insumo VALUES ('77995','10/13/2001','108');
INSERT INTO lote_insumo VALUES ('78017','10/13/2002','33');
INSERT INTO lote_insumo VALUES ('78590','10/14/1996','46');
INSERT INTO lote_insumo VALUES ('78838','10/15/2014','48');
INSERT INTO lote_insumo VALUES ('78982','10/16/2005','117');
INSERT INTO lote_insumo VALUES ('79089','10/18/1994','54');
INSERT INTO lote_insumo VALUES ('79139','10/19/2014','33');
INSERT INTO lote_insumo VALUES ('79275','10/21/2011','99');
INSERT INTO lote_insumo VALUES ('79700','10/22/2006','93');
INSERT INTO lote_insumo VALUES ('79739','10/23/2003','100');
INSERT INTO lote_insumo VALUES ('79755','10/24/1995','31');
INSERT INTO lote_insumo VALUES ('81024','10/25/2014','43');
INSERT INTO lote_insumo VALUES ('81215','10/26/1994','112');
INSERT INTO lote_insumo VALUES ('81261','10/26/1996','118');
INSERT INTO lote_insumo VALUES ('81274','10/28/1999','85');
INSERT INTO lote_insumo VALUES ('81295','10/29/2005','39');
INSERT INTO lote_insumo VALUES ('81759','10/29/2009','88');
INSERT INTO lote_insumo VALUES ('82169','11/02/1994','109');
INSERT INTO lote_insumo VALUES ('82454','11/02/2001','81');
INSERT INTO lote_insumo VALUES ('82484','11/02/2014','79');
INSERT INTO lote_insumo VALUES ('82993','11/05/1995','39');
INSERT INTO lote_insumo VALUES ('83081','11/05/1998','101');
INSERT INTO lote_insumo VALUES ('83278','11/05/2010','52');
INSERT INTO lote_insumo VALUES ('83311','11/06/2005','70');
INSERT INTO lote_insumo VALUES ('83504','11/08/2009','118');
INSERT INTO lote_insumo VALUES ('83604','11/09/1999','46');
INSERT INTO lote_insumo VALUES ('84110','11/10/2004','91');
INSERT INTO lote_insumo VALUES ('84143','11/11/1990','102');
INSERT INTO lote_insumo VALUES ('84418','11/11/1993','108');
INSERT INTO lote_insumo VALUES ('84539','11/11/1994','55');
INSERT INTO lote_insumo VALUES ('84619','11/12/1995','46');
INSERT INTO lote_insumo VALUES ('84635','11/13/1990','110');
INSERT INTO lote_insumo VALUES ('84750','11/15/1999','41');
INSERT INTO lote_insumo VALUES ('84794','11/15/2008','40');
INSERT INTO lote_insumo VALUES ('84807','11/16/1995','93');
INSERT INTO lote_insumo VALUES ('84947','11/19/2004','87');
INSERT INTO lote_insumo VALUES ('85006','11/20/1994','98');
INSERT INTO lote_insumo VALUES ('85062','11/22/2014','88');
INSERT INTO lote_insumo VALUES ('85134','11/22/2015','107');
INSERT INTO lote_insumo VALUES ('85514','11/24/2007','82');
INSERT INTO lote_insumo VALUES ('85801','11/24/2011','115');
INSERT INTO lote_insumo VALUES ('85936','11/26/2005','55');
INSERT INTO lote_insumo VALUES ('85977','11/27/1996','95');
INSERT INTO lote_insumo VALUES ('86123','11/27/1997','48');
INSERT INTO lote_insumo VALUES ('86451','11/27/2004','75');
INSERT INTO lote_insumo VALUES ('86599','11/27/2015','112');
INSERT INTO lote_insumo VALUES ('86797','11/28/2009','37');
INSERT INTO lote_insumo VALUES ('87165','11/29/1993','46');
INSERT INTO lote_insumo VALUES ('87242','12/01/1992','68');
INSERT INTO lote_insumo VALUES ('87409','12/01/1998','78');
INSERT INTO lote_insumo VALUES ('87608','12/02/1991','108');
INSERT INTO lote_insumo VALUES ('87786','12/02/1993','104');
INSERT INTO lote_insumo VALUES ('87827','12/03/2000','101');
INSERT INTO lote_insumo VALUES ('87864','12/04/1999','117');
INSERT INTO lote_insumo VALUES ('87944','12/04/2007','57');
INSERT INTO lote_insumo VALUES ('87971','12/04/2014','86');
INSERT INTO lote_insumo VALUES ('88055','12/07/2010','92');
INSERT INTO lote_insumo VALUES ('88221','12/08/2003','117');
INSERT INTO lote_insumo VALUES ('88278','12/09/1990','44');
INSERT INTO lote_insumo VALUES ('88357','12/10/2005','70');
INSERT INTO lote_insumo VALUES ('89090','12/11/2004','109');
INSERT INTO lote_insumo VALUES ('89564','12/12/2012','101');
INSERT INTO lote_insumo VALUES ('89607','12/12/2014','102');
INSERT INTO lote_insumo VALUES ('90061','12/13/1992','63');
INSERT INTO lote_insumo VALUES ('91950','12/13/1998','72');
INSERT INTO lote_insumo VALUES ('92211','12/13/2012','39');
INSERT INTO lote_insumo VALUES ('92258','12/14/1993','50');
INSERT INTO lote_insumo VALUES ('92276','12/14/1996','32');
INSERT INTO lote_insumo VALUES ('92297','12/14/2009','68');
INSERT INTO lote_insumo VALUES ('92536','12/15/1991','41');
INSERT INTO lote_insumo VALUES ('92592','12/15/1993','37');
INSERT INTO lote_insumo VALUES ('92595','12/15/2004','72');
INSERT INTO lote_insumo VALUES ('92828','12/15/2006','55');
INSERT INTO lote_insumo VALUES ('93594','12/16/2000','67');
INSERT INTO lote_insumo VALUES ('94079','12/16/2008','64');
INSERT INTO lote_insumo VALUES ('94238','12/17/2009','88');
INSERT INTO lote_insumo VALUES ('94312','12/18/1998','90');
INSERT INTO lote_insumo VALUES ('94578','12/19/1991','88');
INSERT INTO lote_insumo VALUES ('94650','12/20/1993','32');
INSERT INTO lote_insumo VALUES ('94756','12/21/1997','69');
INSERT INTO lote_insumo VALUES ('94779','12/22/2005','79');
INSERT INTO lote_insumo VALUES ('95036','12/22/2014','92');
INSERT INTO lote_insumo VALUES ('95489','12/23/2000','31');
INSERT INTO lote_insumo VALUES ('95555','12/24/2002','95');
INSERT INTO lote_insumo VALUES ('95974','12/27/1991','72');
INSERT INTO lote_insumo VALUES ('96010','12/28/2004','101');
INSERT INTO lote_insumo VALUES ('96143','12/29/1995','65');
INSERT INTO lote_insumo VALUES ('96674','12/29/2015','90');
INSERT INTO lote_insumo VALUES ('96791','01/01/2000','110');
INSERT INTO lote_insumo VALUES ('97139','01/03/2003','38');
INSERT INTO lote_insumo VALUES ('97296','01/04/2005','81');
INSERT INTO lote_insumo VALUES ('97376','01/04/2015','41');
INSERT INTO lote_insumo VALUES ('97478','01/05/2002','92');
INSERT INTO lote_insumo VALUES ('97596','01/06/2001','92');
INSERT INTO lote_insumo VALUES ('97991','01/07/1995','71');
INSERT INTO lote_insumo VALUES ('98146','01/07/2000','119');
INSERT INTO lote_insumo VALUES ('98455','01/08/2001','71');
INSERT INTO lote_insumo VALUES ('98896','01/08/2009','66');
INSERT INTO lote_insumo VALUES ('99229','01/10/1991','91');
INSERT INTO lote_insumo VALUES ('99275','01/10/1999','101');
INSERT INTO lote_insumo VALUES ('99380','01/10/2001','52');
INSERT INTO lote_insumo VALUES ('99390','01/11/2006','70');
INSERT INTO lote_insumo VALUES ('99406','01/11/2007','77');
INSERT INTO lote_insumo VALUES ('99566','01/13/2008','44');
INSERT INTO lote_insumo VALUES ('99621','01/13/2009','107');
INSERT INTO lote_insumo VALUES ('99648','01/13/2013','105');
INSERT INTO lote_insumo VALUES ('00109','01/14/2007','116');
INSERT INTO lote_insumo VALUES ('00547','01/15/2008','35');
INSERT INTO lote_insumo VALUES ('00801','01/15/2013','103');
INSERT INTO lote_insumo VALUES ('00916','01/16/1991','63');
INSERT INTO lote_insumo VALUES ('00961','01/16/2000','91');
INSERT INTO lote_insumo VALUES ('02529','01/17/2010','61');
INSERT INTO lote_insumo VALUES ('03056','01/17/2015','101');
INSERT INTO lote_insumo VALUES ('03077','01/18/1990','55');
INSERT INTO lote_insumo VALUES ('03298','01/18/2001','76');
INSERT INTO lote_insumo VALUES ('04010','01/18/2013','83');
INSERT INTO lote_insumo VALUES ('04231','01/20/2000','117');
INSERT INTO lote_insumo VALUES ('04454','01/20/2014','64');
INSERT INTO lote_insumo VALUES ('04557','01/23/1998','79');
INSERT INTO lote_insumo VALUES ('04698','01/23/2004','76');
INSERT INTO lote_insumo VALUES ('04701','01/23/2013','40');
INSERT INTO lote_insumo VALUES ('04761','01/24/1995','95');
INSERT INTO lote_insumo VALUES ('04766','01/24/2004','111');
INSERT INTO lote_insumo VALUES ('05211','01/25/2006','60');
INSERT INTO lote_insumo VALUES ('05704','01/25/2012','91');
INSERT INTO lote_insumo VALUES ('05850','01/27/1994','31');
INSERT INTO lote_insumo VALUES ('05891','01/27/2011','62');
INSERT INTO lote_insumo VALUES ('05935','01/29/2003','70');
INSERT INTO lote_insumo VALUES ('06363','01/29/2011','42');
INSERT INTO lote_insumo VALUES ('07110','02/01/1996','55');
INSERT INTO lote_insumo VALUES ('07264','02/02/2002','67');
INSERT INTO lote_insumo VALUES ('07597','02/02/2003','74');
INSERT INTO lote_insumo VALUES ('08029','02/05/1999','32');
INSERT INTO lote_insumo VALUES ('08374','02/05/2006','42');
INSERT INTO lote_insumo VALUES ('08497','02/09/2005','56');
INSERT INTO lote_insumo VALUES ('08559','02/09/2007','81');
INSERT INTO lote_insumo VALUES ('08643','02/09/2014','75');
INSERT INTO lote_insumo VALUES ('08677','02/10/1995','81');
INSERT INTO lote_insumo VALUES ('09345','02/10/2000','53');
INSERT INTO lote_insumo VALUES ('09399','02/11/1993','38');
INSERT INTO lote_insumo VALUES ('09668','02/11/2005','50');
INSERT INTO lote_insumo VALUES ('09963','02/12/2005','88');
INSERT INTO lote_insumo VALUES ('10049','02/13/2004','60');
INSERT INTO lote_insumo VALUES ('10185','02/15/2000','72');
INSERT INTO lote_insumo VALUES ('10422','02/15/2002','75');
INSERT INTO lote_insumo VALUES ('11235','02/15/2012','99');
INSERT INTO lote_insumo VALUES ('11597','02/17/1991','54');
INSERT INTO lote_insumo VALUES ('11626','02/17/1999','46');
INSERT INTO lote_insumo VALUES ('11688','02/17/2011','70');
INSERT INTO lote_insumo VALUES ('11932','02/17/2013','39');
INSERT INTO lote_insumo VALUES ('12084','02/19/1990','36');
INSERT INTO lote_insumo VALUES ('12105','02/20/1997','37');
INSERT INTO lote_insumo VALUES ('12177','02/20/1999','32');
INSERT INTO lote_insumo VALUES ('12200','02/20/2006','67');
INSERT INTO lote_insumo VALUES ('12434','02/20/2009','49');
INSERT INTO lote_insumo VALUES ('12743','02/22/2002','30');
INSERT INTO lote_insumo VALUES ('12793','02/22/2004','68');
INSERT INTO lote_insumo VALUES ('12831','02/23/1993','35');
INSERT INTO lote_insumo VALUES ('12900','02/23/2012','117');
INSERT INTO lote_insumo VALUES ('12973','02/24/2014','47');
INSERT INTO lote_insumo VALUES ('13257','02/25/1999','36');
INSERT INTO lote_insumo VALUES ('13278','02/26/1992','114');
INSERT INTO lote_insumo VALUES ('13286','02/26/1995','31');
INSERT INTO lote_insumo VALUES ('13402','02/27/2004','46');
INSERT INTO lote_insumo VALUES ('13506','02/28/2007','60');
INSERT INTO lote_insumo VALUES ('13532','02/28/2015','41');
INSERT INTO lote_insumo VALUES ('13736','02/29/2002','85');
INSERT INTO lote_insumo VALUES ('14083','02/29/2005','98');
INSERT INTO lote_insumo VALUES ('14140','02/29/2009','73');
INSERT INTO lote_insumo VALUES ('14527','03/01/1997','101');
INSERT INTO lote_insumo VALUES ('14606','03/02/1990','33');
INSERT INTO lote_insumo VALUES ('14918','03/02/2010','88');
INSERT INTO lote_insumo VALUES ('15562','03/04/2015','60');
INSERT INTO lote_insumo VALUES ('15583','03/08/1997','99');
INSERT INTO lote_insumo VALUES ('16025','03/08/2006','98');
INSERT INTO lote_insumo VALUES ('16031','03/09/1994','118');
INSERT INTO lote_insumo VALUES ('16174','03/09/1995','98');
INSERT INTO lote_insumo VALUES ('16237','03/09/2013','108');
INSERT INTO lote_insumo VALUES ('16375','03/10/1996','69');
INSERT INTO lote_insumo VALUES ('16442','03/11/2003','96');
INSERT INTO lote_insumo VALUES ('16593','03/11/2007','108');
INSERT INTO lote_insumo VALUES ('16625','03/13/1994','34');
INSERT INTO lote_insumo VALUES ('16718','03/13/1997','31');
INSERT INTO lote_insumo VALUES ('16779','03/13/2010','103');
INSERT INTO lote_insumo VALUES ('16978','03/15/2015','86');
INSERT INTO lote_insumo VALUES ('17249','03/16/1993','93');
INSERT INTO lote_insumo VALUES ('17459','03/16/2004','88');
INSERT INTO lote_insumo VALUES ('17485','03/18/1990','98');
INSERT INTO lote_insumo VALUES ('17515','03/19/1999','76');
INSERT INTO lote_insumo VALUES ('18135','03/19/2002','43');
INSERT INTO lote_insumo VALUES ('18633','03/19/2005','59');
INSERT INTO lote_insumo VALUES ('18717','03/21/1998','31');
INSERT INTO lote_insumo VALUES ('18738','03/21/2009','68');
INSERT INTO lote_insumo VALUES ('19502','03/23/2009','103');
INSERT INTO lote_insumo VALUES ('19547','03/24/1996','91');
INSERT INTO lote_insumo VALUES ('19763','03/24/1999','74');
INSERT INTO lote_insumo VALUES ('19861','03/25/1995','45');
INSERT INTO lote_insumo VALUES ('20140','03/27/1998','56');
INSERT INTO lote_insumo VALUES ('20389','03/27/2000','49');
INSERT INTO lote_insumo VALUES ('20905','03/28/1997','31');
INSERT INTO lote_insumo VALUES ('21342','03/28/2001','39');
INSERT INTO lote_insumo VALUES ('21439','03/28/2012','101');
INSERT INTO lote_insumo VALUES ('21657','03/29/2008','108');
INSERT INTO lote_insumo VALUES ('22108','03/29/2011','98');
INSERT INTO lote_insumo VALUES ('22109','04/01/1992','85');
INSERT INTO lote_insumo VALUES ('22282','04/02/1993','50');
INSERT INTO lote_insumo VALUES ('22303','04/02/1994','79');
INSERT INTO lote_insumo VALUES ('22466','04/02/2008','107');
INSERT INTO lote_insumo VALUES ('22571','04/03/1999','117');
INSERT INTO lote_insumo VALUES ('22627','04/03/2009','59');
INSERT INTO lote_insumo VALUES ('22756','04/04/1990','76');
INSERT INTO lote_insumo VALUES ('23017','04/05/1999','93');
INSERT INTO lote_insumo VALUES ('23196','04/06/2015','39');
INSERT INTO lote_insumo VALUES ('23242','04/07/2009','82');
INSERT INTO lote_insumo VALUES ('23474','04/08/1995','64');
INSERT INTO lote_insumo VALUES ('23488','04/08/2006','92');
INSERT INTO lote_insumo VALUES ('23553','04/10/1990','58');
INSERT INTO lote_insumo VALUES ('23756','04/10/1992','93');
INSERT INTO lote_insumo VALUES ('23894','04/10/2002','98');
INSERT INTO lote_insumo VALUES ('24487','04/10/2003','100');
INSERT INTO lote_insumo VALUES ('24546','04/10/2008','37');
INSERT INTO lote_insumo VALUES ('24768','04/13/1997','106');
INSERT INTO lote_insumo VALUES ('25100','04/14/1992','84');
INSERT INTO lote_insumo VALUES ('25285','04/14/1999','54');
INSERT INTO lote_insumo VALUES ('25518','04/15/1991','36');
INSERT INTO lote_insumo VALUES ('25582','04/16/1991','31');
INSERT INTO lote_insumo VALUES ('26305','04/16/2007','47');
INSERT INTO lote_insumo VALUES ('27095','04/17/2002','103');
INSERT INTO lote_insumo VALUES ('27256','04/17/2009','75');
INSERT INTO lote_insumo VALUES ('27297','04/17/2014','100');
INSERT INTO lote_insumo VALUES ('27428','04/17/2015','44');
INSERT INTO lote_insumo VALUES ('27513','04/18/1994','38');
INSERT INTO lote_insumo VALUES ('27539','04/18/2004','99');
INSERT INTO lote_insumo VALUES ('27563','04/19/2001','54');
INSERT INTO lote_insumo VALUES ('28280','04/19/2008','91');
INSERT INTO lote_insumo VALUES ('28535','04/19/2013','86');
INSERT INTO lote_insumo VALUES ('28634','04/20/1990','101');
INSERT INTO lote_insumo VALUES ('28645','04/20/1995','51');
INSERT INTO lote_insumo VALUES ('28677','04/20/2003','49');
INSERT INTO lote_insumo VALUES ('28768','04/20/2005','50');
INSERT INTO lote_insumo VALUES ('28973','04/21/2000','81');
INSERT INTO lote_insumo VALUES ('29182','04/21/2009','80');
INSERT INTO lote_insumo VALUES ('29576','04/23/1995','65');
INSERT INTO lote_insumo VALUES ('29846','04/23/2010','47');
INSERT INTO lote_insumo VALUES ('30324','04/24/2005','40');
INSERT INTO lote_insumo VALUES ('30554','04/25/1999','104');
INSERT INTO lote_insumo VALUES ('30652','04/27/1990','68');
INSERT INTO lote_insumo VALUES ('30872','04/27/2008','114');
INSERT INTO lote_insumo VALUES ('31553','04/27/2012','66');
INSERT INTO lote_insumo VALUES ('31711','04/28/1991','106');
INSERT INTO lote_insumo VALUES ('31722','05/01/2005','80');
INSERT INTO lote_insumo VALUES ('31954','05/01/2011','30');
INSERT INTO lote_insumo VALUES ('32283','05/03/1999','110');
INSERT INTO lote_insumo VALUES ('32360','05/04/2001','41');
INSERT INTO lote_insumo VALUES ('32506','05/05/2002','35');
INSERT INTO lote_insumo VALUES ('32710','05/09/1998','94');
INSERT INTO lote_insumo VALUES ('32910','05/10/1997','49');
INSERT INTO lote_insumo VALUES ('33030','05/10/2002','77');
INSERT INTO lote_insumo VALUES ('33240','05/11/2007','50');
INSERT INTO lote_insumo VALUES ('33362','05/13/2012','81');
INSERT INTO lote_insumo VALUES ('33481','05/15/2008','112');
INSERT INTO lote_insumo VALUES ('33560','05/15/2015','71');
INSERT INTO lote_insumo VALUES ('33561','05/16/2000','113');
INSERT INTO lote_insumo VALUES ('34005','05/19/2000','68');
INSERT INTO lote_insumo VALUES ('34472','05/19/2006','74');
INSERT INTO lote_insumo VALUES ('34605','05/24/1990','114');
INSERT INTO lote_insumo VALUES ('34886','05/24/2004','83');
INSERT INTO lote_insumo VALUES ('34903','05/24/2012','55');
INSERT INTO lote_insumo VALUES ('35122','05/25/1991','46');
INSERT INTO lote_insumo VALUES ('35315','05/25/2009','116');
INSERT INTO lote_insumo VALUES ('35536','05/25/2010','48');
INSERT INTO lote_insumo VALUES ('35575','05/26/1992','99');
INSERT INTO lote_insumo VALUES ('35717','05/26/1998','45');
INSERT INTO lote_insumo VALUES ('35722','05/26/1999','50');
INSERT INTO lote_insumo VALUES ('35917','05/27/2014','102');
INSERT INTO lote_insumo VALUES ('36060','05/28/2001','30');
INSERT INTO lote_insumo VALUES ('36107','05/29/1995','38');
INSERT INTO lote_insumo VALUES ('36142','05/29/2003','119');
INSERT INTO lote_insumo VALUES ('36211','05/29/2006','80');
INSERT INTO lote_insumo VALUES ('36288','06/01/2001','80');
INSERT INTO lote_insumo VALUES ('36842','06/02/2004','118');
INSERT INTO lote_insumo VALUES ('36995','06/04/1997','84');
INSERT INTO lote_insumo VALUES ('37154','06/04/2010','109');
INSERT INTO lote_insumo VALUES ('37335','06/04/2012','40');
INSERT INTO lote_insumo VALUES ('37553','06/04/2013','55');
INSERT INTO lote_insumo VALUES ('37679','06/04/2014','93');
INSERT INTO lote_insumo VALUES ('37749','06/05/1994','118');
INSERT INTO lote_insumo VALUES ('37959','06/05/1995','32');
INSERT INTO lote_insumo VALUES ('38040','06/06/1992','113');
INSERT INTO lote_insumo VALUES ('38304','06/06/2003','111');
INSERT INTO lote_insumo VALUES ('38316','06/07/1995','62');
INSERT INTO lote_insumo VALUES ('38483','06/08/2002','38');
INSERT INTO lote_insumo VALUES ('38520','06/09/1998','95');
INSERT INTO lote_insumo VALUES ('38580','06/11/1994','73');
INSERT INTO lote_insumo VALUES ('38699','06/12/2002','64');
INSERT INTO lote_insumo VALUES ('38775','06/12/2007','56');
INSERT INTO lote_insumo VALUES ('39102','06/12/2013','40');
INSERT INTO lote_insumo VALUES ('39298','06/13/1992','51');
INSERT INTO lote_insumo VALUES ('39471','06/13/2004','87');
INSERT INTO lote_insumo VALUES ('40147','06/13/2010','83');
INSERT INTO lote_insumo VALUES ('40232','06/14/1999','40');
INSERT INTO lote_insumo VALUES ('40491','06/14/2006','97');
INSERT INTO lote_insumo VALUES ('40504','06/15/2001','103');
INSERT INTO lote_insumo VALUES ('40590','06/15/2006','55');
INSERT INTO lote_insumo VALUES ('40630','06/17/1999','46');
INSERT INTO lote_insumo VALUES ('41156','06/20/1990','88');
INSERT INTO lote_insumo VALUES ('41503','06/20/1993','47');
INSERT INTO lote_insumo VALUES ('41636','06/21/1990','62');
INSERT INTO lote_insumo VALUES ('41763','06/21/1996','92');
INSERT INTO lote_insumo VALUES ('41901','06/21/1998','105');
INSERT INTO lote_insumo VALUES ('41928','06/21/2013','33');
INSERT INTO lote_insumo VALUES ('42348','06/22/1990','31');
INSERT INTO lote_insumo VALUES ('42889','06/22/1995','56');
INSERT INTO lote_insumo VALUES ('43018','06/23/2005','119');
INSERT INTO lote_insumo VALUES ('43399','06/24/2000','45');
INSERT INTO lote_insumo VALUES ('43445','06/24/2010','110');
INSERT INTO lote_insumo VALUES ('43590','06/24/2012','116');
INSERT INTO lote_insumo VALUES ('43731','06/26/2011','50');
INSERT INTO lote_insumo VALUES ('43934','06/28/1995','98');
INSERT INTO lote_insumo VALUES ('44172','06/28/2011','102');
INSERT INTO lote_insumo VALUES ('44228','06/28/2015','82');
INSERT INTO lote_insumo VALUES ('44316','06/29/2015','83');
INSERT INTO lote_insumo VALUES ('44456','07/01/2002','119');
INSERT INTO lote_insumo VALUES ('44503','07/03/2014','75');
INSERT INTO lote_insumo VALUES ('44814','07/04/1997','49');
INSERT INTO lote_insumo VALUES ('44969','07/04/2000','115');
INSERT INTO lote_insumo VALUES ('45123','07/04/2002','36');
INSERT INTO lote_insumo VALUES ('45135','07/04/2007','38');
INSERT INTO lote_insumo VALUES ('45363','07/05/2015','113');
INSERT INTO lote_insumo VALUES ('45394','07/06/1999','57');
INSERT INTO lote_insumo VALUES ('45418','07/07/1991','78');
INSERT INTO lote_insumo VALUES ('45432','07/08/1994','116');
INSERT INTO lote_insumo VALUES ('45443','07/08/2011','41');
INSERT INTO lote_insumo VALUES ('45559','07/10/2005','96');
INSERT INTO lote_insumo VALUES ('45684','07/10/2012','94');
INSERT INTO lote_insumo VALUES ('46339','07/10/2013','88');
INSERT INTO lote_insumo VALUES ('46417','07/11/1993','51');
INSERT INTO lote_insumo VALUES ('46486','07/13/1999','68');
INSERT INTO lote_insumo VALUES ('46554','07/14/1996','57');
INSERT INTO lote_insumo VALUES ('46565','07/14/2014','35');
INSERT INTO lote_insumo VALUES ('46734','07/15/1994','98');
INSERT INTO lote_insumo VALUES ('46810','07/15/2001','76');
INSERT INTO lote_insumo VALUES ('46913','07/15/2015','48');
INSERT INTO lote_insumo VALUES ('46974','07/16/1997','70');
INSERT INTO lote_insumo VALUES ('47124','07/17/2012','66');
INSERT INTO lote_insumo VALUES ('47307','07/18/2001','54');
INSERT INTO lote_insumo VALUES ('47612','07/18/2006','116');
INSERT INTO lote_insumo VALUES ('47733','07/19/2003','90');
INSERT INTO lote_insumo VALUES ('48072','07/20/1991','84');
INSERT INTO lote_insumo VALUES ('48221','07/20/2014','55');
INSERT INTO lote_insumo VALUES ('48254','07/21/2011','119');
INSERT INTO lote_insumo VALUES ('48339','07/21/2014','36');
INSERT INTO lote_insumo VALUES ('48934','07/22/1997','73');
INSERT INTO lote_insumo VALUES ('48995','07/23/1994','114');
INSERT INTO lote_insumo VALUES ('49027','07/24/2002','93');
INSERT INTO lote_insumo VALUES ('49527','07/24/2007','84');
INSERT INTO lote_insumo VALUES ('49528','07/27/1992','109');
INSERT INTO lote_insumo VALUES ('49626','07/27/2010','66');
INSERT INTO lote_insumo VALUES ('49792','07/28/2003','101');
INSERT INTO lote_insumo VALUES ('49862','07/28/2004','63');
INSERT INTO lote_insumo VALUES ('49955','07/28/2008','32');
INSERT INTO lote_insumo VALUES ('50079','07/29/1998','77');
INSERT INTO lote_insumo VALUES ('50518','08/01/2002','63');
INSERT INTO lote_insumo VALUES ('50573','08/01/2008','87');
INSERT INTO lote_insumo VALUES ('50643','08/01/2013','39');
INSERT INTO lote_insumo VALUES ('50753','08/02/1995','74');
INSERT INTO lote_insumo VALUES ('50977','08/02/2001','66');
INSERT INTO lote_insumo VALUES ('51194','08/03/2011','98');
INSERT INTO lote_insumo VALUES ('51275','08/04/1992','50');
INSERT INTO lote_insumo VALUES ('51365','08/04/2014','63');
INSERT INTO lote_insumo VALUES ('51867','08/05/1990','76');
INSERT INTO lote_insumo VALUES ('52347','08/05/1998','103');
INSERT INTO lote_insumo VALUES ('53123','08/05/2010','59');
INSERT INTO lote_insumo VALUES ('53282','08/06/1991','37');
INSERT INTO lote_insumo VALUES ('53394','08/06/2008','119');
INSERT INTO lote_insumo VALUES ('53401','08/07/1998','93');
INSERT INTO lote_insumo VALUES ('53528','08/07/2014','96');
INSERT INTO lote_insumo VALUES ('53529','08/09/1997','31');
INSERT INTO lote_insumo VALUES ('53662','08/09/2000','40');
INSERT INTO lote_insumo VALUES ('53666','08/09/2005','90');
INSERT INTO lote_insumo VALUES ('54096','08/10/1993','43');
INSERT INTO lote_insumo VALUES ('54221','08/11/2008','102');
INSERT INTO lote_insumo VALUES ('54322','08/12/1994','30');
INSERT INTO lote_insumo VALUES ('54359','08/12/2002','106');
INSERT INTO lote_insumo VALUES ('54654','08/12/2012','106');
INSERT INTO lote_insumo VALUES ('54770','08/13/1990','98');
INSERT INTO lote_insumo VALUES ('54849','08/14/2000','81');
INSERT INTO lote_insumo VALUES ('54969','08/15/1998','108');
INSERT INTO lote_insumo VALUES ('55294','08/15/1999','84');
INSERT INTO lote_insumo VALUES ('55340','08/15/2008','30');
INSERT INTO lote_insumo VALUES ('55498','08/16/2005','67');
INSERT INTO lote_insumo VALUES ('55499','08/16/2011','77');
INSERT INTO lote_insumo VALUES ('55541','08/18/1991','89');
INSERT INTO lote_insumo VALUES ('55795','08/18/1995','74');
INSERT INTO lote_insumo VALUES ('55830','08/19/2004','101');
INSERT INTO lote_insumo VALUES ('56001','08/19/2008','109');
INSERT INTO lote_insumo VALUES ('56244','08/20/1994','105');
INSERT INTO lote_insumo VALUES ('56313','08/20/1996','82');
INSERT INTO lote_insumo VALUES ('56529','08/20/2001','86');
INSERT INTO lote_insumo VALUES ('56593','08/20/2008','55');
INSERT INTO lote_insumo VALUES ('56776','08/22/1996','101');
INSERT INTO lote_insumo VALUES ('56873','08/22/2008','93');
INSERT INTO lote_insumo VALUES ('57179','08/23/1999','80');
INSERT INTO lote_insumo VALUES ('57246','08/24/2011','81');
INSERT INTO lote_insumo VALUES ('57301','08/25/1991','87');
INSERT INTO lote_insumo VALUES ('57333','08/27/2011','68');
INSERT INTO lote_insumo VALUES ('57369','08/28/1992','97');
INSERT INTO lote_insumo VALUES ('57370','08/28/1993','75');
INSERT INTO lote_insumo VALUES ('57379','08/28/2000','117');
INSERT INTO lote_insumo VALUES ('57597','08/28/2001','116');
INSERT INTO lote_insumo VALUES ('57866','08/28/2004','64');
INSERT INTO lote_insumo VALUES ('58116','08/28/2015','67');
INSERT INTO lote_insumo VALUES ('58136','08/29/2001','70');
INSERT INTO lote_insumo VALUES ('58266','08/29/2015','98');
INSERT INTO lote_insumo VALUES ('58836','09/01/1990','111');
INSERT INTO lote_insumo VALUES ('58981','09/02/1996','62');
INSERT INTO lote_insumo VALUES ('59015','09/02/1997','67');
INSERT INTO lote_insumo VALUES ('59120','09/02/2004','37');
INSERT INTO lote_insumo VALUES ('59233','09/02/2009','63');
INSERT INTO lote_insumo VALUES ('59268','09/03/1992','34');
INSERT INTO lote_insumo VALUES ('59611','09/03/2001','53');
INSERT INTO lote_insumo VALUES ('59754','09/04/1990','57');
INSERT INTO lote_insumo VALUES ('59944','09/04/2011','93');
INSERT INTO lote_insumo VALUES ('60044','09/04/2012','78');
INSERT INTO lote_insumo VALUES ('60147','09/05/2000','117');
INSERT INTO lote_insumo VALUES ('60470','09/05/2008','94');
INSERT INTO lote_insumo VALUES ('61101','09/05/2009','42');
INSERT INTO lote_insumo VALUES ('61317','09/05/2010','108');
INSERT INTO lote_insumo VALUES ('61861','09/06/1998','98');
INSERT INTO lote_insumo VALUES ('62077','09/08/1990','95');
INSERT INTO lote_insumo VALUES ('62452','09/09/1994','104');
INSERT INTO lote_insumo VALUES ('62505','09/09/2015','33');
INSERT INTO lote_insumo VALUES ('62722','09/10/1999','48');
INSERT INTO lote_insumo VALUES ('62817','09/10/2001','109');
INSERT INTO lote_insumo VALUES ('63011','09/10/2013','102');
INSERT INTO lote_insumo VALUES ('63035','09/11/1999','89');
INSERT INTO lote_insumo VALUES ('63126','09/11/2001','94');
INSERT INTO lote_insumo VALUES ('63278','09/13/2007','66');
INSERT INTO lote_insumo VALUES ('63401','09/15/1995','80');
INSERT INTO lote_insumo VALUES ('63411','09/15/2015','82');
INSERT INTO lote_insumo VALUES ('63803','09/16/2000','101');
INSERT INTO lote_insumo VALUES ('64095','09/16/2001','75');
INSERT INTO lote_insumo VALUES ('64098','09/17/2008','38');
INSERT INTO lote_insumo VALUES ('64246','09/17/2010','108');
INSERT INTO lote_insumo VALUES ('64281','09/19/1999','83');
INSERT INTO lote_insumo VALUES ('64687','09/19/2007','77');
INSERT INTO lote_insumo VALUES ('64705','09/20/2009','111');
INSERT INTO lote_insumo VALUES ('65024','09/21/2014','36');
INSERT INTO lote_insumo VALUES ('65468','09/22/1991','82');
INSERT INTO lote_insumo VALUES ('65568','09/22/2002','51');
INSERT INTO lote_insumo VALUES ('65861','09/22/2015','56');
INSERT INTO lote_insumo VALUES ('65968','09/23/1996','43');
INSERT INTO lote_insumo VALUES ('66418','09/23/2015','108');
INSERT INTO lote_insumo VALUES ('66700','09/24/2011','47');
INSERT INTO lote_insumo VALUES ('66768','09/24/2015','111');
INSERT INTO lote_insumo VALUES ('67074','09/28/2009','52');
INSERT INTO lote_insumo VALUES ('67346','09/28/2012','39');
INSERT INTO lote_insumo VALUES ('67856','09/28/2014','91');
INSERT INTO lote_insumo VALUES ('68516','09/29/1999','95');
INSERT INTO lote_insumo VALUES ('68598','09/29/2001','50');
INSERT INTO lote_insumo VALUES ('68674','10/01/2005','52');
INSERT INTO lote_insumo VALUES ('68743','10/02/1993','95');
INSERT INTO lote_insumo VALUES ('69407','10/02/2001','79');
INSERT INTO lote_insumo VALUES ('69538','10/02/2009','49');
INSERT INTO lote_insumo VALUES ('69671','10/03/2000','58');
INSERT INTO lote_insumo VALUES ('69673','10/04/1995','96');
INSERT INTO lote_insumo VALUES ('69996','10/05/2000','60');
INSERT INTO lote_insumo VALUES ('70381','10/05/2006','36');
INSERT INTO lote_insumo VALUES ('70692','10/05/2008','102');
INSERT INTO lote_insumo VALUES ('70742','10/05/2009','82');
INSERT INTO lote_insumo VALUES ('70827','10/06/1991','66');
INSERT INTO lote_insumo VALUES ('71209','10/06/2002','31');
INSERT INTO lote_insumo VALUES ('71331','10/06/2007','34');
INSERT INTO lote_insumo VALUES ('71465','10/07/2007','96');
INSERT INTO lote_insumo VALUES ('71869','10/08/1992','76');
INSERT INTO lote_insumo VALUES ('71953','10/09/1992','48');
INSERT INTO lote_insumo VALUES ('72560','10/09/1997','56');
INSERT INTO lote_insumo VALUES ('72706','10/11/2013','46');
INSERT INTO lote_insumo VALUES ('72747','10/12/1993','97');
INSERT INTO lote_insumo VALUES ('73386','10/13/1993','53');
INSERT INTO lote_insumo VALUES ('73398','10/13/1994','92');
INSERT INTO lote_insumo VALUES ('73821','10/13/2001','92');
INSERT INTO lote_insumo VALUES ('74088','10/13/2002','61');
INSERT INTO lote_insumo VALUES ('74131','10/14/1996','46');
INSERT INTO lote_insumo VALUES ('74259','10/15/2014','55');
INSERT INTO lote_insumo VALUES ('74349','10/16/2005','89');
INSERT INTO lote_insumo VALUES ('74484','10/18/1994','62');
INSERT INTO lote_insumo VALUES ('74541','10/19/2014','114');
INSERT INTO lote_insumo VALUES ('74568','10/21/2011','109');
INSERT INTO lote_insumo VALUES ('74570','10/22/2006','66');
INSERT INTO lote_insumo VALUES ('74635','10/23/2003','49');
INSERT INTO lote_insumo VALUES ('75117','10/24/1995','32');
INSERT INTO lote_insumo VALUES ('75383','10/25/2014','34');
INSERT INTO lote_insumo VALUES ('75430','10/26/1994','76');
INSERT INTO lote_insumo VALUES ('75946','10/26/1996','60');
INSERT INTO lote_insumo VALUES ('76272','10/28/1999','33');
INSERT INTO lote_insumo VALUES ('76427','10/29/2005','44');
INSERT INTO lote_insumo VALUES ('76432','10/29/2009','87');
INSERT INTO lote_insumo VALUES ('77796','11/02/1994','68');
INSERT INTO lote_insumo VALUES ('77995','11/02/2001','67');
INSERT INTO lote_insumo VALUES ('78017','11/02/2014','51');
INSERT INTO lote_insumo VALUES ('78590','11/05/1995','34');
INSERT INTO lote_insumo VALUES ('78838','11/05/1998','94');
INSERT INTO lote_insumo VALUES ('78982','11/05/2010','33');
INSERT INTO lote_insumo VALUES ('79089','11/06/2005','36');
INSERT INTO lote_insumo VALUES ('79139','11/08/2009','63');
INSERT INTO lote_insumo VALUES ('79275','11/09/1999','58');
INSERT INTO lote_insumo VALUES ('79700','11/10/2004','59');
INSERT INTO lote_insumo VALUES ('79739','11/11/1990','34');
INSERT INTO lote_insumo VALUES ('79755','11/11/1993','109');
INSERT INTO lote_insumo VALUES ('81024','11/11/1994','50');
INSERT INTO lote_insumo VALUES ('81215','11/12/1995','79');
INSERT INTO lote_insumo VALUES ('81261','11/13/1990','95');
INSERT INTO lote_insumo VALUES ('81274','11/15/1999','113');
INSERT INTO lote_insumo VALUES ('81295','11/15/2008','30');
INSERT INTO lote_insumo VALUES ('81759','11/16/1995','81');
INSERT INTO lote_insumo VALUES ('82169','11/19/2004','58');
INSERT INTO lote_insumo VALUES ('82454','11/20/1994','65');
INSERT INTO lote_insumo VALUES ('82484','11/22/2014','79');
INSERT INTO lote_insumo VALUES ('82993','11/22/2015','116');
INSERT INTO lote_insumo VALUES ('83081','11/24/2007','66');
INSERT INTO lote_insumo VALUES ('83278','11/24/2011','97');
INSERT INTO lote_insumo VALUES ('83311','11/26/2005','47');
INSERT INTO lote_insumo VALUES ('83504','11/27/1996','30');
INSERT INTO lote_insumo VALUES ('83604','11/27/1997','103');
INSERT INTO lote_insumo VALUES ('84110','11/27/2004','109');
INSERT INTO lote_insumo VALUES ('84143','11/27/2015','95');
INSERT INTO lote_insumo VALUES ('84418','11/28/2009','112');
INSERT INTO lote_insumo VALUES ('84539','11/29/1993','71');
INSERT INTO lote_insumo VALUES ('84619','12/01/1992','45');
INSERT INTO lote_insumo VALUES ('84635','12/01/1998','53');
INSERT INTO lote_insumo VALUES ('84750','12/02/1991','99');
INSERT INTO lote_insumo VALUES ('84794','12/02/1993','64');
INSERT INTO lote_insumo VALUES ('84807','12/03/2000','103');
INSERT INTO lote_insumo VALUES ('84947','12/04/1999','70');
INSERT INTO lote_insumo VALUES ('85006','12/04/2007','61');
INSERT INTO lote_insumo VALUES ('85062','12/04/2014','71');
INSERT INTO lote_insumo VALUES ('85134','12/07/2010','84');
INSERT INTO lote_insumo VALUES ('85514','12/08/2003','108');
INSERT INTO lote_insumo VALUES ('85801','12/09/1990','42');
INSERT INTO lote_insumo VALUES ('85936','12/10/2005','89');
INSERT INTO lote_insumo VALUES ('85977','12/11/2004','66');
INSERT INTO lote_insumo VALUES ('86123','12/12/2012','118');
INSERT INTO lote_insumo VALUES ('86451','12/12/2014','86');
INSERT INTO lote_insumo VALUES ('86599','12/13/1992','111');
INSERT INTO lote_insumo VALUES ('86797','12/13/1998','43');
INSERT INTO lote_insumo VALUES ('87165','12/13/2012','44');
INSERT INTO lote_insumo VALUES ('87242','12/14/1993','36');
INSERT INTO lote_insumo VALUES ('87409','12/14/1996','82');
INSERT INTO lote_insumo VALUES ('87608','12/14/2009','105');
INSERT INTO lote_insumo VALUES ('87786','12/15/1991','111');
INSERT INTO lote_insumo VALUES ('87827','12/15/1993','85');
INSERT INTO lote_insumo VALUES ('87864','12/15/2004','87');
INSERT INTO lote_insumo VALUES ('87944','12/15/2006','71');
INSERT INTO lote_insumo VALUES ('87971','12/16/2000','86');
INSERT INTO lote_insumo VALUES ('88055','12/16/2008','78');
INSERT INTO lote_insumo VALUES ('88221','12/17/2009','71');
INSERT INTO lote_insumo VALUES ('88278','12/18/1998','82');
INSERT INTO lote_insumo VALUES ('88357','12/19/1991','40');
INSERT INTO lote_insumo VALUES ('89090','12/20/1993','35');
INSERT INTO lote_insumo VALUES ('89564','12/21/1997','85');
INSERT INTO lote_insumo VALUES ('89607','12/22/2005','78');
INSERT INTO lote_insumo VALUES ('90061','12/22/2014','118');
INSERT INTO lote_insumo VALUES ('91950','12/23/2000','104');
INSERT INTO lote_insumo VALUES ('92211','12/24/2002','67');
INSERT INTO lote_insumo VALUES ('92258','12/27/1991','52');
INSERT INTO lote_insumo VALUES ('92276','12/28/2004','96');
INSERT INTO lote_insumo VALUES ('92297','12/29/1995','73');
INSERT INTO lote_insumo VALUES ('92536','12/29/2015','69');
INSERT INTO lote_insumo VALUES ('92592','01/01/2000','86');
INSERT INTO lote_insumo VALUES ('92595','01/03/2003','110');
INSERT INTO lote_insumo VALUES ('92828','01/04/2005','33');
INSERT INTO lote_insumo VALUES ('93594','01/04/2015','36');
INSERT INTO lote_insumo VALUES ('94079','01/05/2002','88');
INSERT INTO lote_insumo VALUES ('94238','01/06/2001','90');
INSERT INTO lote_insumo VALUES ('94312','01/07/1995','88');
INSERT INTO lote_insumo VALUES ('94578','01/07/2000','79');
INSERT INTO lote_insumo VALUES ('94650','01/08/2001','55');
INSERT INTO lote_insumo VALUES ('94756','01/08/2009','117');
INSERT INTO lote_insumo VALUES ('94779','01/10/1991','30');
INSERT INTO lote_insumo VALUES ('95036','01/10/1999','108');
INSERT INTO lote_insumo VALUES ('95489','01/10/2001','115');
INSERT INTO lote_insumo VALUES ('95555','01/11/2006','74');
INSERT INTO lote_insumo VALUES ('95974','01/11/2007','97');
INSERT INTO lote_insumo VALUES ('96010','01/13/2008','111');
INSERT INTO lote_insumo VALUES ('96143','01/13/2009','98');
INSERT INTO lote_insumo VALUES ('96674','01/13/2013','91');
INSERT INTO lote_insumo VALUES ('96791','01/14/2007','90');
INSERT INTO lote_insumo VALUES ('97139','01/15/2008','104');
INSERT INTO lote_insumo VALUES ('97296','01/15/2013','90');
INSERT INTO lote_insumo VALUES ('97376','01/16/1991','48');
INSERT INTO lote_insumo VALUES ('97478','01/16/2000','30');
INSERT INTO lote_insumo VALUES ('97596','01/17/2010','119');
INSERT INTO lote_insumo VALUES ('97991','01/17/2015','45');
INSERT INTO lote_insumo VALUES ('98146','01/18/1990','106');
INSERT INTO lote_insumo VALUES ('98455','01/18/2001','119');
INSERT INTO lote_insumo VALUES ('98896','01/18/2013','83');
INSERT INTO lote_insumo VALUES ('99229','01/20/2000','40');
INSERT INTO lote_insumo VALUES ('99275','01/20/2014','109');
INSERT INTO lote_insumo VALUES ('99380','01/23/1998','113');
INSERT INTO lote_insumo VALUES ('99390','01/23/2004','61');
INSERT INTO lote_insumo VALUES ('99406','01/23/2013','64');
INSERT INTO lote_insumo VALUES ('99566','01/24/1995','109');
INSERT INTO lote_insumo VALUES ('99621','01/24/2004','94');
INSERT INTO lote_insumo VALUES ('99648','01/25/2006','89');
INSERT INTO lote_insumo VALUES ('00109','01/25/2012','38');
INSERT INTO lote_insumo VALUES ('00547','01/27/1994','38');
INSERT INTO lote_insumo VALUES ('00801','01/27/2011','55');
INSERT INTO insumo VALUES ('123395020131','00109','1919','Nelore','28877657316458','01/01/2000');
INSERT INTO insumo VALUES ('173362733792','00547','4831','Holandesa','89937689711651','01/03/2003');
INSERT INTO insumo VALUES ('613177568382','00801','4872','Pastoreira','78454526435479','01/04/2005');
INSERT INTO insumo VALUES ('565226371754','00916','1901','Mimosa','21436994841879','01/04/2015');
INSERT INTO insumo VALUES ('970186961151','00961','882','Branquinha','83755674698581','01/05/2002');
INSERT INTO insumo VALUES ('703216920322','02529','1231','Manchada','65249196532235','01/06/2001');
INSERT INTO insumo VALUES ('569698751396','03056','3000','Nelore','48731659959757','01/07/1995');
INSERT INTO insumo VALUES ('119494362412','03077','1084','Holandesa','56327963523623','01/07/2000');
INSERT INTO insumo VALUES ('560283504066','03298','548','Pastoreira','44275515822161','01/08/2001');
INSERT INTO insumo VALUES ('708365223979','04010','4974','Mimosa','43518343123326','01/08/2009');
INSERT INTO insumo VALUES ('421630037249','04231','3295','Branquinha','44329841926868','01/10/1991');
INSERT INTO insumo VALUES ('422353395317','04454','2983','Manchada','57416536723521','01/10/1999');
INSERT INTO insumo VALUES ('508208124066','04557','1757','Nelore','63942321432162','01/10/2001');
INSERT INTO insumo VALUES ('802092980425','04698','4336','Holandesa','68799722948579','01/11/2006');
INSERT INTO insumo VALUES ('460023122757','04701','2067','Pastoreira','79726195817937','01/11/2007');
INSERT INTO insumo VALUES ('254726388550','04761','1226','Mimosa','49548155944589','01/13/2008');
INSERT INTO insumo VALUES ('583504510611','04766','1852','Branquinha','88267353828123','01/13/2009');
INSERT INTO insumo VALUES ('127581767704','05211','782','Manchada','57912634612282','01/13/2013');
INSERT INTO insumo VALUES ('959387665353','05704','4324','Nelore','63263711789328','01/14/2007');
INSERT INTO insumo VALUES ('967828586488','05850','4837','Holandesa','17673712114243','01/15/2008');
INSERT INTO insumo VALUES ('835024201344','05891','3929','Pastoreira','13744922376121','01/15/2013');
INSERT INTO insumo VALUES ('337287883046','05935','4773','Mimosa','27519581186556','01/16/1991');
INSERT INTO insumo VALUES ('701283105362','06363','2778','Branquinha','28542893824528','01/16/2000');
INSERT INTO insumo VALUES ('850795457328','07110','2504','Manchada','31892846956395','01/17/2010');
INSERT INTO insumo VALUES ('405965062296','07264','2819','Nelore','31583535646416','01/17/2015');
INSERT INTO insumo VALUES ('197745266857','07597','4061','Holandesa','13858159882622','01/18/1990');
INSERT INTO insumo VALUES ('968582488513','08029','1750','Pastoreira','72915664468234','01/18/2001');
INSERT INTO insumo VALUES ('678129794100','08374','1127','Mimosa','24892684838944','01/18/2013');
INSERT INTO insumo VALUES ('227998122432','08497','1215','Branquinha','81469922822532','01/20/2000');
INSERT INTO insumo VALUES ('116790831016','08559','146','Manchada','12688859223945','01/20/2014');
INSERT INTO insumo VALUES ('512376567926','08643','4404','Nelore','68931826397446','01/23/1998');
INSERT INTO insumo VALUES ('130186197765','08677','377','Holandesa','48561267417794','01/23/2004');
INSERT INTO insumo VALUES ('599763904054','09345','4313','Pastoreira','99443352843151','01/23/2013');
INSERT INTO insumo VALUES ('626360144423','09399','322','Mimosa','56756444114214','01/24/1995');
INSERT INTO insumo VALUES ('473264176345','09668','2821','Branquinha','48456483488493','01/24/2004');
INSERT INTO insumo VALUES ('455389350874','09963','1620','Manchada','83514637295758','01/25/2006');
INSERT INTO insumo VALUES ('222630691321','10049','2756','Nelore','68335491474951','01/25/2012');
INSERT INTO insumo VALUES ('142009900801','10185','1877','Holandesa','54796673574722','01/27/1994');
INSERT INTO insumo VALUES ('252611488438','10422','1911','Pastoreira','27927972661639','01/27/2011');
INSERT INTO insumo VALUES ('844837714642','11235','1928','Mimosa','13623132583611','01/29/2003');
INSERT INTO insumo VALUES ('169531053248','11597','4883','Branquinha','29248348439557','01/29/2011');
INSERT INTO insumo VALUES ('450399968864','11626','4401','Manchada','82529926942364','02/01/1996');
INSERT INTO insumo VALUES ('045737892604','11688','1956','Nelore','19886157696946','02/02/2002');
INSERT INTO insumo VALUES ('639873218154','11932','2316','Holandesa','69388859575247','02/02/2003');
INSERT INTO insumo VALUES ('548206583692','12084','1430','Pastoreira','13725272821719','02/05/1999');
INSERT INTO insumo VALUES ('558879025756','12105','2568','Mimosa','45625191389857','02/05/2006');
INSERT INTO insumo VALUES ('283496521382','12177','2044','Branquinha','68838555273434','02/09/2005');
INSERT INTO insumo VALUES ('986906417370','12200','1966','Manchada','64743551837458','02/09/2007');
INSERT INTO insumo VALUES ('125557443932','12434','4757','Nelore','24384683576765','02/09/2014');
INSERT INTO insumo VALUES ('393687739582','12743','3932','Holandesa','38892957235256','02/10/1995');
INSERT INTO insumo VALUES ('738307210329','12793','2598','Pastoreira','29463276543895','02/10/2000');
INSERT INTO insumo VALUES ('842433728868','12831','5027','Mimosa','58693253681925','02/11/1993');
INSERT INTO insumo VALUES ('594750475076','12900','4602','Branquinha','56544742131736','02/11/2005');
INSERT INTO insumo VALUES ('808443830492','12973','3538','Manchada','69669122877223','02/12/2005');
INSERT INTO insumo VALUES ('420412637072','13257','1231','Nelore','74191842111493','02/13/2004');
INSERT INTO insumo VALUES ('555205960499','13278','3509','Holandesa','63526331696872','02/15/2000');
INSERT INTO insumo VALUES ('419034817993','13286','1259','Pastoreira','48682639863676','02/15/2002');
INSERT INTO insumo VALUES ('317820334977','13402','4451','Mimosa','46888344334346','02/15/2012');
INSERT INTO preco_leite_uht VALUES ('1919','.028');
INSERT INTO preco_leite_uht VALUES ('4831','.355');
INSERT INTO preco_leite_uht VALUES ('4872','.410');
INSERT INTO preco_leite_uht VALUES ('1901','.806');
INSERT INTO preco_leite_uht VALUES ('882','.527');
INSERT INTO preco_leite_uht VALUES ('1231','.371');
INSERT INTO preco_leite_uht VALUES ('3000','.299');
INSERT INTO preco_leite_uht VALUES ('1084','.301');
INSERT INTO preco_leite_uht VALUES ('548','.895');
INSERT INTO preco_leite_uht VALUES ('4974','.498');
INSERT INTO preco_leite_uht VALUES ('3295','.269');
INSERT INTO preco_leite_uht VALUES ('2983','.293');
INSERT INTO preco_leite_uht VALUES ('1757','.298');
INSERT INTO preco_leite_uht VALUES ('4336','.364');
INSERT INTO preco_leite_uht VALUES ('2067','.482');
INSERT INTO preco_leite_uht VALUES ('1226','.041');
INSERT INTO preco_leite_uht VALUES ('1852','.975');
INSERT INTO preco_leite_uht VALUES ('782','.859');
INSERT INTO preco_leite_uht VALUES ('4324','.931');
INSERT INTO preco_leite_uht VALUES ('4837','.529');
INSERT INTO preco_leite_uht VALUES ('3929','.935');
INSERT INTO preco_leite_uht VALUES ('4773','.196');
INSERT INTO preco_leite_uht VALUES ('2778','.632');
INSERT INTO preco_leite_uht VALUES ('2504','.018');
INSERT INTO preco_leite_uht VALUES ('2819','.886');
INSERT INTO preco_leite_uht VALUES ('4061','.464');
INSERT INTO preco_leite_uht VALUES ('1750','.004');
INSERT INTO preco_leite_uht VALUES ('1127','.152');
INSERT INTO preco_leite_uht VALUES ('1215','.438');
INSERT INTO preco_leite_uht VALUES ('146','.411');
INSERT INTO preco_leite_uht VALUES ('4404','.813');
INSERT INTO preco_leite_uht VALUES ('377','.450');
INSERT INTO preco_leite_uht VALUES ('4313','.089');
INSERT INTO preco_leite_uht VALUES ('322','.535');
INSERT INTO preco_leite_uht VALUES ('2821','.005');
INSERT INTO preco_leite_uht VALUES ('1620','.419');
INSERT INTO preco_leite_uht VALUES ('2756','.171');
INSERT INTO preco_leite_uht VALUES ('1877','.407');
INSERT INTO preco_leite_uht VALUES ('1911','.071');
INSERT INTO preco_leite_uht VALUES ('1928','.332');
INSERT INTO preco_leite_uht VALUES ('4883','.745');
INSERT INTO preco_leite_uht VALUES ('4401','.956');
INSERT INTO preco_leite_uht VALUES ('1956','.262');
INSERT INTO preco_leite_uht VALUES ('2316','.219');
INSERT INTO preco_leite_uht VALUES ('1430','.192');
INSERT INTO preco_leite_uht VALUES ('2568','.994');
INSERT INTO preco_leite_uht VALUES ('2044','.789');
INSERT INTO preco_leite_uht VALUES ('1966','.470');
INSERT INTO preco_leite_uht VALUES ('4757','.163');
INSERT INTO preco_leite_uht VALUES ('3932','.486');
INSERT INTO preco_leite_uht VALUES ('2598','.628');
INSERT INTO preco_leite_uht VALUES ('5027','.896');
INSERT INTO preco_leite_uht VALUES ('4602','.509');
INSERT INTO preco_leite_uht VALUES ('3538','.553');
INSERT INTO preco_leite_uht VALUES ('1231','.828');
INSERT INTO preco_leite_uht VALUES ('3509','.151');
INSERT INTO preco_leite_uht VALUES ('1259','.873');
INSERT INTO preco_leite_uht VALUES ('4451','.056');
INSERT INTO preco_leite_uht VALUES ('543','.623');
INSERT INTO preco_leite_uht VALUES ('233','.722');
INSERT INTO preco_leite_uht VALUES ('2042','.371');
INSERT INTO preco_leite_uht VALUES ('1008','.402');
INSERT INTO preco_leite_uht VALUES ('547','.137');
INSERT INTO preco_leite_uht VALUES ('333','.762');
INSERT INTO preco_leite_uht VALUES ('1367','.931');
INSERT INTO preco_leite_uht VALUES ('438','.128');
INSERT INTO preco_leite_uht VALUES ('3119','.739');
INSERT INTO preco_leite_uht VALUES ('3642','.897');
INSERT INTO preco_leite_uht VALUES ('2574','.055');
INSERT INTO preco_leite_uht VALUES ('760','.097');
INSERT INTO preco_leite_uht VALUES ('4326','.711');
INSERT INTO preco_leite_uht VALUES ('1446','.570');
INSERT INTO preco_leite_uht VALUES ('4315','.339');
INSERT INTO preco_leite_uht VALUES ('1758','.174');
INSERT INTO preco_leite_uht VALUES ('4726','.080');
INSERT INTO preco_leite_uht VALUES ('2016','.698');
INSERT INTO preco_leite_uht VALUES ('1362','.296');
INSERT INTO preco_leite_uht VALUES ('1234','.352');
INSERT INTO preco_leite_uht VALUES ('2068','.378');
INSERT INTO preco_leite_uht VALUES ('2944','.909');
INSERT INTO preco_leite_uht VALUES ('4280','.831');
INSERT INTO preco_leite_uht VALUES ('2095','.700');
INSERT INTO preco_leite_uht VALUES ('1147','.859');
INSERT INTO preco_leite_uht VALUES ('2498','.945');
INSERT INTO preco_leite_uht VALUES ('1557','.924');
INSERT INTO preco_leite_uht VALUES ('4175','.934');
INSERT INTO preco_leite_uht VALUES ('4851','.972');
INSERT INTO preco_leite_uht VALUES ('3351','.898');
INSERT INTO preco_leite_uht VALUES ('2841','.970');
INSERT INTO preco_leite_uht VALUES ('4971','.683');
INSERT INTO preco_leite_uht VALUES ('2078','.452');
INSERT INTO preco_leite_uht VALUES ('3533','.649');
INSERT INTO preco_leite_uht VALUES ('1787','.317');
INSERT INTO preco_leite_uht VALUES ('2288','.357');
INSERT INTO preco_leite_uht VALUES ('2307','.895');
INSERT INTO preco_leite_uht VALUES ('2410','.816');
INSERT INTO preco_leite_uht VALUES ('3813','.048');
INSERT INTO preco_leite_uht VALUES ('3321','.266');
INSERT INTO preco_leite_uht VALUES ('1533','.618');
INSERT INTO preco_leite_uht VALUES ('5060','.437');
INSERT INTO preco_leite_uht VALUES ('1724','.477');
INSERT INTO preco_leite_uht VALUES ('1753','.650');
INSERT INTO preco_leite_uht VALUES ('518','.120');
INSERT INTO preco_leite_uht VALUES ('4129','.778');
INSERT INTO preco_leite_uht VALUES ('4485','.507');
INSERT INTO preco_leite_uht VALUES ('773','.551');
INSERT INTO preco_leite_uht VALUES ('3452','.349');
INSERT INTO preco_leite_uht VALUES ('837','.889');
INSERT INTO preco_leite_uht VALUES ('3798','.204');
INSERT INTO preco_leite_uht VALUES ('2412','.311');
INSERT INTO preco_leite_uht VALUES ('1950','.740');
INSERT INTO preco_leite_uht VALUES ('3235','.822');
INSERT INTO preco_leite_uht VALUES ('2821','.514');
INSERT INTO preco_leite_uht VALUES ('2852','.502');
INSERT INTO preco_leite_uht VALUES ('2422','.078');
INSERT INTO preco_leite_uht VALUES ('4151','.140');
INSERT INTO preco_leite_uht VALUES ('4754','.328');
INSERT INTO preco_leite_uht VALUES ('604','.203');
INSERT INTO preco_leite_uht VALUES ('2343','.929');
INSERT INTO preco_leite_uht VALUES ('4022','.383');
INSERT INTO preco_leite_uht VALUES ('4836','.966');
INSERT INTO preco_leite_uht VALUES ('503','.891');
INSERT INTO preco_leite_uht VALUES ('3630','.002');
INSERT INTO preco_leite_uht VALUES ('3335','.271');
INSERT INTO preco_leite_uht VALUES ('5002','.730');
INSERT INTO preco_leite_uht VALUES ('4395','.333');
INSERT INTO preco_leite_uht VALUES ('220','.682');
INSERT INTO preco_leite_uht VALUES ('342','.609');
INSERT INTO preco_leite_uht VALUES ('1093','.702');
INSERT INTO preco_leite_uht VALUES ('1146','.408');
INSERT INTO preco_leite_uht VALUES ('1789','.251');
INSERT INTO preco_leite_uht VALUES ('2851','.690');
INSERT INTO preco_leite_uht VALUES ('2931','.520');
INSERT INTO preco_leite_uht VALUES ('2651','.014');
INSERT INTO preco_leite_uht VALUES ('155','.887');
INSERT INTO preco_leite_uht VALUES ('2164','.242');
INSERT INTO preco_leite_uht VALUES ('3255','.981');
INSERT INTO preco_leite_uht VALUES ('1922','.762');
INSERT INTO preco_leite_uht VALUES ('2987','.046');
INSERT INTO preco_leite_uht VALUES ('1905','.861');
INSERT INTO preco_leite_uht VALUES ('1512','.158');
INSERT INTO preco_leite_uht VALUES ('2247','.220');
INSERT INTO preco_leite_uht VALUES ('3148','.542');
INSERT INTO preco_leite_uht VALUES ('2578','.900');
INSERT INTO preco_leite_uht VALUES ('683','.603');
INSERT INTO preco_leite_uht VALUES ('2421','.593');
INSERT INTO preco_leite_uht VALUES ('588','.357');
INSERT INTO preco_leite_uht VALUES ('3644','.078');
INSERT INTO preco_leite_uht VALUES ('291','.506');
INSERT INTO preco_leite_uht VALUES ('4362','.171');
INSERT INTO preco_leite_uht VALUES ('697','.092');
INSERT INTO preco_leite_uht VALUES ('372','.495');
INSERT INTO preco_leite_uht VALUES ('933','.203');
INSERT INTO preco_leite_uht VALUES ('4024','.615');
INSERT INTO preco_leite_uht VALUES ('1650','.978');
INSERT INTO preco_leite_uht VALUES ('2955','.498');
INSERT INTO preco_leite_uht VALUES ('3994','.461');
INSERT INTO preco_leite_uht VALUES ('4725','.830');
INSERT INTO preco_leite_uht VALUES ('1305','.196');
INSERT INTO preco_leite_uht VALUES ('3009','.818');
INSERT INTO preco_leite_uht VALUES ('220','.378');
INSERT INTO preco_leite_uht VALUES ('4102','.085');
INSERT INTO preco_leite_uht VALUES ('2955','.024');
INSERT INTO preco_leite_uht VALUES ('1080','.299');
INSERT INTO preco_leite_uht VALUES ('1960','.730');
INSERT INTO preco_leite_uht VALUES ('4413','.881');
INSERT INTO preco_leite_uht VALUES ('2567','.976');
INSERT INTO preco_leite_uht VALUES ('3010','.988');
INSERT INTO preco_leite_uht VALUES ('1986','.005');
INSERT INTO preco_leite_uht VALUES ('1226','.754');
INSERT INTO preco_leite_uht VALUES ('228','.454');
INSERT INTO preco_leite_uht VALUES ('2684','.170');
INSERT INTO preco_leite_uht VALUES ('4140','.079');
INSERT INTO preco_leite_uht VALUES ('2453','.200');
INSERT INTO preco_leite_uht VALUES ('2668','.297');
INSERT INTO preco_leite_uht VALUES ('1094','.898');
INSERT INTO preco_leite_uht VALUES ('1719','.108');
INSERT INTO preco_leite_uht VALUES ('2269','.929');
INSERT INTO preco_leite_uht VALUES ('876','.462');
INSERT INTO preco_leite_uht VALUES ('1389','.282');
INSERT INTO preco_leite_uht VALUES ('448','.951');
INSERT INTO preco_leite_uht VALUES ('4743','.649');
INSERT INTO preco_leite_uht VALUES ('5017','.541');
INSERT INTO preco_leite_uht VALUES ('3180','.707');
INSERT INTO preco_leite_uht VALUES ('1714','.259');
INSERT INTO preco_leite_uht VALUES ('2575','.046');
INSERT INTO preco_leite_uht VALUES ('4599','.460');
INSERT INTO preco_leite_uht VALUES ('449','.282');
INSERT INTO preco_leite_uht VALUES ('2062','.452');
INSERT INTO preco_leite_uht VALUES ('272','.702');
INSERT INTO preco_leite_uht VALUES ('4314','.908');
INSERT INTO preco_leite_uht VALUES ('4587','.205');
INSERT INTO preco_leite_uht VALUES ('4395','.073');
INSERT INTO preco_leite_uht VALUES ('3083','.789');
INSERT INTO preco_leite_uht VALUES ('2595','.918');
INSERT INTO preco_leite_uht VALUES ('1644','.512');
INSERT INTO preco_leite_uht VALUES ('105','.481');
INSERT INTO preco_leite_uht VALUES ('3168','.501');
INSERT INTO preco_leite_uht VALUES ('3290','.900');
INSERT INTO preco_leite_uht VALUES ('723','.215');
INSERT INTO preco_leite_uht VALUES ('4408','.131');
INSERT INTO preco_leite_uht VALUES ('1153','.807');
INSERT INTO preco_leite_uht VALUES ('2231','.140');
INSERT INTO preco_leite_uht VALUES ('1965','.104');
INSERT INTO preco_leite_uht VALUES ('4023','.361');
INSERT INTO preco_leite_uht VALUES ('1074','.874');
INSERT INTO preco_leite_uht VALUES ('641','.912');
INSERT INTO preco_leite_uht VALUES ('4349','.092');
INSERT INTO preco_leite_uht VALUES ('2850','.039');
INSERT INTO preco_leite_uht VALUES ('4923','.920');
INSERT INTO preco_leite_uht VALUES ('3628','.871');
INSERT INTO preco_leite_uht VALUES ('4526','.260');
INSERT INTO preco_leite_uht VALUES ('3509','.453');
INSERT INTO preco_leite_uht VALUES ('458','.118');
INSERT INTO preco_leite_uht VALUES ('3773','.779');
INSERT INTO preco_leite_uht VALUES ('3448','.232');
INSERT INTO preco_leite_uht VALUES ('625','.752');
INSERT INTO preco_leite_uht VALUES ('839','.161');
INSERT INTO preco_leite_uht VALUES ('370','.728');
INSERT INTO preco_leite_uht VALUES ('1033','.670');
INSERT INTO preco_leite_uht VALUES ('1640','.684');
INSERT INTO preco_leite_uht VALUES ('4412','.729');
INSERT INTO preco_leite_uht VALUES ('1589','.777');
INSERT INTO preco_leite_uht VALUES ('2535','.428');
INSERT INTO preco_leite_uht VALUES ('1847','.292');
INSERT INTO preco_leite_uht VALUES ('563','.545');
INSERT INTO preco_leite_uht VALUES ('3542','.680');
INSERT INTO preco_leite_uht VALUES ('1161','.939');
INSERT INTO preco_leite_uht VALUES ('1570','.847');
INSERT INTO preco_leite_uht VALUES ('398','.674');
INSERT INTO preco_leite_uht VALUES ('874','.181');
INSERT INTO preco_leite_uht VALUES ('3418','.338');
INSERT INTO preco_leite_uht VALUES ('2857','.773');
INSERT INTO preco_leite_uht VALUES ('4998','.555');
INSERT INTO preco_leite_uht VALUES ('1845','.749');
INSERT INTO preco_leite_uht VALUES ('1970','.013');
INSERT INTO preco_leite_uht VALUES ('3146','.456');
INSERT INTO preco_leite_uht VALUES ('260','.739');
INSERT INTO preco_leite_uht VALUES ('2820','.645');
INSERT INTO preco_leite_uht VALUES ('1994','.137');
INSERT INTO preco_leite_uht VALUES ('2049','.264');
INSERT INTO preco_leite_uht VALUES ('148','.887');
INSERT INTO preco_leite_uht VALUES ('2848','.529');
INSERT INTO preco_leite_uht VALUES ('1993','.491');
INSERT INTO preco_leite_uht VALUES ('1447','.108');
INSERT INTO preco_leite_uht VALUES ('3338','.679');
INSERT INTO preco_leite_uht VALUES ('803','.276');
INSERT INTO preco_leite_uht VALUES ('2765','.681');
INSERT INTO preco_leite_uht VALUES ('3307','.942');
INSERT INTO preco_leite_uht VALUES ('2911','.161');
INSERT INTO preco_leite_uht VALUES ('1361','.942');
INSERT INTO preco_leite_uht VALUES ('257','.394');
INSERT INTO preco_leite_uht VALUES ('1608','.208');
INSERT INTO preco_leite_uht VALUES ('3902','.121');
INSERT INTO preco_leite_uht VALUES ('4933','.728');
INSERT INTO preco_leite_uht VALUES ('4583','.030');
INSERT INTO preco_leite_uht VALUES ('177','.315');
INSERT INTO preco_leite_uht VALUES ('2403','.351');
INSERT INTO preco_leite_uht VALUES ('5074','.137');
INSERT INTO preco_leite_uht VALUES ('466','.791');
INSERT INTO preco_leite_uht VALUES ('2909','.307');
INSERT INTO preco_leite_uht VALUES ('962','.584');
INSERT INTO preco_leite_uht VALUES ('3069','.257');
INSERT INTO preco_leite_uht VALUES ('2907','.785');
INSERT INTO preco_leite_uht VALUES ('3357','.308');
INSERT INTO preco_leite_uht VALUES ('3532','.357');
INSERT INTO preco_leite_uht VALUES ('1761','.568');
INSERT INTO preco_leite_uht VALUES ('2302','.276');
INSERT INTO preco_leite_uht VALUES ('2459','.457');
INSERT INTO preco_leite_uht VALUES ('3965','.321');
INSERT INTO preco_leite_uht VALUES ('2111','.412');
INSERT INTO preco_leite_uht VALUES ('2467','.424');
INSERT INTO preco_leite_uht VALUES ('3870','.942');
INSERT INTO preco_leite_uht VALUES ('3635','.127');
INSERT INTO preco_leite_uht VALUES ('425','.305');
INSERT INTO preco_leite_uht VALUES ('1108','.090');
INSERT INTO preco_leite_uht VALUES ('2502','.301');
INSERT INTO preco_leite_uht VALUES ('4272','.212');
INSERT INTO preco_leite_uht VALUES ('1131','.227');
INSERT INTO preco_leite_uht VALUES ('1600','.124');
INSERT INTO preco_leite_uht VALUES ('2317','.816');
INSERT INTO preco_leite_uht VALUES ('3944','.925');
INSERT INTO preco_leite_uht VALUES ('3247','.961');
INSERT INTO preco_leite_uht VALUES ('3695','.982');
INSERT INTO preco_leite_uht VALUES ('1326','.438');
INSERT INTO preco_leite_uht VALUES ('4096','.343');
INSERT INTO preco_leite_uht VALUES ('2618','.003');
INSERT INTO preco_leite_uht VALUES ('2008','.333');
INSERT INTO preco_leite_uht VALUES ('4263','.832');
INSERT INTO preco_leite_uht VALUES ('1801','.415');
INSERT INTO preco_leite_uht VALUES ('4366','.946');
INSERT INTO preco_leite_uht VALUES ('2925','.764');
INSERT INTO preco_leite_uht VALUES ('1675','.951');
INSERT INTO preco_leite_uht VALUES ('1690','.751');
INSERT INTO preco_leite_uht VALUES ('2139','.454');
INSERT INTO preco_leite_uht VALUES ('2104','.048');
INSERT INTO preco_leite_uht VALUES ('2645','.608');
INSERT INTO preco_leite_uht VALUES ('208','.116');
INSERT INTO preco_leite_uht VALUES ('1477','.067');
INSERT INTO preco_leite_uht VALUES ('450','.211');
INSERT INTO preco_leite_uht VALUES ('1842','.920');
INSERT INTO preco_leite_uht VALUES ('207','.899');
INSERT INTO preco_leite_uht VALUES ('887','.622');
INSERT INTO preco_leite_uht VALUES ('163','.035');
INSERT INTO preco_leite_uht VALUES ('2528','.366');
INSERT INTO preco_leite_uht VALUES ('3954','.572');
INSERT INTO preco_leite_uht VALUES ('2421','.286');
INSERT INTO preco_leite_uht VALUES ('811','.571');
INSERT INTO preco_leite_uht VALUES ('573','.781');
INSERT INTO preco_leite_uht VALUES ('1079','.181');
INSERT INTO preco_leite_uht VALUES ('4007','.309');
INSERT INTO preco_leite_uht VALUES ('3484','.627');
INSERT INTO preco_leite_uht VALUES ('768','.576');
INSERT INTO preco_leite_uht VALUES ('3574','.104');
INSERT INTO preco_leite_uht VALUES ('4989','.558');
INSERT INTO preco_leite_uht VALUES ('345','.070');
INSERT INTO preco_leite_uht VALUES ('1722','.205');
INSERT INTO preco_leite_uht VALUES ('604','.296');
INSERT INTO preco_leite_uht VALUES ('3242','.087');
INSERT INTO preco_leite_uht VALUES ('4282','.368');
INSERT INTO preco_leite_uht VALUES ('1771','.888');
INSERT INTO lote_leite_uht VALUES ('00109','01/01/2000','50','A');
INSERT INTO lote_leite_uht VALUES ('00547','01/03/2003','102','B');
INSERT INTO lote_leite_uht VALUES ('00801','01/04/2005','30','C');
INSERT INTO lote_leite_uht VALUES ('00916','01/04/2015','38','D');
INSERT INTO lote_leite_uht VALUES ('00961','01/05/2002','119','E');
INSERT INTO lote_leite_uht VALUES ('02529','01/06/2001','80','A');
INSERT INTO lote_leite_uht VALUES ('03056','01/07/1995','80','B');
INSERT INTO lote_leite_uht VALUES ('03077','01/07/2000','118','C');
INSERT INTO lote_leite_uht VALUES ('03298','01/08/2001','84','D');
INSERT INTO lote_leite_uht VALUES ('04010','01/08/2009','109','E');
INSERT INTO lote_leite_uht VALUES ('04231','01/10/1991','40','A');
INSERT INTO lote_leite_uht VALUES ('04454','01/10/1999','55','B');
INSERT INTO lote_leite_uht VALUES ('04557','01/10/2001','93','C');
INSERT INTO lote_leite_uht VALUES ('04698','01/11/2006','118','D');
INSERT INTO lote_leite_uht VALUES ('04701','01/11/2007','32','E');
INSERT INTO lote_leite_uht VALUES ('04761','01/13/2008','113','A');
INSERT INTO lote_leite_uht VALUES ('04766','01/13/2009','111','B');
INSERT INTO lote_leite_uht VALUES ('05211','01/13/2013','62','C');
INSERT INTO lote_leite_uht VALUES ('05704','01/14/2007','38','D');
INSERT INTO lote_leite_uht VALUES ('05850','01/15/2008','95','E');
INSERT INTO lote_leite_uht VALUES ('05891','01/15/2013','73','A');
INSERT INTO lote_leite_uht VALUES ('05935','01/16/1991','64','B');
INSERT INTO lote_leite_uht VALUES ('06363','01/16/2000','56','C');
INSERT INTO lote_leite_uht VALUES ('07110','01/17/2010','40','D');
INSERT INTO lote_leite_uht VALUES ('07264','01/17/2015','51','E');
INSERT INTO lote_leite_uht VALUES ('07597','01/18/1990','87','A');
INSERT INTO lote_leite_uht VALUES ('08029','01/18/2001','83','B');
INSERT INTO lote_leite_uht VALUES ('08374','01/18/2013','40','C');
INSERT INTO lote_leite_uht VALUES ('08497','01/20/2000','97','D');
INSERT INTO lote_leite_uht VALUES ('08559','01/20/2014','103','E');
INSERT INTO lote_leite_uht VALUES ('08643','01/23/1998','55','A');
INSERT INTO lote_leite_uht VALUES ('08677','01/23/2004','46','B');
INSERT INTO lote_leite_uht VALUES ('09345','01/23/2013','88','C');
INSERT INTO lote_leite_uht VALUES ('09399','01/24/1995','47','D');
INSERT INTO lote_leite_uht VALUES ('09668','01/24/2004','62','E');
INSERT INTO lote_leite_uht VALUES ('09963','01/25/2006','92','A');
INSERT INTO lote_leite_uht VALUES ('10049','01/25/2012','105','B');
INSERT INTO lote_leite_uht VALUES ('10185','01/27/1994','33','C');
INSERT INTO lote_leite_uht VALUES ('10422','01/27/2011','31','D');
INSERT INTO lote_leite_uht VALUES ('11235','01/29/2003','56','E');
INSERT INTO lote_leite_uht VALUES ('11597','01/29/2011','119','A');
INSERT INTO lote_leite_uht VALUES ('11626','02/01/1996','45','B');
INSERT INTO lote_leite_uht VALUES ('11688','02/02/2002','110','C');
INSERT INTO lote_leite_uht VALUES ('11932','02/02/2003','116','D');
INSERT INTO lote_leite_uht VALUES ('12084','02/05/1999','50','E');
INSERT INTO lote_leite_uht VALUES ('12105','02/05/2006','98','A');
INSERT INTO lote_leite_uht VALUES ('12177','02/09/2005','102','B');
INSERT INTO lote_leite_uht VALUES ('12200','02/09/2007','82','C');
INSERT INTO lote_leite_uht VALUES ('12434','02/09/2014','83','D');
INSERT INTO lote_leite_uht VALUES ('12743','02/10/1995','119','E');
INSERT INTO lote_leite_uht VALUES ('12793','02/10/2000','75','A');
INSERT INTO lote_leite_uht VALUES ('12831','02/11/1993','49','B');
INSERT INTO lote_leite_uht VALUES ('12900','02/11/2005','115','C');
INSERT INTO lote_leite_uht VALUES ('12973','02/12/2005','36','D');
INSERT INTO lote_leite_uht VALUES ('13257','02/13/2004','38','E');
INSERT INTO lote_leite_uht VALUES ('13278','02/15/2000','113','A');
INSERT INTO lote_leite_uht VALUES ('13286','02/15/2002','57','B');
INSERT INTO lote_leite_uht VALUES ('13402','02/15/2012','78','C');
INSERT INTO lote_leite_uht VALUES ('13506','02/17/1991','116','D');
INSERT INTO lote_leite_uht VALUES ('13532','02/17/1999','41','E');
INSERT INTO lote_leite_uht VALUES ('13736','02/17/2011','96','A');
INSERT INTO lote_leite_uht VALUES ('14083','02/17/2013','94','B');
INSERT INTO lote_leite_uht VALUES ('14140','02/19/1990','88','C');
INSERT INTO lote_leite_uht VALUES ('14527','02/20/1997','51','D');
INSERT INTO lote_leite_uht VALUES ('14606','02/20/1999','68','E');
INSERT INTO lote_leite_uht VALUES ('14918','02/20/2006','57','A');
INSERT INTO lote_leite_uht VALUES ('15562','02/20/2009','35','B');
INSERT INTO lote_leite_uht VALUES ('15583','02/22/2002','98','C');
INSERT INTO lote_leite_uht VALUES ('16025','02/22/2004','76','D');
INSERT INTO lote_leite_uht VALUES ('16031','02/23/1993','48','E');
INSERT INTO lote_leite_uht VALUES ('16174','02/23/2012','70','A');
INSERT INTO lote_leite_uht VALUES ('16237','02/24/2014','66','B');
INSERT INTO lote_leite_uht VALUES ('16375','02/25/1999','54','C');
INSERT INTO lote_leite_uht VALUES ('16442','02/26/1992','116','D');
INSERT INTO lote_leite_uht VALUES ('16593','02/26/1995','90','E');
INSERT INTO lote_leite_uht VALUES ('16625','02/27/2004','84','A');
INSERT INTO lote_leite_uht VALUES ('16718','02/28/2007','55','B');
INSERT INTO lote_leite_uht VALUES ('16779','02/28/2015','119','C');
INSERT INTO lote_leite_uht VALUES ('16978','02/29/2002','36','D');
INSERT INTO lote_leite_uht VALUES ('17249','02/29/2005','73','E');
INSERT INTO lote_leite_uht VALUES ('17459','02/29/2009','114','A');
INSERT INTO lote_leite_uht VALUES ('17485','03/01/1997','93','B');
INSERT INTO lote_leite_uht VALUES ('17515','03/02/1990','84','C');
INSERT INTO lote_leite_uht VALUES ('18135','03/02/2010','109','D');
INSERT INTO lote_leite_uht VALUES ('18633','03/04/2015','66','E');
INSERT INTO lote_leite_uht VALUES ('18717','03/08/1997','101','A');
INSERT INTO lote_leite_uht VALUES ('18738','03/08/2006','63','B');
INSERT INTO lote_leite_uht VALUES ('19502','03/09/1994','32','C');
INSERT INTO lote_leite_uht VALUES ('19547','03/09/1995','77','D');
INSERT INTO lote_leite_uht VALUES ('19763','03/09/2013','63','E');
INSERT INTO lote_leite_uht VALUES ('19861','03/10/1996','87','A');
INSERT INTO lote_leite_uht VALUES ('20140','03/11/2003','39','B');
INSERT INTO lote_leite_uht VALUES ('20389','03/11/2007','74','C');
INSERT INTO lote_leite_uht VALUES ('20905','03/13/1994','66','D');
INSERT INTO lote_leite_uht VALUES ('21342','03/13/1997','98','E');
INSERT INTO lote_leite_uht VALUES ('21439','03/13/2010','50','A');
INSERT INTO lote_leite_uht VALUES ('21657','03/15/2015','63','B');
INSERT INTO lote_leite_uht VALUES ('22108','03/16/1993','76','C');
INSERT INTO lote_leite_uht VALUES ('22109','03/16/2004','103','D');
INSERT INTO lote_leite_uht VALUES ('22282','03/18/1990','59','E');
INSERT INTO lote_leite_uht VALUES ('22303','03/19/1999','37','A');
INSERT INTO lote_leite_uht VALUES ('22466','03/19/2002','119','B');
INSERT INTO lote_leite_uht VALUES ('22571','03/19/2005','93','C');
INSERT INTO lote_leite_uht VALUES ('22627','03/21/1998','96','D');
INSERT INTO lote_leite_uht VALUES ('22756','03/21/2009','31','E');
INSERT INTO lote_leite_uht VALUES ('23017','03/23/2009','40','A');
INSERT INTO lote_leite_uht VALUES ('23196','03/24/1996','90','B');
INSERT INTO lote_leite_uht VALUES ('23242','03/24/1999','43','C');
INSERT INTO lote_leite_uht VALUES ('23474','03/25/1995','102','D');
INSERT INTO lote_leite_uht VALUES ('23488','03/27/1998','30','E');
INSERT INTO lote_leite_uht VALUES ('23553','03/27/2000','106','A');
INSERT INTO lote_leite_uht VALUES ('23756','03/28/1997','106','B');
INSERT INTO lote_leite_uht VALUES ('23894','03/28/2001','98','C');
INSERT INTO lote_leite_uht VALUES ('24487','03/28/2012','81','D');
INSERT INTO lote_leite_uht VALUES ('24546','03/29/2008','108','E');
INSERT INTO lote_leite_uht VALUES ('24768','03/29/2011','84','A');
INSERT INTO lote_leite_uht VALUES ('25100','04/01/1992','30','B');
INSERT INTO lote_leite_uht VALUES ('25285','04/02/1993','67','C');
INSERT INTO lote_leite_uht VALUES ('25518','04/02/1994','77','D');
INSERT INTO lote_leite_uht VALUES ('25582','04/02/2008','89','E');
INSERT INTO lote_leite_uht VALUES ('26305','04/03/1999','74','A');
INSERT INTO lote_leite_uht VALUES ('27095','04/03/2009','101','B');
INSERT INTO lote_leite_uht VALUES ('27256','04/04/1990','109','C');
INSERT INTO lote_leite_uht VALUES ('27297','04/05/1999','105','D');
INSERT INTO lote_leite_uht VALUES ('27428','04/06/2015','82','E');
INSERT INTO lote_leite_uht VALUES ('27513','04/07/2009','86','A');
INSERT INTO lote_leite_uht VALUES ('27539','04/08/1995','55','B');
INSERT INTO lote_leite_uht VALUES ('27563','04/08/2006','101','C');
INSERT INTO lote_leite_uht VALUES ('28280','04/10/1990','93','D');
INSERT INTO lote_leite_uht VALUES ('28535','04/10/1992','80','E');
INSERT INTO lote_leite_uht VALUES ('28634','04/10/2002','81','A');
INSERT INTO lote_leite_uht VALUES ('28645','04/10/2003','87','B');
INSERT INTO lote_leite_uht VALUES ('28677','04/10/2008','68','C');
INSERT INTO lote_leite_uht VALUES ('28768','04/13/1997','97','D');
INSERT INTO lote_leite_uht VALUES ('28973','04/14/1992','75','E');
INSERT INTO lote_leite_uht VALUES ('29182','04/14/1999','117','A');
INSERT INTO lote_leite_uht VALUES ('29576','04/15/1991','116','B');
INSERT INTO lote_leite_uht VALUES ('29846','04/16/1991','64','C');
INSERT INTO lote_leite_uht VALUES ('30324','04/16/2007','67','D');
INSERT INTO lote_leite_uht VALUES ('30554','04/17/2002','70','E');
INSERT INTO lote_leite_uht VALUES ('30652','04/17/2009','98','A');
INSERT INTO lote_leite_uht VALUES ('30872','04/17/2014','111','B');
INSERT INTO lote_leite_uht VALUES ('31553','04/17/2015','62','C');
INSERT INTO lote_leite_uht VALUES ('31711','04/18/1994','67','D');
INSERT INTO lote_leite_uht VALUES ('31722','04/18/2004','37','E');
INSERT INTO lote_leite_uht VALUES ('31954','04/19/2001','63','A');
INSERT INTO lote_leite_uht VALUES ('32283','04/19/2008','34','B');
INSERT INTO lote_leite_uht VALUES ('32360','04/19/2013','53','C');
INSERT INTO lote_leite_uht VALUES ('32506','04/20/1990','57','D');
INSERT INTO lote_leite_uht VALUES ('32710','04/20/1995','93','E');
INSERT INTO lote_leite_uht VALUES ('32910','04/20/2003','78','A');
INSERT INTO lote_leite_uht VALUES ('33030','04/20/2005','117','B');
INSERT INTO lote_leite_uht VALUES ('33240','04/21/2000','94','C');
INSERT INTO lote_leite_uht VALUES ('33362','04/21/2009','42','D');
INSERT INTO lote_leite_uht VALUES ('33481','04/23/1995','108','E');
INSERT INTO lote_leite_uht VALUES ('33560','04/23/2010','98','A');
INSERT INTO lote_leite_uht VALUES ('33561','04/24/2005','95','B');
INSERT INTO lote_leite_uht VALUES ('34005','04/25/1999','104','C');
INSERT INTO lote_leite_uht VALUES ('34472','04/27/1990','33','D');
INSERT INTO lote_leite_uht VALUES ('34605','04/27/2008','48','E');
INSERT INTO lote_leite_uht VALUES ('34886','04/27/2012','109','A');
INSERT INTO lote_leite_uht VALUES ('34903','04/28/1991','102','B');
INSERT INTO lote_leite_uht VALUES ('35122','05/01/2005','89','C');
INSERT INTO lote_leite_uht VALUES ('35315','05/01/2011','94','D');
INSERT INTO lote_leite_uht VALUES ('35536','05/03/1999','66','E');
INSERT INTO lote_leite_uht VALUES ('35575','05/04/2001','80','A');
INSERT INTO lote_leite_uht VALUES ('35717','05/05/2002','82','B');
INSERT INTO lote_leite_uht VALUES ('35722','05/09/1998','101','C');
INSERT INTO lote_leite_uht VALUES ('35917','05/10/1997','75','D');
INSERT INTO lote_leite_uht VALUES ('36060','05/10/2002','38','E');
INSERT INTO lote_leite_uht VALUES ('36107','05/11/2007','108','A');
INSERT INTO lote_leite_uht VALUES ('36142','05/13/2012','83','B');
INSERT INTO lote_leite_uht VALUES ('36211','05/15/2008','77','C');
INSERT INTO lote_leite_uht VALUES ('36288','05/15/2015','111','D');
INSERT INTO lote_leite_uht VALUES ('36842','05/16/2000','36','E');
INSERT INTO lote_leite_uht VALUES ('36995','05/19/2000','82','A');
INSERT INTO lote_leite_uht VALUES ('37154','05/19/2006','51','B');
INSERT INTO lote_leite_uht VALUES ('37335','05/24/1990','56','C');
INSERT INTO lote_leite_uht VALUES ('37553','05/24/2004','43','D');
INSERT INTO lote_leite_uht VALUES ('37679','05/24/2012','108','E');
INSERT INTO lote_leite_uht VALUES ('37749','05/25/1991','47','A');
INSERT INTO lote_leite_uht VALUES ('37959','05/25/2009','111','B');
INSERT INTO lote_leite_uht VALUES ('38040','05/25/2010','52','C');
INSERT INTO lote_leite_uht VALUES ('38304','05/26/1992','39','D');
INSERT INTO lote_leite_uht VALUES ('38316','05/26/1998','91','E');
INSERT INTO lote_leite_uht VALUES ('38483','05/26/1999','95','A');
INSERT INTO lote_leite_uht VALUES ('38520','05/27/2014','50','B');
INSERT INTO lote_leite_uht VALUES ('38580','05/28/2001','52','C');
INSERT INTO lote_leite_uht VALUES ('38699','05/29/1995','95','D');
INSERT INTO lote_leite_uht VALUES ('38775','05/29/2003','79','E');
INSERT INTO lote_leite_uht VALUES ('39102','05/29/2006','49','A');
INSERT INTO lote_leite_uht VALUES ('39298','06/01/2001','58','B');
INSERT INTO lote_leite_uht VALUES ('39471','06/02/2004','96','C');
INSERT INTO lote_leite_uht VALUES ('40147','06/04/1997','60','D');
INSERT INTO lote_leite_uht VALUES ('40232','06/04/2010','36','E');
INSERT INTO lote_leite_uht VALUES ('40491','06/04/2012','102','A');
INSERT INTO lote_leite_uht VALUES ('40504','06/04/2013','82','B');
INSERT INTO lote_leite_uht VALUES ('40590','06/04/2014','66','C');
INSERT INTO lote_leite_uht VALUES ('40630','06/05/1994','31','D');
INSERT INTO lote_leite_uht VALUES ('41156','06/05/1995','34','E');
INSERT INTO lote_leite_uht VALUES ('41503','06/06/1992','96','A');
INSERT INTO lote_leite_uht VALUES ('41636','06/06/2003','76','B');
INSERT INTO lote_leite_uht VALUES ('41763','06/07/1995','48','C');
INSERT INTO lote_leite_uht VALUES ('41901','06/08/2002','56','D');
INSERT INTO lote_leite_uht VALUES ('41928','06/09/1998','46','E');
INSERT INTO lote_leite_uht VALUES ('42348','06/11/1994','97','A');
INSERT INTO lote_leite_uht VALUES ('42889','06/12/2002','53','B');
INSERT INTO lote_leite_uht VALUES ('43018','06/12/2007','92','C');
INSERT INTO lote_leite_uht VALUES ('43399','06/12/2013','92','D');
INSERT INTO lote_leite_uht VALUES ('43445','06/13/1992','61','E');
INSERT INTO lote_leite_uht VALUES ('43590','06/13/2004','46','A');
INSERT INTO lote_leite_uht VALUES ('43731','06/13/2010','55','B');
INSERT INTO lote_leite_uht VALUES ('43934','06/14/1999','89','C');
INSERT INTO lote_leite_uht VALUES ('44172','06/14/2006','62','D');
INSERT INTO lote_leite_uht VALUES ('44228','06/15/2001','114','E');
INSERT INTO lote_leite_uht VALUES ('44316','06/15/2006','109','A');
INSERT INTO lote_leite_uht VALUES ('44456','06/17/1999','66','B');
INSERT INTO lote_leite_uht VALUES ('44503','06/20/1990','49','C');
INSERT INTO lote_leite_uht VALUES ('44814','06/20/1993','32','D');
INSERT INTO lote_leite_uht VALUES ('44969','06/21/1990','34','E');
INSERT INTO lote_leite_uht VALUES ('45123','06/21/1996','76','A');
INSERT INTO lote_leite_uht VALUES ('45135','06/21/1998','60','B');
INSERT INTO lote_leite_uht VALUES ('45363','06/21/2013','33','C');
INSERT INTO lote_leite_uht VALUES ('45394','06/22/1990','44','D');
INSERT INTO lote_leite_uht VALUES ('45418','06/22/1995','87','E');
INSERT INTO lote_leite_uht VALUES ('45432','06/23/2005','68','A');
INSERT INTO lote_leite_uht VALUES ('45443','06/24/2000','67','B');
INSERT INTO lote_leite_uht VALUES ('45559','06/24/2010','51','C');
INSERT INTO lote_leite_uht VALUES ('45684','06/24/2012','34','D');
INSERT INTO lote_leite_uht VALUES ('46339','06/26/2011','94','E');
INSERT INTO lote_leite_uht VALUES ('46417','06/28/1995','33','A');
INSERT INTO lote_leite_uht VALUES ('46486','06/28/2011','36','B');
INSERT INTO lote_leite_uht VALUES ('46554','06/28/2015','63','C');
INSERT INTO lote_leite_uht VALUES ('46565','06/29/2015','58','D');
INSERT INTO lote_leite_uht VALUES ('46734','07/01/2002','59','E');
INSERT INTO lote_leite_uht VALUES ('46810','07/03/2014','34','A');
INSERT INTO lote_leite_uht VALUES ('46913','07/04/1997','109','B');
INSERT INTO lote_leite_uht VALUES ('46974','07/04/2000','50','C');
INSERT INTO lote_leite_uht VALUES ('47124','07/04/2002','79','D');
INSERT INTO lote_leite_uht VALUES ('47307','07/04/2007','95','E');
INSERT INTO lote_leite_uht VALUES ('47612','07/05/2015','113','A');
INSERT INTO lote_leite_uht VALUES ('47733','07/06/1999','30','B');
INSERT INTO lote_leite_uht VALUES ('48072','07/07/1991','81','C');
INSERT INTO lote_leite_uht VALUES ('48221','07/08/1994','58','D');
INSERT INTO lote_leite_uht VALUES ('48254','07/08/2011','65','E');
INSERT INTO lote_leite_uht VALUES ('48339','07/10/2005','79','A');
INSERT INTO lote_leite_uht VALUES ('48934','07/10/2012','116','B');
INSERT INTO lote_leite_uht VALUES ('48995','07/10/2013','66','C');
INSERT INTO lote_leite_uht VALUES ('49027','07/11/1993','97','D');
INSERT INTO lote_leite_uht VALUES ('49527','07/13/1999','47','E');
INSERT INTO lote_leite_uht VALUES ('49528','07/14/1996','30','A');
INSERT INTO lote_leite_uht VALUES ('49626','07/14/2014','103','B');
INSERT INTO lote_leite_uht VALUES ('49792','07/15/1994','109','C');
INSERT INTO lote_leite_uht VALUES ('49862','07/15/2001','95','D');
INSERT INTO lote_leite_uht VALUES ('49955','07/15/2015','112','E');
INSERT INTO lote_leite_uht VALUES ('50079','07/16/1997','71','A');
INSERT INTO lote_leite_uht VALUES ('50518','07/17/2012','45','B');
INSERT INTO lote_leite_uht VALUES ('50573','07/18/2001','53','C');
INSERT INTO lote_leite_uht VALUES ('50643','07/18/2006','99','D');
INSERT INTO lote_leite_uht VALUES ('50753','07/19/2003','64','E');
INSERT INTO lote_leite_uht VALUES ('50977','07/20/1991','103','A');
INSERT INTO lote_leite_uht VALUES ('51194','07/20/2014','70','B');
INSERT INTO lote_leite_uht VALUES ('51275','07/21/2011','61','C');
INSERT INTO lote_leite_uht VALUES ('51365','07/21/2014','71','D');
INSERT INTO lote_leite_uht VALUES ('51867','07/22/1997','84','E');
INSERT INTO lote_leite_uht VALUES ('52347','07/23/1994','108','A');
INSERT INTO lote_leite_uht VALUES ('53123','07/24/2002','42','B');
INSERT INTO lote_leite_uht VALUES ('53282','07/24/2007','89','C');
INSERT INTO lote_leite_uht VALUES ('53394','07/27/1992','66','D');
INSERT INTO lote_leite_uht VALUES ('53401','07/27/2010','118','E');
INSERT INTO lote_leite_uht VALUES ('53528','07/28/2003','86','A');
INSERT INTO lote_leite_uht VALUES ('53529','07/28/2004','111','B');
INSERT INTO lote_leite_uht VALUES ('53662','07/28/2008','43','C');
INSERT INTO lote_leite_uht VALUES ('53666','07/29/1998','44','D');
INSERT INTO lote_leite_uht VALUES ('54096','08/01/2002','36','E');
INSERT INTO lote_leite_uht VALUES ('54221','08/01/2008','82','A');
INSERT INTO lote_leite_uht VALUES ('54322','08/01/2013','105','B');
INSERT INTO lote_leite_uht VALUES ('54359','08/02/1995','111','C');
INSERT INTO lote_leite_uht VALUES ('54654','08/02/2001','85','D');
INSERT INTO lote_leite_uht VALUES ('54770','08/03/2011','87','E');
INSERT INTO lote_leite_uht VALUES ('54849','08/04/1992','71','A');
INSERT INTO lote_leite_uht VALUES ('54969','08/04/2014','86','B');
INSERT INTO lote_leite_uht VALUES ('55294','08/05/1990','78','C');
INSERT INTO lote_leite_uht VALUES ('55340','08/05/1998','71','D');
INSERT INTO lote_leite_uht VALUES ('55498','08/05/2010','82','E');
INSERT INTO lote_leite_uht VALUES ('55499','08/06/1991','40','A');
INSERT INTO lote_leite_uht VALUES ('55541','08/06/2008','35','B');
INSERT INTO lote_leite_uht VALUES ('55795','08/07/1998','85','C');
INSERT INTO lote_leite_uht VALUES ('55830','08/07/2014','78','D');
INSERT INTO lote_leite_uht VALUES ('56001','08/09/1997','118','E');
INSERT INTO lote_leite_uht VALUES ('56244','08/09/2000','104','A');
INSERT INTO lote_leite_uht VALUES ('56313','08/09/2005','67','B');
INSERT INTO lote_leite_uht VALUES ('56529','08/10/1993','52','C');
INSERT INTO lote_leite_uht VALUES ('56593','08/11/2008','96','D');
INSERT INTO lote_leite_uht VALUES ('56776','08/12/1994','73','E');
INSERT INTO lote_leite_uht VALUES ('56873','08/12/2002','69','A');
INSERT INTO lote_leite_uht VALUES ('57179','08/12/2012','86','B');
INSERT INTO lote_leite_uht VALUES ('57246','08/13/1990','110','C');
INSERT INTO lote_leite_uht VALUES ('57301','08/14/2000','33','D');
INSERT INTO lote_leite_uht VALUES ('57333','08/15/1998','36','E');
INSERT INTO lote_leite_uht VALUES ('57369','08/15/1999','88','A');
INSERT INTO lote_leite_uht VALUES ('57370','08/15/2008','90','B');
INSERT INTO lote_leite_uht VALUES ('57379','08/16/2005','88','C');
INSERT INTO lote_leite_uht VALUES ('57597','08/16/2011','79','D');
INSERT INTO lote_leite_uht VALUES ('57866','08/18/1991','55','E');
INSERT INTO lote_leite_uht VALUES ('58116','08/18/1995','117','A');
INSERT INTO lote_leite_uht VALUES ('58136','08/19/2004','30','B');
INSERT INTO lote_leite_uht VALUES ('58266','08/19/2008','108','C');
INSERT INTO lote_leite_uht VALUES ('58836','08/20/1994','115','D');
INSERT INTO lote_leite_uht VALUES ('58981','08/20/1996','74','E');
INSERT INTO lote_leite_uht VALUES ('59015','08/20/2001','97','A');
INSERT INTO lote_leite_uht VALUES ('59120','08/20/2008','111','B');
INSERT INTO lote_leite_uht VALUES ('59233','08/22/1996','98','C');
INSERT INTO lote_leite_uht VALUES ('59268','08/22/2008','91','D');
INSERT INTO lote_leite_uht VALUES ('59611','08/23/1999','90','E');
INSERT INTO lote_leite_uht VALUES ('59754','08/24/2011','104','A');
INSERT INTO lote_leite_uht VALUES ('59944','08/25/1991','90','B');
INSERT INTO lote_leite_uht VALUES ('60044','08/27/2011','48','C');
INSERT INTO lote_leite_uht VALUES ('60147','08/28/1992','30','D');
INSERT INTO lote_leite_uht VALUES ('60470','08/28/1993','119','E');
INSERT INTO lote_leite_uht VALUES ('61101','08/28/2000','45','A');
INSERT INTO leite_uht VALUES ('123395020131','00109','Rua do dublagem, 68, Distrito Federal - DF','1919','28877657316458','28877657316458','01/01/2000');
INSERT INTO leite_uht VALUES ('173362733792','00547','Rua do interrogacao, 344, Bahia - BA','4831','89937689711651','89937689711651','01/03/2003');
INSERT INTO leite_uht VALUES ('613177568382','00801','Rua do envergar, 27, Piauí - PI','4872','78454526435479','78454526435479','01/04/2005');
INSERT INTO leite_uht VALUES ('565226371754','00916','Rua do roseira, 519, São Paulo - SP','1901','21436994841879','21436994841879','01/04/2015');
INSERT INTO leite_uht VALUES ('970186961151','00961','Rua do mesinha-de-cabeceira, 538, Rio de Janeiro - RJ','882','83755674698581','83755674698581','01/05/2002');
INSERT INTO leite_uht VALUES ('703216920322','02529','Rua do descolar, 576, Piauí - PI','1231','65249196532235','65249196532235','01/06/2001');
INSERT INTO leite_uht VALUES ('569698751396','03056','Rua do degradar, 51, Santa Catarina - SC','3000','48731659959757','48731659959757','01/07/1995');
INSERT INTO leite_uht VALUES ('119494362412','03077','Rua do lacrimal, 273, Alagoas - AL','1084','56327963523623','56327963523623','01/07/2000');
INSERT INTO leite_uht VALUES ('560283504066','03298','Rua do ri, 891, Alagoas - AL','548','44275515822161','44275515822161','01/08/2001');
INSERT INTO leite_uht VALUES ('708365223979','04010','Rua do telegrama, 669, Pernambuco - PE','4974','43518343123326','43518343123326','01/08/2009');
INSERT INTO leite_uht VALUES ('421630037249','04231','Rua do acrimonioso, 727, Mato Grosso - MT','3295','44329841926868','44329841926868','01/10/1991');
INSERT INTO leite_uht VALUES ('422353395317','04454','Rua do grinalda, 463, Paraná - PR','2983','57416536723521','57416536723521','01/10/1999');
INSERT INTO leite_uht VALUES ('508208124066','04557','Rua do aspergir, 877, Espírito Santo - ES','1757','63942321432162','63942321432162','01/10/2001');
INSERT INTO leite_uht VALUES ('802092980425','04698','Rua do sulino, 892, Pará - PA','4336','68799722948579','68799722948579','01/11/2006');
INSERT INTO leite_uht VALUES ('460023122757','04701','Rua do calibrador, 160, Rio de Janeiro - RJ','2067','79726195817937','79726195817937','01/11/2007');
INSERT INTO leite_uht VALUES ('254726388550','04761','Rua do monarca, 203, Alagoas - AL','1226','49548155944589','49548155944589','01/13/2008');
INSERT INTO leite_uht VALUES ('583504510611','04766','Rua do revirado, 435, Sergipe - SE','1852','88267353828123','88267353828123','01/13/2009');
INSERT INTO leite_uht VALUES ('127581767704','05211','Rua do moinho, 553, Rio de Janeiro - RJ','782','57912634612282','57912634612282','01/13/2013');
INSERT INTO leite_uht VALUES ('959387665353','05704','Rua do cobra, 60, Paraná - PR','4324','63263711789328','63263711789328','01/14/2007');
INSERT INTO leite_uht VALUES ('967828586488','05850','Rua do aumentados, 826, Pará - PA','4837','17673712114243','17673712114243','01/15/2008');
INSERT INTO leite_uht VALUES ('835024201344','05891','Rua do strip-tease, 283, Rio de Janeiro - RJ','3929','13744922376121','13744922376121','01/15/2013');
INSERT INTO leite_uht VALUES ('337287883046','05935','Rua do transtorno, 946, Bahia - BA','4773','27519581186556','27519581186556','01/16/1991');
INSERT INTO leite_uht VALUES ('701283105362','06363','Rua do centopeia, 272, Acre - AC','2778','28542893824528','28542893824528','01/16/2000');
INSERT INTO leite_uht VALUES ('850795457328','07110','Rua do sinistro, 873, Roraima - RR','2504','31892846956395','31892846956395','01/17/2010');
INSERT INTO leite_uht VALUES ('405965062296','07264','Rua do piscar, 214, Santa Catarina - SC','2819','31583535646416','31583535646416','01/17/2015');
INSERT INTO leite_uht VALUES ('197745266857','07597','Rua do primario, 149, Rio Grande do Sul - RS','4061','13858159882622','13858159882622','01/18/1990');
INSERT INTO leite_uht VALUES ('968582488513','08029','Rua do atolado, 711, Sergipe - SE','1750','72915664468234','72915664468234','01/18/2001');
INSERT INTO leite_uht VALUES ('678129794100','08374','Rua do aparentado, 977, Mato Grosso do Sul - MS','1127','24892684838944','24892684838944','01/18/2013');
INSERT INTO leite_uht VALUES ('227998122432','08497','Rua do descabelar, 788, Alagoas - AL','1215','81469922822532','81469922822532','01/20/2000');
INSERT INTO leite_uht VALUES ('116790831016','08559','Rua do sinistrado, 61, Ceará - CE','146','12688859223945','12688859223945','01/20/2014');
INSERT INTO leite_uht VALUES ('512376567926','08643','Rua do deslizamento, 567, Acre - AC','4404','68931826397446','68931826397446','01/23/1998');
INSERT INTO leite_uht VALUES ('130186197765','08677','Rua do forcado, 532, Maranhão - MA','377','48561267417794','48561267417794','01/23/2004');
INSERT INTO leite_uht VALUES ('599763904054','09345','Rua do proximo, 6, Piauí - PI','4313','99443352843151','99443352843151','01/23/2013');
INSERT INTO leite_uht VALUES ('626360144423','09399','Rua do constar, 226, Goiás - GO','322','56756444114214','56756444114214','01/24/1995');
INSERT INTO preco_queijo VALUES ('1919','.028');
INSERT INTO preco_queijo VALUES ('4831','.355');
INSERT INTO preco_queijo VALUES ('4872','.410');
INSERT INTO preco_queijo VALUES ('1901','.806');
INSERT INTO preco_queijo VALUES ('882','.527');
INSERT INTO preco_queijo VALUES ('1231','.371');
INSERT INTO preco_queijo VALUES ('3000','.299');
INSERT INTO preco_queijo VALUES ('1084','.301');
INSERT INTO preco_queijo VALUES ('548','.895');
INSERT INTO preco_queijo VALUES ('4974','.498');
INSERT INTO preco_queijo VALUES ('3295','.269');
INSERT INTO preco_queijo VALUES ('2983','.293');
INSERT INTO preco_queijo VALUES ('1757','.298');
INSERT INTO preco_queijo VALUES ('4336','.364');
INSERT INTO preco_queijo VALUES ('2067','.482');
INSERT INTO preco_queijo VALUES ('1226','.041');
INSERT INTO preco_queijo VALUES ('1852','.975');
INSERT INTO preco_queijo VALUES ('782','.859');
INSERT INTO preco_queijo VALUES ('4324','.931');
INSERT INTO preco_queijo VALUES ('4837','.529');
INSERT INTO preco_queijo VALUES ('3929','.935');
INSERT INTO preco_queijo VALUES ('4773','.196');
INSERT INTO preco_queijo VALUES ('2778','.632');
INSERT INTO preco_queijo VALUES ('2504','.018');
INSERT INTO preco_queijo VALUES ('2819','.886');
INSERT INTO preco_queijo VALUES ('4061','.464');
INSERT INTO preco_queijo VALUES ('1750','.004');
INSERT INTO preco_queijo VALUES ('1127','.152');
INSERT INTO preco_queijo VALUES ('1215','.438');
INSERT INTO preco_queijo VALUES ('146','.411');
INSERT INTO preco_queijo VALUES ('4404','.813');
INSERT INTO preco_queijo VALUES ('377','.450');
INSERT INTO preco_queijo VALUES ('4313','.089');
INSERT INTO preco_queijo VALUES ('322','.535');
INSERT INTO preco_queijo VALUES ('2821','.005');
INSERT INTO preco_queijo VALUES ('1620','.419');
INSERT INTO preco_queijo VALUES ('2756','.171');
INSERT INTO preco_queijo VALUES ('1877','.407');
INSERT INTO preco_queijo VALUES ('1911','.071');
INSERT INTO preco_queijo VALUES ('1928','.332');
INSERT INTO preco_queijo VALUES ('4883','.745');
INSERT INTO preco_queijo VALUES ('4401','.956');
INSERT INTO preco_queijo VALUES ('1956','.262');
INSERT INTO preco_queijo VALUES ('2316','.219');
INSERT INTO preco_queijo VALUES ('1430','.192');
INSERT INTO preco_queijo VALUES ('2568','.994');
INSERT INTO preco_queijo VALUES ('2044','.789');
INSERT INTO preco_queijo VALUES ('1966','.470');
INSERT INTO preco_queijo VALUES ('4757','.163');
INSERT INTO preco_queijo VALUES ('3932','.486');
INSERT INTO preco_queijo VALUES ('2598','.628');
INSERT INTO preco_queijo VALUES ('5027','.896');
INSERT INTO preco_queijo VALUES ('4602','.509');
INSERT INTO preco_queijo VALUES ('3538','.553');
INSERT INTO preco_queijo VALUES ('1231','.828');
INSERT INTO preco_queijo VALUES ('3509','.151');
INSERT INTO preco_queijo VALUES ('1259','.873');
INSERT INTO preco_queijo VALUES ('4451','.056');
INSERT INTO preco_queijo VALUES ('543','.623');
INSERT INTO preco_queijo VALUES ('233','.722');
INSERT INTO preco_queijo VALUES ('2042','.371');
INSERT INTO preco_queijo VALUES ('1008','.402');
INSERT INTO preco_queijo VALUES ('547','.137');
INSERT INTO preco_queijo VALUES ('333','.762');
INSERT INTO preco_queijo VALUES ('1367','.931');
INSERT INTO preco_queijo VALUES ('438','.128');
INSERT INTO preco_queijo VALUES ('3119','.739');
INSERT INTO preco_queijo VALUES ('3642','.897');
INSERT INTO preco_queijo VALUES ('2574','.055');
INSERT INTO preco_queijo VALUES ('760','.097');
INSERT INTO preco_queijo VALUES ('4326','.711');
INSERT INTO preco_queijo VALUES ('1446','.570');
INSERT INTO preco_queijo VALUES ('4315','.339');
INSERT INTO preco_queijo VALUES ('1758','.174');
INSERT INTO preco_queijo VALUES ('4726','.080');
INSERT INTO preco_queijo VALUES ('2016','.698');
INSERT INTO preco_queijo VALUES ('1362','.296');
INSERT INTO preco_queijo VALUES ('1234','.352');
INSERT INTO preco_queijo VALUES ('2068','.378');
INSERT INTO preco_queijo VALUES ('2944','.909');
INSERT INTO preco_queijo VALUES ('4280','.831');
INSERT INTO preco_queijo VALUES ('2095','.700');
INSERT INTO preco_queijo VALUES ('1147','.859');
INSERT INTO preco_queijo VALUES ('2498','.945');
INSERT INTO preco_queijo VALUES ('1557','.924');
INSERT INTO preco_queijo VALUES ('4175','.934');
INSERT INTO preco_queijo VALUES ('4851','.972');
INSERT INTO preco_queijo VALUES ('3351','.898');
INSERT INTO preco_queijo VALUES ('2841','.970');
INSERT INTO preco_queijo VALUES ('4971','.683');
INSERT INTO preco_queijo VALUES ('2078','.452');
INSERT INTO preco_queijo VALUES ('3533','.649');
INSERT INTO preco_queijo VALUES ('1787','.317');
INSERT INTO preco_queijo VALUES ('2288','.357');
INSERT INTO preco_queijo VALUES ('2307','.895');
INSERT INTO preco_queijo VALUES ('2410','.816');
INSERT INTO preco_queijo VALUES ('3813','.048');
INSERT INTO preco_queijo VALUES ('3321','.266');
INSERT INTO preco_queijo VALUES ('1533','.618');
INSERT INTO preco_queijo VALUES ('5060','.437');
INSERT INTO preco_queijo VALUES ('1724','.477');
INSERT INTO preco_queijo VALUES ('1753','.650');
INSERT INTO preco_queijo VALUES ('518','.120');
INSERT INTO preco_queijo VALUES ('4129','.778');
INSERT INTO preco_queijo VALUES ('4485','.507');
INSERT INTO preco_queijo VALUES ('773','.551');
INSERT INTO preco_queijo VALUES ('3452','.349');
INSERT INTO preco_queijo VALUES ('837','.889');
INSERT INTO preco_queijo VALUES ('3798','.204');
INSERT INTO preco_queijo VALUES ('2412','.311');
INSERT INTO preco_queijo VALUES ('1950','.740');
INSERT INTO preco_queijo VALUES ('3235','.822');
INSERT INTO preco_queijo VALUES ('2821','.514');
INSERT INTO preco_queijo VALUES ('2852','.502');
INSERT INTO preco_queijo VALUES ('2422','.078');
INSERT INTO preco_queijo VALUES ('4151','.140');
INSERT INTO preco_queijo VALUES ('4754','.328');
INSERT INTO preco_queijo VALUES ('604','.203');
INSERT INTO preco_queijo VALUES ('2343','.929');
INSERT INTO preco_queijo VALUES ('4022','.383');
INSERT INTO preco_queijo VALUES ('4836','.966');
INSERT INTO preco_queijo VALUES ('503','.891');
INSERT INTO preco_queijo VALUES ('3630','.002');
INSERT INTO preco_queijo VALUES ('3335','.271');
INSERT INTO preco_queijo VALUES ('5002','.730');
INSERT INTO preco_queijo VALUES ('4395','.333');
INSERT INTO preco_queijo VALUES ('220','.682');
INSERT INTO preco_queijo VALUES ('342','.609');
INSERT INTO preco_queijo VALUES ('1093','.702');
INSERT INTO preco_queijo VALUES ('1146','.408');
INSERT INTO preco_queijo VALUES ('1789','.251');
INSERT INTO preco_queijo VALUES ('2851','.690');
INSERT INTO preco_queijo VALUES ('2931','.520');
INSERT INTO preco_queijo VALUES ('2651','.014');
INSERT INTO preco_queijo VALUES ('155','.887');
INSERT INTO preco_queijo VALUES ('2164','.242');
INSERT INTO preco_queijo VALUES ('3255','.981');
INSERT INTO preco_queijo VALUES ('1922','.762');
INSERT INTO preco_queijo VALUES ('2987','.046');
INSERT INTO preco_queijo VALUES ('1905','.861');
INSERT INTO preco_queijo VALUES ('1512','.158');
INSERT INTO preco_queijo VALUES ('2247','.220');
INSERT INTO preco_queijo VALUES ('3148','.542');
INSERT INTO preco_queijo VALUES ('2578','.900');
INSERT INTO preco_queijo VALUES ('683','.603');
INSERT INTO preco_queijo VALUES ('2421','.593');
INSERT INTO preco_queijo VALUES ('588','.357');
INSERT INTO preco_queijo VALUES ('3644','.078');
INSERT INTO preco_queijo VALUES ('291','.506');
INSERT INTO preco_queijo VALUES ('4362','.171');
INSERT INTO preco_queijo VALUES ('697','.092');
INSERT INTO preco_queijo VALUES ('372','.495');
INSERT INTO preco_queijo VALUES ('933','.203');
INSERT INTO preco_queijo VALUES ('4024','.615');
INSERT INTO preco_queijo VALUES ('1650','.978');
INSERT INTO preco_queijo VALUES ('2955','.498');
INSERT INTO preco_queijo VALUES ('3994','.461');
INSERT INTO preco_queijo VALUES ('4725','.830');
INSERT INTO preco_queijo VALUES ('1305','.196');
INSERT INTO preco_queijo VALUES ('3009','.818');
INSERT INTO preco_queijo VALUES ('220','.378');
INSERT INTO preco_queijo VALUES ('4102','.085');
INSERT INTO preco_queijo VALUES ('2955','.024');
INSERT INTO preco_queijo VALUES ('1080','.299');
INSERT INTO preco_queijo VALUES ('1960','.730');
INSERT INTO preco_queijo VALUES ('4413','.881');
INSERT INTO preco_queijo VALUES ('2567','.976');
INSERT INTO preco_queijo VALUES ('3010','.988');
INSERT INTO preco_queijo VALUES ('1986','.005');
INSERT INTO preco_queijo VALUES ('1226','.754');
INSERT INTO preco_queijo VALUES ('228','.454');
INSERT INTO preco_queijo VALUES ('2684','.170');
INSERT INTO preco_queijo VALUES ('4140','.079');
INSERT INTO preco_queijo VALUES ('2453','.200');
INSERT INTO preco_queijo VALUES ('2668','.297');
INSERT INTO preco_queijo VALUES ('1094','.898');
INSERT INTO preco_queijo VALUES ('1719','.108');
INSERT INTO preco_queijo VALUES ('2269','.929');
INSERT INTO preco_queijo VALUES ('876','.462');
INSERT INTO preco_queijo VALUES ('1389','.282');
INSERT INTO preco_queijo VALUES ('448','.951');
INSERT INTO preco_queijo VALUES ('4743','.649');
INSERT INTO preco_queijo VALUES ('5017','.541');
INSERT INTO preco_queijo VALUES ('3180','.707');
INSERT INTO preco_queijo VALUES ('1714','.259');
INSERT INTO preco_queijo VALUES ('2575','.046');
INSERT INTO preco_queijo VALUES ('4599','.460');
INSERT INTO preco_queijo VALUES ('449','.282');
INSERT INTO preco_queijo VALUES ('2062','.452');
INSERT INTO preco_queijo VALUES ('272','.702');
INSERT INTO preco_queijo VALUES ('4314','.908');
INSERT INTO preco_queijo VALUES ('4587','.205');
INSERT INTO preco_queijo VALUES ('4395','.073');
INSERT INTO preco_queijo VALUES ('3083','.789');
INSERT INTO preco_queijo VALUES ('2595','.918');
INSERT INTO preco_queijo VALUES ('1644','.512');
INSERT INTO preco_queijo VALUES ('105','.481');
INSERT INTO preco_queijo VALUES ('3168','.501');
INSERT INTO preco_queijo VALUES ('3290','.900');
INSERT INTO preco_queijo VALUES ('723','.215');
INSERT INTO preco_queijo VALUES ('4408','.131');
INSERT INTO preco_queijo VALUES ('1153','.807');
INSERT INTO preco_queijo VALUES ('2231','.140');
INSERT INTO preco_queijo VALUES ('1965','.104');
INSERT INTO preco_queijo VALUES ('4023','.361');
INSERT INTO preco_queijo VALUES ('1074','.874');
INSERT INTO preco_queijo VALUES ('641','.912');
INSERT INTO preco_queijo VALUES ('4349','.092');
INSERT INTO preco_queijo VALUES ('2850','.039');
INSERT INTO preco_queijo VALUES ('4923','.920');
INSERT INTO preco_queijo VALUES ('3628','.871');
INSERT INTO preco_queijo VALUES ('4526','.260');
INSERT INTO preco_queijo VALUES ('3509','.453');
INSERT INTO preco_queijo VALUES ('458','.118');
INSERT INTO preco_queijo VALUES ('3773','.779');
INSERT INTO preco_queijo VALUES ('3448','.232');
INSERT INTO preco_queijo VALUES ('625','.752');
INSERT INTO preco_queijo VALUES ('839','.161');
INSERT INTO preco_queijo VALUES ('370','.728');
INSERT INTO preco_queijo VALUES ('1033','.670');
INSERT INTO preco_queijo VALUES ('1640','.684');
INSERT INTO preco_queijo VALUES ('4412','.729');
INSERT INTO preco_queijo VALUES ('1589','.777');
INSERT INTO preco_queijo VALUES ('2535','.428');
INSERT INTO preco_queijo VALUES ('1847','.292');
INSERT INTO preco_queijo VALUES ('563','.545');
INSERT INTO preco_queijo VALUES ('3542','.680');
INSERT INTO preco_queijo VALUES ('1161','.939');
INSERT INTO preco_queijo VALUES ('1570','.847');
INSERT INTO preco_queijo VALUES ('398','.674');
INSERT INTO preco_queijo VALUES ('874','.181');
INSERT INTO preco_queijo VALUES ('3418','.338');
INSERT INTO preco_queijo VALUES ('2857','.773');
INSERT INTO preco_queijo VALUES ('4998','.555');
INSERT INTO preco_queijo VALUES ('1845','.749');
INSERT INTO preco_queijo VALUES ('1970','.013');
INSERT INTO preco_queijo VALUES ('3146','.456');
INSERT INTO preco_queijo VALUES ('260','.739');
INSERT INTO preco_queijo VALUES ('2820','.645');
INSERT INTO preco_queijo VALUES ('1994','.137');
INSERT INTO preco_queijo VALUES ('2049','.264');
INSERT INTO preco_queijo VALUES ('148','.887');
INSERT INTO preco_queijo VALUES ('2848','.529');
INSERT INTO preco_queijo VALUES ('1993','.491');
INSERT INTO preco_queijo VALUES ('1447','.108');
INSERT INTO preco_queijo VALUES ('3338','.679');
INSERT INTO preco_queijo VALUES ('803','.276');
INSERT INTO preco_queijo VALUES ('2765','.681');
INSERT INTO preco_queijo VALUES ('3307','.942');
INSERT INTO preco_queijo VALUES ('2911','.161');
INSERT INTO preco_queijo VALUES ('1361','.942');
INSERT INTO preco_queijo VALUES ('257','.394');
INSERT INTO preco_queijo VALUES ('1608','.208');
INSERT INTO preco_queijo VALUES ('3902','.121');
INSERT INTO preco_queijo VALUES ('4933','.728');
INSERT INTO preco_queijo VALUES ('4583','.030');
INSERT INTO preco_queijo VALUES ('177','.315');
INSERT INTO preco_queijo VALUES ('2403','.351');
INSERT INTO preco_queijo VALUES ('5074','.137');
INSERT INTO preco_queijo VALUES ('466','.791');
INSERT INTO preco_queijo VALUES ('2909','.307');
INSERT INTO preco_queijo VALUES ('962','.584');
INSERT INTO preco_queijo VALUES ('3069','.257');
INSERT INTO preco_queijo VALUES ('2907','.785');
INSERT INTO preco_queijo VALUES ('3357','.308');
INSERT INTO preco_queijo VALUES ('3532','.357');
INSERT INTO preco_queijo VALUES ('1761','.568');
INSERT INTO preco_queijo VALUES ('2302','.276');
INSERT INTO preco_queijo VALUES ('2459','.457');
INSERT INTO preco_queijo VALUES ('3965','.321');
INSERT INTO preco_queijo VALUES ('2111','.412');
INSERT INTO preco_queijo VALUES ('2467','.424');
INSERT INTO preco_queijo VALUES ('3870','.942');
INSERT INTO preco_queijo VALUES ('3635','.127');
INSERT INTO preco_queijo VALUES ('425','.305');
INSERT INTO preco_queijo VALUES ('1108','.090');
INSERT INTO preco_queijo VALUES ('2502','.301');
INSERT INTO preco_queijo VALUES ('4272','.212');
INSERT INTO preco_queijo VALUES ('1131','.227');
INSERT INTO preco_queijo VALUES ('1600','.124');
INSERT INTO preco_queijo VALUES ('2317','.816');
INSERT INTO preco_queijo VALUES ('3944','.925');
INSERT INTO preco_queijo VALUES ('3247','.961');
INSERT INTO preco_queijo VALUES ('3695','.982');
INSERT INTO preco_queijo VALUES ('1326','.438');
INSERT INTO preco_queijo VALUES ('4096','.343');
INSERT INTO preco_queijo VALUES ('2618','.003');
INSERT INTO preco_queijo VALUES ('2008','.333');
INSERT INTO preco_queijo VALUES ('4263','.832');
INSERT INTO preco_queijo VALUES ('1801','.415');
INSERT INTO preco_queijo VALUES ('4366','.946');
INSERT INTO preco_queijo VALUES ('2925','.764');
INSERT INTO preco_queijo VALUES ('1675','.951');
INSERT INTO preco_queijo VALUES ('1690','.751');
INSERT INTO preco_queijo VALUES ('2139','.454');
INSERT INTO preco_queijo VALUES ('2104','.048');
INSERT INTO preco_queijo VALUES ('2645','.608');
INSERT INTO preco_queijo VALUES ('208','.116');
INSERT INTO preco_queijo VALUES ('1477','.067');
INSERT INTO preco_queijo VALUES ('450','.211');
INSERT INTO preco_queijo VALUES ('1842','.920');
INSERT INTO preco_queijo VALUES ('207','.899');
INSERT INTO preco_queijo VALUES ('887','.622');
INSERT INTO preco_queijo VALUES ('163','.035');
INSERT INTO preco_queijo VALUES ('2528','.366');
INSERT INTO preco_queijo VALUES ('3954','.572');
INSERT INTO preco_queijo VALUES ('2421','.286');
INSERT INTO preco_queijo VALUES ('811','.571');
INSERT INTO preco_queijo VALUES ('573','.781');
INSERT INTO preco_queijo VALUES ('1079','.181');
INSERT INTO preco_queijo VALUES ('4007','.309');
INSERT INTO preco_queijo VALUES ('3484','.627');
INSERT INTO preco_queijo VALUES ('768','.576');
INSERT INTO preco_queijo VALUES ('3574','.104');
INSERT INTO preco_queijo VALUES ('4989','.558');
INSERT INTO preco_queijo VALUES ('345','.070');
INSERT INTO preco_queijo VALUES ('1722','.205');
INSERT INTO preco_queijo VALUES ('604','.296');
INSERT INTO preco_queijo VALUES ('3242','.087');
INSERT INTO preco_queijo VALUES ('4282','.368');
INSERT INTO preco_queijo VALUES ('1771','.888');
INSERT INTO preco_queijo VALUES ('913','.560');
INSERT INTO preco_queijo VALUES ('940','.726');
INSERT INTO preco_queijo VALUES ('540','.857');
INSERT INTO preco_queijo VALUES ('305','.263');
INSERT INTO preco_queijo VALUES ('1741','.172');
INSERT INTO preco_queijo VALUES ('762','.546');
INSERT INTO preco_queijo VALUES ('3052','.611');
INSERT INTO preco_queijo VALUES ('2058','.931');
INSERT INTO preco_queijo VALUES ('3703','.488');
INSERT INTO preco_queijo VALUES ('2047','.313');
INSERT INTO preco_queijo VALUES ('4960','.361');
INSERT INTO preco_queijo VALUES ('4546','.062');
INSERT INTO preco_queijo VALUES ('4000','.597');
INSERT INTO preco_queijo VALUES ('1039','.837');
INSERT INTO preco_queijo VALUES ('3265','.672');
INSERT INTO preco_queijo VALUES ('2744','.854');
INSERT INTO preco_queijo VALUES ('640','.872');
INSERT INTO preco_queijo VALUES ('5043','.970');
INSERT INTO preco_queijo VALUES ('2429','.418');
INSERT INTO preco_queijo VALUES ('2095','.280');
INSERT INTO preco_queijo VALUES ('1610','.371');
INSERT INTO preco_queijo VALUES ('1464','.040');
INSERT INTO preco_queijo VALUES ('4631','.210');
INSERT INTO preco_queijo VALUES ('2957','.838');
INSERT INTO preco_queijo VALUES ('1911','.611');
INSERT INTO preco_queijo VALUES ('1527','.595');
INSERT INTO preco_queijo VALUES ('2225','.003');
INSERT INTO preco_queijo VALUES ('362','.014');
INSERT INTO preco_queijo VALUES ('4712','.379');
INSERT INTO preco_queijo VALUES ('3480','.210');
INSERT INTO preco_queijo VALUES ('1843','.071');
INSERT INTO preco_queijo VALUES ('1356','.822');
INSERT INTO preco_queijo VALUES ('2006','.711');
INSERT INTO preco_queijo VALUES ('5039','.525');
INSERT INTO preco_queijo VALUES ('4304','.618');
INSERT INTO preco_queijo VALUES ('4199','.393');
INSERT INTO preco_queijo VALUES ('1910','.469');
INSERT INTO preco_queijo VALUES ('443','.371');
INSERT INTO preco_queijo VALUES ('2370','.229');
INSERT INTO preco_queijo VALUES ('2133','.588');
INSERT INTO preco_queijo VALUES ('3318','.182');
INSERT INTO preco_queijo VALUES ('998','.991');
INSERT INTO preco_queijo VALUES ('2287','.783');
INSERT INTO preco_queijo VALUES ('413','.408');
INSERT INTO preco_queijo VALUES ('2875','.417');
INSERT INTO preco_queijo VALUES ('3186','.463');
INSERT INTO preco_queijo VALUES ('2089','.366');
INSERT INTO preco_queijo VALUES ('479','.118');
INSERT INTO preco_queijo VALUES ('2229','.594');
INSERT INTO preco_queijo VALUES ('4428','.150');
INSERT INTO preco_queijo VALUES ('1165','.281');
INSERT INTO preco_queijo VALUES ('2918','.186');
INSERT INTO preco_queijo VALUES ('2726','.790');
INSERT INTO preco_queijo VALUES ('2032','.184');
INSERT INTO preco_queijo VALUES ('2790','.003');
INSERT INTO preco_queijo VALUES ('4551','.703');
INSERT INTO preco_queijo VALUES ('1375','.613');
INSERT INTO preco_queijo VALUES ('4434','.366');
INSERT INTO preco_queijo VALUES ('2548','.948');
INSERT INTO preco_queijo VALUES ('2353','.968');
INSERT INTO preco_queijo VALUES ('1690','.588');
INSERT INTO preco_queijo VALUES ('4947','.866');
INSERT INTO preco_queijo VALUES ('1834','.624');
INSERT INTO preco_queijo VALUES ('3608','.368');
INSERT INTO preco_queijo VALUES ('2895','.885');
INSERT INTO preco_queijo VALUES ('4423','.402');
INSERT INTO preco_queijo VALUES ('104','.727');
INSERT INTO preco_queijo VALUES ('3265','.817');
INSERT INTO preco_queijo VALUES ('4927','.499');
INSERT INTO preco_queijo VALUES ('3049','.626');
INSERT INTO preco_queijo VALUES ('3094','.808');
INSERT INTO preco_queijo VALUES ('4847','.532');
INSERT INTO preco_queijo VALUES ('3626','.925');
INSERT INTO preco_queijo VALUES ('2116','.258');
INSERT INTO preco_queijo VALUES ('4932','.728');
INSERT INTO preco_queijo VALUES ('4245','.025');
INSERT INTO preco_queijo VALUES ('4626','.265');
INSERT INTO preco_queijo VALUES ('2579','.974');
INSERT INTO preco_queijo VALUES ('771','.710');
INSERT INTO preco_queijo VALUES ('2073','.999');
INSERT INTO preco_queijo VALUES ('3115','.356');
INSERT INTO preco_queijo VALUES ('2112','.505');
INSERT INTO preco_queijo VALUES ('2415','.759');
INSERT INTO preco_queijo VALUES ('859','.254');
INSERT INTO preco_queijo VALUES ('1732','.545');
INSERT INTO preco_queijo VALUES ('2463','.830');
INSERT INTO preco_queijo VALUES ('443','.851');
INSERT INTO preco_queijo VALUES ('1590','.545');
INSERT INTO preco_queijo VALUES ('3877','.238');
INSERT INTO preco_queijo VALUES ('5078','.175');
INSERT INTO preco_queijo VALUES ('2077','.844');
INSERT INTO preco_queijo VALUES ('3966','.725');
INSERT INTO preco_queijo VALUES ('4210','.884');
INSERT INTO preco_queijo VALUES ('1626','.273');
INSERT INTO preco_queijo VALUES ('2483','.176');
INSERT INTO preco_queijo VALUES ('1400','.054');
INSERT INTO preco_queijo VALUES ('774','.026');
INSERT INTO preco_queijo VALUES ('686','.549');
INSERT INTO preco_queijo VALUES ('4181','.437');
INSERT INTO lote_queijo VALUES ('00109','01/01/2000','50','A');
INSERT INTO lote_queijo VALUES ('00547','01/03/2003','102','B');
INSERT INTO lote_queijo VALUES ('00801','01/04/2005','30','C');
INSERT INTO lote_queijo VALUES ('00916','01/04/2015','38','D');
INSERT INTO lote_queijo VALUES ('00961','01/05/2002','119','E');
INSERT INTO lote_queijo VALUES ('02529','01/06/2001','80','A');
INSERT INTO lote_queijo VALUES ('03056','01/07/1995','80','B');
INSERT INTO lote_queijo VALUES ('03077','01/07/2000','118','C');
INSERT INTO lote_queijo VALUES ('03298','01/08/2001','84','D');
INSERT INTO lote_queijo VALUES ('04010','01/08/2009','109','E');
INSERT INTO lote_queijo VALUES ('04231','01/10/1991','40','A');
INSERT INTO lote_queijo VALUES ('04454','01/10/1999','55','B');
INSERT INTO lote_queijo VALUES ('04557','01/10/2001','93','C');
INSERT INTO lote_queijo VALUES ('04698','01/11/2006','118','D');
INSERT INTO lote_queijo VALUES ('04701','01/11/2007','32','E');
INSERT INTO lote_queijo VALUES ('04761','01/13/2008','113','A');
INSERT INTO lote_queijo VALUES ('04766','01/13/2009','111','B');
INSERT INTO lote_queijo VALUES ('05211','01/13/2013','62','C');
INSERT INTO lote_queijo VALUES ('05704','01/14/2007','38','D');
INSERT INTO lote_queijo VALUES ('05850','01/15/2008','95','E');
INSERT INTO lote_queijo VALUES ('05891','01/15/2013','73','A');
INSERT INTO lote_queijo VALUES ('05935','01/16/1991','64','B');
INSERT INTO lote_queijo VALUES ('06363','01/16/2000','56','C');
INSERT INTO lote_queijo VALUES ('07110','01/17/2010','40','D');
INSERT INTO lote_queijo VALUES ('07264','01/17/2015','51','E');
INSERT INTO lote_queijo VALUES ('07597','01/18/1990','87','A');
INSERT INTO lote_queijo VALUES ('08029','01/18/2001','83','B');
INSERT INTO lote_queijo VALUES ('08374','01/18/2013','40','C');
INSERT INTO lote_queijo VALUES ('08497','01/20/2000','97','D');
INSERT INTO lote_queijo VALUES ('08559','01/20/2014','103','E');
INSERT INTO lote_queijo VALUES ('08643','01/23/1998','55','A');
INSERT INTO lote_queijo VALUES ('08677','01/23/2004','46','B');
INSERT INTO lote_queijo VALUES ('09345','01/23/2013','88','C');
INSERT INTO lote_queijo VALUES ('09399','01/24/1995','47','D');
INSERT INTO lote_queijo VALUES ('09668','01/24/2004','62','E');
INSERT INTO lote_queijo VALUES ('09963','01/25/2006','92','A');
INSERT INTO lote_queijo VALUES ('10049','01/25/2012','105','B');
INSERT INTO lote_queijo VALUES ('10185','01/27/1994','33','C');
INSERT INTO lote_queijo VALUES ('10422','01/27/2011','31','D');
INSERT INTO lote_queijo VALUES ('11235','01/29/2003','56','E');
INSERT INTO lote_queijo VALUES ('11597','01/29/2011','119','A');
INSERT INTO lote_queijo VALUES ('11626','02/01/1996','45','B');
INSERT INTO lote_queijo VALUES ('11688','02/02/2002','110','C');
INSERT INTO lote_queijo VALUES ('11932','02/02/2003','116','D');
INSERT INTO lote_queijo VALUES ('12084','02/05/1999','50','E');
INSERT INTO lote_queijo VALUES ('12105','02/05/2006','98','A');
INSERT INTO lote_queijo VALUES ('12177','02/09/2005','102','B');
INSERT INTO lote_queijo VALUES ('12200','02/09/2007','82','C');
INSERT INTO lote_queijo VALUES ('12434','02/09/2014','83','D');
INSERT INTO lote_queijo VALUES ('12743','02/10/1995','119','E');
INSERT INTO lote_queijo VALUES ('12793','02/10/2000','75','A');
INSERT INTO lote_queijo VALUES ('12831','02/11/1993','49','B');
INSERT INTO lote_queijo VALUES ('12900','02/11/2005','115','C');
INSERT INTO lote_queijo VALUES ('12973','02/12/2005','36','D');
INSERT INTO lote_queijo VALUES ('13257','02/13/2004','38','E');
INSERT INTO lote_queijo VALUES ('13278','02/15/2000','113','A');
INSERT INTO lote_queijo VALUES ('13286','02/15/2002','57','B');
INSERT INTO lote_queijo VALUES ('13402','02/15/2012','78','C');
INSERT INTO lote_queijo VALUES ('13506','02/17/1991','116','D');
INSERT INTO lote_queijo VALUES ('13532','02/17/1999','41','E');
INSERT INTO lote_queijo VALUES ('13736','02/17/2011','96','A');
INSERT INTO lote_queijo VALUES ('14083','02/17/2013','94','B');
INSERT INTO lote_queijo VALUES ('14140','02/19/1990','88','C');
INSERT INTO lote_queijo VALUES ('14527','02/20/1997','51','D');
INSERT INTO lote_queijo VALUES ('14606','02/20/1999','68','E');
INSERT INTO lote_queijo VALUES ('14918','02/20/2006','57','A');
INSERT INTO lote_queijo VALUES ('15562','02/20/2009','35','B');
INSERT INTO lote_queijo VALUES ('15583','02/22/2002','98','C');
INSERT INTO lote_queijo VALUES ('16025','02/22/2004','76','D');
INSERT INTO lote_queijo VALUES ('16031','02/23/1993','48','E');
INSERT INTO lote_queijo VALUES ('16174','02/23/2012','70','A');
INSERT INTO lote_queijo VALUES ('16237','02/24/2014','66','B');
INSERT INTO lote_queijo VALUES ('16375','02/25/1999','54','C');
INSERT INTO lote_queijo VALUES ('16442','02/26/1992','116','D');
INSERT INTO lote_queijo VALUES ('16593','02/26/1995','90','E');
INSERT INTO lote_queijo VALUES ('16625','02/27/2004','84','A');
INSERT INTO lote_queijo VALUES ('16718','02/28/2007','55','B');
INSERT INTO lote_queijo VALUES ('16779','02/28/2015','119','C');
INSERT INTO lote_queijo VALUES ('16978','02/29/2002','36','D');
INSERT INTO lote_queijo VALUES ('17249','02/29/2005','73','E');
INSERT INTO lote_queijo VALUES ('17459','02/29/2009','114','A');
INSERT INTO lote_queijo VALUES ('17485','03/01/1997','93','B');
INSERT INTO lote_queijo VALUES ('17515','03/02/1990','84','C');
INSERT INTO lote_queijo VALUES ('18135','03/02/2010','109','D');
INSERT INTO lote_queijo VALUES ('18633','03/04/2015','66','E');
INSERT INTO lote_queijo VALUES ('18717','03/08/1997','101','A');
INSERT INTO lote_queijo VALUES ('18738','03/08/2006','63','B');
INSERT INTO lote_queijo VALUES ('19502','03/09/1994','32','C');
INSERT INTO lote_queijo VALUES ('19547','03/09/1995','77','D');
INSERT INTO lote_queijo VALUES ('19763','03/09/2013','63','E');
INSERT INTO lote_queijo VALUES ('19861','03/10/1996','87','A');
INSERT INTO lote_queijo VALUES ('20140','03/11/2003','39','B');
INSERT INTO lote_queijo VALUES ('20389','03/11/2007','74','C');
INSERT INTO lote_queijo VALUES ('20905','03/13/1994','66','D');
INSERT INTO lote_queijo VALUES ('21342','03/13/1997','98','E');
INSERT INTO lote_queijo VALUES ('21439','03/13/2010','50','A');
INSERT INTO lote_queijo VALUES ('21657','03/15/2015','63','B');
INSERT INTO lote_queijo VALUES ('22108','03/16/1993','76','C');
INSERT INTO lote_queijo VALUES ('22109','03/16/2004','103','D');
INSERT INTO lote_queijo VALUES ('22282','03/18/1990','59','E');
INSERT INTO lote_queijo VALUES ('22303','03/19/1999','37','A');
INSERT INTO lote_queijo VALUES ('22466','03/19/2002','119','B');
INSERT INTO lote_queijo VALUES ('22571','03/19/2005','93','C');
INSERT INTO lote_queijo VALUES ('22627','03/21/1998','96','D');
INSERT INTO lote_queijo VALUES ('22756','03/21/2009','31','E');
INSERT INTO lote_queijo VALUES ('23017','03/23/2009','40','A');
INSERT INTO lote_queijo VALUES ('23196','03/24/1996','90','B');
INSERT INTO lote_queijo VALUES ('23242','03/24/1999','43','C');
INSERT INTO lote_queijo VALUES ('23474','03/25/1995','102','D');
INSERT INTO lote_queijo VALUES ('23488','03/27/1998','30','E');
INSERT INTO lote_queijo VALUES ('23553','03/27/2000','106','A');
INSERT INTO lote_queijo VALUES ('23756','03/28/1997','106','B');
INSERT INTO lote_queijo VALUES ('23894','03/28/2001','98','C');
INSERT INTO lote_queijo VALUES ('24487','03/28/2012','81','D');
INSERT INTO lote_queijo VALUES ('24546','03/29/2008','108','E');
INSERT INTO lote_queijo VALUES ('24768','03/29/2011','84','A');
INSERT INTO lote_queijo VALUES ('25100','04/01/1992','30','B');
INSERT INTO lote_queijo VALUES ('25285','04/02/1993','67','C');
INSERT INTO lote_queijo VALUES ('25518','04/02/1994','77','D');
INSERT INTO lote_queijo VALUES ('25582','04/02/2008','89','E');
INSERT INTO lote_queijo VALUES ('26305','04/03/1999','74','A');
INSERT INTO lote_queijo VALUES ('27095','04/03/2009','101','B');
INSERT INTO lote_queijo VALUES ('27256','04/04/1990','109','C');
INSERT INTO lote_queijo VALUES ('27297','04/05/1999','105','D');
INSERT INTO lote_queijo VALUES ('27428','04/06/2015','82','E');
INSERT INTO lote_queijo VALUES ('27513','04/07/2009','86','A');
INSERT INTO lote_queijo VALUES ('27539','04/08/1995','55','B');
INSERT INTO lote_queijo VALUES ('27563','04/08/2006','101','C');
INSERT INTO lote_queijo VALUES ('28280','04/10/1990','93','D');
INSERT INTO lote_queijo VALUES ('28535','04/10/1992','80','E');
INSERT INTO lote_queijo VALUES ('28634','04/10/2002','81','A');
INSERT INTO lote_queijo VALUES ('28645','04/10/2003','87','B');
INSERT INTO lote_queijo VALUES ('28677','04/10/2008','68','C');
INSERT INTO lote_queijo VALUES ('28768','04/13/1997','97','D');
INSERT INTO lote_queijo VALUES ('28973','04/14/1992','75','E');
INSERT INTO lote_queijo VALUES ('29182','04/14/1999','117','A');
INSERT INTO lote_queijo VALUES ('29576','04/15/1991','116','B');
INSERT INTO lote_queijo VALUES ('29846','04/16/1991','64','C');
INSERT INTO lote_queijo VALUES ('30324','04/16/2007','67','D');
INSERT INTO lote_queijo VALUES ('30554','04/17/2002','70','E');
INSERT INTO lote_queijo VALUES ('30652','04/17/2009','98','A');
INSERT INTO lote_queijo VALUES ('30872','04/17/2014','111','B');
INSERT INTO lote_queijo VALUES ('31553','04/17/2015','62','C');
INSERT INTO lote_queijo VALUES ('31711','04/18/1994','67','D');
INSERT INTO lote_queijo VALUES ('31722','04/18/2004','37','E');
INSERT INTO lote_queijo VALUES ('31954','04/19/2001','63','A');
INSERT INTO lote_queijo VALUES ('32283','04/19/2008','34','B');
INSERT INTO lote_queijo VALUES ('32360','04/19/2013','53','C');
INSERT INTO lote_queijo VALUES ('32506','04/20/1990','57','D');
INSERT INTO lote_queijo VALUES ('32710','04/20/1995','93','E');
INSERT INTO lote_queijo VALUES ('32910','04/20/2003','78','A');
INSERT INTO lote_queijo VALUES ('33030','04/20/2005','117','B');
INSERT INTO lote_queijo VALUES ('33240','04/21/2000','94','C');
INSERT INTO lote_queijo VALUES ('33362','04/21/2009','42','D');
INSERT INTO lote_queijo VALUES ('33481','04/23/1995','108','E');
INSERT INTO lote_queijo VALUES ('33560','04/23/2010','98','A');
INSERT INTO lote_queijo VALUES ('33561','04/24/2005','95','B');
INSERT INTO lote_queijo VALUES ('34005','04/25/1999','104','C');
INSERT INTO lote_queijo VALUES ('34472','04/27/1990','33','D');
INSERT INTO lote_queijo VALUES ('34605','04/27/2008','48','E');
INSERT INTO lote_queijo VALUES ('34886','04/27/2012','109','A');
INSERT INTO lote_queijo VALUES ('34903','04/28/1991','102','B');
INSERT INTO lote_queijo VALUES ('35122','05/01/2005','89','C');
INSERT INTO lote_queijo VALUES ('35315','05/01/2011','94','D');
INSERT INTO lote_queijo VALUES ('35536','05/03/1999','66','E');
INSERT INTO lote_queijo VALUES ('35575','05/04/2001','80','A');
INSERT INTO lote_queijo VALUES ('35717','05/05/2002','82','B');
INSERT INTO lote_queijo VALUES ('35722','05/09/1998','101','C');
INSERT INTO lote_queijo VALUES ('35917','05/10/1997','75','D');
INSERT INTO lote_queijo VALUES ('36060','05/10/2002','38','E');
INSERT INTO lote_queijo VALUES ('36107','05/11/2007','108','A');
INSERT INTO lote_queijo VALUES ('36142','05/13/2012','83','B');
INSERT INTO lote_queijo VALUES ('36211','05/15/2008','77','C');
INSERT INTO lote_queijo VALUES ('36288','05/15/2015','111','D');
INSERT INTO lote_queijo VALUES ('36842','05/16/2000','36','E');
INSERT INTO lote_queijo VALUES ('36995','05/19/2000','82','A');
INSERT INTO lote_queijo VALUES ('37154','05/19/2006','51','B');
INSERT INTO lote_queijo VALUES ('37335','05/24/1990','56','C');
INSERT INTO lote_queijo VALUES ('37553','05/24/2004','43','D');
INSERT INTO lote_queijo VALUES ('37679','05/24/2012','108','E');
INSERT INTO lote_queijo VALUES ('37749','05/25/1991','47','A');
INSERT INTO lote_queijo VALUES ('37959','05/25/2009','111','B');
INSERT INTO lote_queijo VALUES ('38040','05/25/2010','52','C');
INSERT INTO lote_queijo VALUES ('38304','05/26/1992','39','D');
INSERT INTO lote_queijo VALUES ('38316','05/26/1998','91','E');
INSERT INTO lote_queijo VALUES ('38483','05/26/1999','95','A');
INSERT INTO lote_queijo VALUES ('38520','05/27/2014','50','B');
INSERT INTO lote_queijo VALUES ('38580','05/28/2001','52','C');
INSERT INTO lote_queijo VALUES ('38699','05/29/1995','95','D');
INSERT INTO lote_queijo VALUES ('38775','05/29/2003','79','E');
INSERT INTO lote_queijo VALUES ('39102','05/29/2006','49','A');
INSERT INTO lote_queijo VALUES ('39298','06/01/2001','58','B');
INSERT INTO lote_queijo VALUES ('39471','06/02/2004','96','C');
INSERT INTO lote_queijo VALUES ('40147','06/04/1997','60','D');
INSERT INTO lote_queijo VALUES ('40232','06/04/2010','36','E');
INSERT INTO lote_queijo VALUES ('40491','06/04/2012','102','A');
INSERT INTO lote_queijo VALUES ('40504','06/04/2013','82','B');
INSERT INTO lote_queijo VALUES ('40590','06/04/2014','66','C');
INSERT INTO lote_queijo VALUES ('40630','06/05/1994','31','D');
INSERT INTO lote_queijo VALUES ('41156','06/05/1995','34','E');
INSERT INTO lote_queijo VALUES ('41503','06/06/1992','96','A');
INSERT INTO lote_queijo VALUES ('41636','06/06/2003','76','B');
INSERT INTO lote_queijo VALUES ('41763','06/07/1995','48','C');
INSERT INTO lote_queijo VALUES ('41901','06/08/2002','56','D');
INSERT INTO lote_queijo VALUES ('41928','06/09/1998','46','E');
INSERT INTO lote_queijo VALUES ('42348','06/11/1994','97','A');
INSERT INTO lote_queijo VALUES ('42889','06/12/2002','53','B');
INSERT INTO lote_queijo VALUES ('43018','06/12/2007','92','C');
INSERT INTO lote_queijo VALUES ('43399','06/12/2013','92','D');
INSERT INTO lote_queijo VALUES ('43445','06/13/1992','61','E');
INSERT INTO lote_queijo VALUES ('43590','06/13/2004','46','A');
INSERT INTO lote_queijo VALUES ('43731','06/13/2010','55','B');
INSERT INTO lote_queijo VALUES ('43934','06/14/1999','89','C');
INSERT INTO lote_queijo VALUES ('44172','06/14/2006','62','D');
INSERT INTO lote_queijo VALUES ('44228','06/15/2001','114','E');
INSERT INTO lote_queijo VALUES ('44316','06/15/2006','109','A');
INSERT INTO lote_queijo VALUES ('44456','06/17/1999','66','B');
INSERT INTO lote_queijo VALUES ('44503','06/20/1990','49','C');
INSERT INTO lote_queijo VALUES ('44814','06/20/1993','32','D');
INSERT INTO lote_queijo VALUES ('44969','06/21/1990','34','E');
INSERT INTO lote_queijo VALUES ('45123','06/21/1996','76','A');
INSERT INTO lote_queijo VALUES ('45135','06/21/1998','60','B');
INSERT INTO lote_queijo VALUES ('45363','06/21/2013','33','C');
INSERT INTO lote_queijo VALUES ('45394','06/22/1990','44','D');
INSERT INTO lote_queijo VALUES ('45418','06/22/1995','87','E');
INSERT INTO lote_queijo VALUES ('45432','06/23/2005','68','A');
INSERT INTO lote_queijo VALUES ('45443','06/24/2000','67','B');
INSERT INTO lote_queijo VALUES ('45559','06/24/2010','51','C');
INSERT INTO lote_queijo VALUES ('45684','06/24/2012','34','D');
INSERT INTO lote_queijo VALUES ('46339','06/26/2011','94','E');
INSERT INTO lote_queijo VALUES ('46417','06/28/1995','33','A');
INSERT INTO lote_queijo VALUES ('46486','06/28/2011','36','B');
INSERT INTO lote_queijo VALUES ('46554','06/28/2015','63','C');
INSERT INTO lote_queijo VALUES ('46565','06/29/2015','58','D');
INSERT INTO lote_queijo VALUES ('46734','07/01/2002','59','E');
INSERT INTO lote_queijo VALUES ('46810','07/03/2014','34','A');
INSERT INTO lote_queijo VALUES ('46913','07/04/1997','109','B');
INSERT INTO lote_queijo VALUES ('46974','07/04/2000','50','C');
INSERT INTO lote_queijo VALUES ('47124','07/04/2002','79','D');
INSERT INTO lote_queijo VALUES ('47307','07/04/2007','95','E');
INSERT INTO lote_queijo VALUES ('47612','07/05/2015','113','A');
INSERT INTO lote_queijo VALUES ('47733','07/06/1999','30','B');
INSERT INTO lote_queijo VALUES ('48072','07/07/1991','81','C');
INSERT INTO lote_queijo VALUES ('48221','07/08/1994','58','D');
INSERT INTO lote_queijo VALUES ('48254','07/08/2011','65','E');
INSERT INTO lote_queijo VALUES ('48339','07/10/2005','79','A');
INSERT INTO lote_queijo VALUES ('48934','07/10/2012','116','B');
INSERT INTO lote_queijo VALUES ('48995','07/10/2013','66','C');
INSERT INTO lote_queijo VALUES ('49027','07/11/1993','97','D');
INSERT INTO lote_queijo VALUES ('49527','07/13/1999','47','E');
INSERT INTO lote_queijo VALUES ('49528','07/14/1996','30','A');
INSERT INTO lote_queijo VALUES ('49626','07/14/2014','103','B');
INSERT INTO lote_queijo VALUES ('49792','07/15/1994','109','C');
INSERT INTO lote_queijo VALUES ('49862','07/15/2001','95','D');
INSERT INTO lote_queijo VALUES ('49955','07/15/2015','112','E');
INSERT INTO lote_queijo VALUES ('50079','07/16/1997','71','A');
INSERT INTO lote_queijo VALUES ('50518','07/17/2012','45','B');
INSERT INTO lote_queijo VALUES ('50573','07/18/2001','53','C');
INSERT INTO lote_queijo VALUES ('50643','07/18/2006','99','D');
INSERT INTO lote_queijo VALUES ('50753','07/19/2003','64','E');
INSERT INTO lote_queijo VALUES ('50977','07/20/1991','103','A');
INSERT INTO lote_queijo VALUES ('51194','07/20/2014','70','B');
INSERT INTO lote_queijo VALUES ('51275','07/21/2011','61','C');
INSERT INTO lote_queijo VALUES ('51365','07/21/2014','71','D');
INSERT INTO lote_queijo VALUES ('51867','07/22/1997','84','E');
INSERT INTO lote_queijo VALUES ('52347','07/23/1994','108','A');
INSERT INTO lote_queijo VALUES ('53123','07/24/2002','42','B');
INSERT INTO lote_queijo VALUES ('53282','07/24/2007','89','C');
INSERT INTO lote_queijo VALUES ('53394','07/27/1992','66','D');
INSERT INTO lote_queijo VALUES ('53401','07/27/2010','118','E');
INSERT INTO lote_queijo VALUES ('53528','07/28/2003','86','A');
INSERT INTO lote_queijo VALUES ('53529','07/28/2004','111','B');
INSERT INTO lote_queijo VALUES ('53662','07/28/2008','43','C');
INSERT INTO lote_queijo VALUES ('53666','07/29/1998','44','D');
INSERT INTO lote_queijo VALUES ('54096','08/01/2002','36','E');
INSERT INTO lote_queijo VALUES ('54221','08/01/2008','82','A');
INSERT INTO lote_queijo VALUES ('54322','08/01/2013','105','B');
INSERT INTO lote_queijo VALUES ('54359','08/02/1995','111','C');
INSERT INTO lote_queijo VALUES ('54654','08/02/2001','85','D');
INSERT INTO lote_queijo VALUES ('54770','08/03/2011','87','E');
INSERT INTO lote_queijo VALUES ('54849','08/04/1992','71','A');
INSERT INTO lote_queijo VALUES ('54969','08/04/2014','86','B');
INSERT INTO lote_queijo VALUES ('55294','08/05/1990','78','C');
INSERT INTO lote_queijo VALUES ('55340','08/05/1998','71','D');
INSERT INTO lote_queijo VALUES ('55498','08/05/2010','82','E');
INSERT INTO lote_queijo VALUES ('55499','08/06/1991','40','A');
INSERT INTO lote_queijo VALUES ('55541','08/06/2008','35','B');
INSERT INTO lote_queijo VALUES ('55795','08/07/1998','85','C');
INSERT INTO lote_queijo VALUES ('55830','08/07/2014','78','D');
INSERT INTO lote_queijo VALUES ('56001','08/09/1997','118','E');
INSERT INTO lote_queijo VALUES ('56244','08/09/2000','104','A');
INSERT INTO lote_queijo VALUES ('56313','08/09/2005','67','B');
INSERT INTO lote_queijo VALUES ('56529','08/10/1993','52','C');
INSERT INTO lote_queijo VALUES ('56593','08/11/2008','96','D');
INSERT INTO lote_queijo VALUES ('56776','08/12/1994','73','E');
INSERT INTO lote_queijo VALUES ('56873','08/12/2002','69','A');
INSERT INTO lote_queijo VALUES ('57179','08/12/2012','86','B');
INSERT INTO lote_queijo VALUES ('57246','08/13/1990','110','C');
INSERT INTO lote_queijo VALUES ('57301','08/14/2000','33','D');
INSERT INTO lote_queijo VALUES ('57333','08/15/1998','36','E');
INSERT INTO lote_queijo VALUES ('57369','08/15/1999','88','A');
INSERT INTO lote_queijo VALUES ('57370','08/15/2008','90','B');
INSERT INTO lote_queijo VALUES ('57379','08/16/2005','88','C');
INSERT INTO lote_queijo VALUES ('57597','08/16/2011','79','D');
INSERT INTO lote_queijo VALUES ('57866','08/18/1991','55','E');
INSERT INTO lote_queijo VALUES ('58116','08/18/1995','117','A');
INSERT INTO lote_queijo VALUES ('58136','08/19/2004','30','B');
INSERT INTO lote_queijo VALUES ('58266','08/19/2008','108','C');
INSERT INTO lote_queijo VALUES ('58836','08/20/1994','115','D');
INSERT INTO lote_queijo VALUES ('58981','08/20/1996','74','E');
INSERT INTO lote_queijo VALUES ('59015','08/20/2001','97','A');
INSERT INTO lote_queijo VALUES ('59120','08/20/2008','111','B');
INSERT INTO lote_queijo VALUES ('59233','08/22/1996','98','C');
INSERT INTO lote_queijo VALUES ('59268','08/22/2008','91','D');
INSERT INTO lote_queijo VALUES ('59611','08/23/1999','90','E');
INSERT INTO lote_queijo VALUES ('59754','08/24/2011','104','A');
INSERT INTO lote_queijo VALUES ('59944','08/25/1991','90','B');
INSERT INTO lote_queijo VALUES ('60044','08/27/2011','48','C');
INSERT INTO lote_queijo VALUES ('60147','08/28/1992','30','D');
INSERT INTO lote_queijo VALUES ('60470','08/28/1993','119','E');
INSERT INTO lote_queijo VALUES ('61101','08/28/2000','45','A');
INSERT INTO lote_queijo VALUES ('61317','08/28/2001','106','B');
INSERT INTO lote_queijo VALUES ('61861','08/28/2004','119','C');
INSERT INTO lote_queijo VALUES ('62077','08/28/2015','83','D');
INSERT INTO lote_queijo VALUES ('62452','08/29/2001','40','E');
INSERT INTO lote_queijo VALUES ('62505','08/29/2015','109','A');
INSERT INTO lote_queijo VALUES ('62722','09/01/1990','113','B');
INSERT INTO lote_queijo VALUES ('62817','09/02/1996','61','C');
INSERT INTO lote_queijo VALUES ('63011','09/02/1997','64','D');
INSERT INTO lote_queijo VALUES ('63035','09/02/2004','109','E');
INSERT INTO lote_queijo VALUES ('63126','09/02/2009','94','A');
INSERT INTO lote_queijo VALUES ('63278','09/03/1992','89','B');
INSERT INTO lote_queijo VALUES ('63401','09/03/2001','38','C');
INSERT INTO lote_queijo VALUES ('63411','09/04/1990','38','D');
INSERT INTO lote_queijo VALUES ('63803','09/04/2011','55','E');
INSERT INTO lote_queijo VALUES ('64095','09/04/2012','96','A');
INSERT INTO lote_queijo VALUES ('64098','09/05/2000','66','B');
INSERT INTO lote_queijo VALUES ('64246','09/05/2008','99','C');
INSERT INTO lote_queijo VALUES ('64281','09/05/2009','56','D');
INSERT INTO lote_queijo VALUES ('64687','09/05/2010','37','E');
INSERT INTO lote_queijo VALUES ('64705','09/06/1998','51','A');
INSERT INTO lote_queijo VALUES ('65024','09/08/1990','118','B');
INSERT INTO lote_queijo VALUES ('65468','09/09/1994','116','C');
INSERT INTO lote_queijo VALUES ('65568','09/09/2015','89','D');
INSERT INTO lote_queijo VALUES ('65861','09/10/1999','65','E');
INSERT INTO lote_queijo VALUES ('65968','09/10/2001','110','A');
INSERT INTO lote_queijo VALUES ('66418','09/10/2013','65','B');
INSERT INTO lote_queijo VALUES ('66700','09/11/1999','77','C');
INSERT INTO lote_queijo VALUES ('66768','09/11/2001','56','D');
INSERT INTO lote_queijo VALUES ('67074','09/13/2007','67','E');
INSERT INTO lote_queijo VALUES ('67346','09/15/1995','81','A');
INSERT INTO lote_queijo VALUES ('67856','09/15/2015','34','B');
INSERT INTO lote_queijo VALUES ('68516','09/16/2000','43','C');
INSERT INTO lote_queijo VALUES ('68598','09/16/2001','110','D');
INSERT INTO lote_queijo VALUES ('68674','09/17/2008','117','E');
INSERT INTO lote_queijo VALUES ('68743','09/17/2010','95','A');
INSERT INTO lote_queijo VALUES ('69407','09/19/1999','46','B');
INSERT INTO lote_queijo VALUES ('69538','09/19/2007','49','C');
INSERT INTO lote_queijo VALUES ('69671','09/20/2009','39','D');
INSERT INTO lote_queijo VALUES ('69673','09/21/2014','58','E');
INSERT INTO lote_queijo VALUES ('69996','09/22/1991','67','A');
INSERT INTO lote_queijo VALUES ('70381','09/22/2002','99','B');
INSERT INTO lote_queijo VALUES ('70692','09/22/2015','103','C');
INSERT INTO lote_queijo VALUES ('70742','09/23/1996','65','D');
INSERT INTO lote_queijo VALUES ('70827','09/23/2015','82','E');
INSERT INTO lote_queijo VALUES ('71209','09/24/2011','84','A');
INSERT INTO lote_queijo VALUES ('71331','09/24/2015','72','B');
INSERT INTO lote_queijo VALUES ('71465','09/28/2009','65','C');
INSERT INTO lote_queijo VALUES ('71869','09/28/2012','45','D');
INSERT INTO lote_queijo VALUES ('71953','09/28/2014','88','E');
INSERT INTO lote_queijo VALUES ('72560','09/29/1999','46','A');
INSERT INTO lote_queijo VALUES ('72706','09/29/2001','74','B');
INSERT INTO lote_queijo VALUES ('72747','10/01/2005','104','C');
INSERT INTO lote_queijo VALUES ('73386','10/02/1993','68','D');
INSERT INTO lote_queijo VALUES ('73398','10/02/2001','95','E');
INSERT INTO lote_queijo VALUES ('73821','10/02/2009','66','A');
INSERT INTO lote_queijo VALUES ('74088','10/03/2000','82','B');
INSERT INTO lote_queijo VALUES ('74131','10/04/1995','71','C');
INSERT INTO lote_queijo VALUES ('74259','10/05/2000','109','D');
INSERT INTO lote_queijo VALUES ('74349','10/05/2006','111','E');
INSERT INTO lote_queijo VALUES ('74484','10/05/2008','103','A');
INSERT INTO lote_queijo VALUES ('74541','10/05/2009','112','B');
INSERT INTO lote_queijo VALUES ('74568','10/06/1991','55','C');
INSERT INTO lote_queijo VALUES ('74570','10/06/2002','76','D');
INSERT INTO lote_queijo VALUES ('74635','10/06/2007','96','E');
INSERT INTO lote_queijo VALUES ('75117','10/07/2007','97','A');
INSERT INTO lote_queijo VALUES ('75383','10/08/1992','51','B');
INSERT INTO lote_queijo VALUES ('75430','10/09/1992','62','C');
INSERT INTO lote_queijo VALUES ('75946','10/09/1997','119','D');
INSERT INTO lote_queijo VALUES ('76272','10/11/2013','79','E');
INSERT INTO lote_queijo VALUES ('76427','10/12/1993','101','A');
INSERT INTO lote_queijo VALUES ('76432','10/13/1993','117','B');
INSERT INTO lote_queijo VALUES ('77796','10/13/1994','59','C');
INSERT INTO lote_queijo VALUES ('77995','10/13/2001','108','D');
INSERT INTO lote_queijo VALUES ('78017','10/13/2002','33','E');
INSERT INTO lote_queijo VALUES ('78590','10/14/1996','46','A');
INSERT INTO lote_queijo VALUES ('78838','10/15/2014','48','B');
INSERT INTO lote_queijo VALUES ('78982','10/16/2005','117','C');
INSERT INTO lote_queijo VALUES ('79089','10/18/1994','54','D');
INSERT INTO lote_queijo VALUES ('79139','10/19/2014','33','E');
INSERT INTO lote_queijo VALUES ('79275','10/21/2011','99','A');
INSERT INTO lote_queijo VALUES ('79700','10/22/2006','93','B');
INSERT INTO lote_queijo VALUES ('79739','10/23/2003','100','C');
INSERT INTO lote_queijo VALUES ('79755','10/24/1995','31','D');
INSERT INTO lote_queijo VALUES ('81024','10/25/2014','43','E');
INSERT INTO lote_queijo VALUES ('81215','10/26/1994','112','A');
INSERT INTO lote_queijo VALUES ('81261','10/26/1996','118','B');
INSERT INTO lote_queijo VALUES ('81274','10/28/1999','85','C');
INSERT INTO lote_queijo VALUES ('81295','10/29/2005','39','D');
INSERT INTO lote_queijo VALUES ('81759','10/29/2009','88','E');
INSERT INTO lote_queijo VALUES ('82169','11/02/1994','109','A');
INSERT INTO lote_queijo VALUES ('82454','11/02/2001','81','B');
INSERT INTO lote_queijo VALUES ('82484','11/02/2014','79','C');
INSERT INTO lote_queijo VALUES ('82993','11/05/1995','39','D');
INSERT INTO lote_queijo VALUES ('83081','11/05/1998','101','E');
INSERT INTO lote_queijo VALUES ('83278','11/05/2010','52','A');
INSERT INTO lote_queijo VALUES ('83311','11/06/2005','70','B');
INSERT INTO lote_queijo VALUES ('83504','11/08/2009','118','C');
INSERT INTO lote_queijo VALUES ('83604','11/09/1999','46','D');
INSERT INTO lote_queijo VALUES ('84110','11/10/2004','91','E');
INSERT INTO queijo VALUES ('123395020131','00109','Rua do dublagem, 68, Distrito Federal - DF','1919','28877657316458','28877657316458','01/01/2000');
INSERT INTO queijo VALUES ('173362733792','00547','Rua do interrogacao, 344, Bahia - BA','4831','89937689711651','89937689711651','01/03/2003');
INSERT INTO queijo VALUES ('613177568382','00801','Rua do envergar, 27, Piauí - PI','4872','78454526435479','78454526435479','01/04/2005');
INSERT INTO queijo VALUES ('565226371754','00916','Rua do roseira, 519, São Paulo - SP','1901','21436994841879','21436994841879','01/04/2015');
INSERT INTO queijo VALUES ('970186961151','00961','Rua do mesinha-de-cabeceira, 538, Rio de Janeiro - RJ','882','83755674698581','83755674698581','01/05/2002');
INSERT INTO queijo VALUES ('703216920322','02529','Rua do descolar, 576, Piauí - PI','1231','65249196532235','65249196532235','01/06/2001');
INSERT INTO queijo VALUES ('569698751396','03056','Rua do degradar, 51, Santa Catarina - SC','3000','48731659959757','48731659959757','01/07/1995');
INSERT INTO queijo VALUES ('119494362412','03077','Rua do lacrimal, 273, Alagoas - AL','1084','56327963523623','56327963523623','01/07/2000');
INSERT INTO queijo VALUES ('560283504066','03298','Rua do ri, 891, Alagoas - AL','548','44275515822161','44275515822161','01/08/2001');
INSERT INTO queijo VALUES ('708365223979','04010','Rua do telegrama, 669, Pernambuco - PE','4974','43518343123326','43518343123326','01/08/2009');
INSERT INTO queijo VALUES ('421630037249','04231','Rua do acrimonioso, 727, Mato Grosso - MT','3295','44329841926868','44329841926868','01/10/1991');
INSERT INTO queijo VALUES ('422353395317','04454','Rua do grinalda, 463, Paraná - PR','2983','57416536723521','57416536723521','01/10/1999');
INSERT INTO queijo VALUES ('508208124066','04557','Rua do aspergir, 877, Espírito Santo - ES','1757','63942321432162','63942321432162','01/10/2001');
INSERT INTO queijo VALUES ('802092980425','04698','Rua do sulino, 892, Pará - PA','4336','68799722948579','68799722948579','01/11/2006');
INSERT INTO queijo VALUES ('460023122757','04701','Rua do calibrador, 160, Rio de Janeiro - RJ','2067','79726195817937','79726195817937','01/11/2007');
INSERT INTO queijo VALUES ('254726388550','04761','Rua do monarca, 203, Alagoas - AL','1226','49548155944589','49548155944589','01/13/2008');
INSERT INTO queijo VALUES ('583504510611','04766','Rua do revirado, 435, Sergipe - SE','1852','88267353828123','88267353828123','01/13/2009');
INSERT INTO queijo VALUES ('127581767704','05211','Rua do moinho, 553, Rio de Janeiro - RJ','782','57912634612282','57912634612282','01/13/2013');
INSERT INTO queijo VALUES ('959387665353','05704','Rua do cobra, 60, Paraná - PR','4324','63263711789328','63263711789328','01/14/2007');
INSERT INTO queijo VALUES ('967828586488','05850','Rua do aumentados, 826, Pará - PA','4837','17673712114243','17673712114243','01/15/2008');
INSERT INTO queijo VALUES ('835024201344','05891','Rua do strip-tease, 283, Rio de Janeiro - RJ','3929','13744922376121','13744922376121','01/15/2013');
INSERT INTO queijo VALUES ('337287883046','05935','Rua do transtorno, 946, Bahia - BA','4773','27519581186556','27519581186556','01/16/1991');
INSERT INTO queijo VALUES ('701283105362','06363','Rua do centopeia, 272, Acre - AC','2778','28542893824528','28542893824528','01/16/2000');
INSERT INTO queijo VALUES ('850795457328','07110','Rua do sinistro, 873, Roraima - RR','2504','31892846956395','31892846956395','01/17/2010');
INSERT INTO queijo VALUES ('405965062296','07264','Rua do piscar, 214, Santa Catarina - SC','2819','31583535646416','31583535646416','01/17/2015');
INSERT INTO queijo VALUES ('197745266857','07597','Rua do primario, 149, Rio Grande do Sul - RS','4061','13858159882622','13858159882622','01/18/1990');
INSERT INTO queijo VALUES ('968582488513','08029','Rua do atolado, 711, Sergipe - SE','1750','72915664468234','72915664468234','01/18/2001');
INSERT INTO queijo VALUES ('678129794100','08374','Rua do aparentado, 977, Mato Grosso do Sul - MS','1127','24892684838944','24892684838944','01/18/2013');
INSERT INTO queijo VALUES ('227998122432','08497','Rua do descabelar, 788, Alagoas - AL','1215','81469922822532','81469922822532','01/20/2000');
INSERT INTO queijo VALUES ('116790831016','08559','Rua do sinistrado, 61, Ceará - CE','146','12688859223945','12688859223945','01/20/2014');
INSERT INTO queijo VALUES ('512376567926','08643','Rua do deslizamento, 567, Acre - AC','4404','68931826397446','68931826397446','01/23/1998');
INSERT INTO queijo VALUES ('130186197765','08677','Rua do forcado, 532, Maranhão - MA','377','48561267417794','48561267417794','01/23/2004');
INSERT INTO queijo VALUES ('599763904054','09345','Rua do proximo, 6, Piauí - PI','4313','99443352843151','99443352843151','01/23/2013');
INSERT INTO queijo VALUES ('626360144423','09399','Rua do constar, 226, Goiás - GO','322','56756444114214','56756444114214','01/24/1995');
INSERT INTO lote_manteiga VALUES ('00109','01/01/2000','50','A');
INSERT INTO lote_manteiga VALUES ('00547','01/03/2003','102','B');
INSERT INTO lote_manteiga VALUES ('00801','01/04/2005','30','C');
INSERT INTO lote_manteiga VALUES ('00916','01/04/2015','38','D');
INSERT INTO lote_manteiga VALUES ('00961','01/05/2002','119','E');
INSERT INTO lote_manteiga VALUES ('02529','01/06/2001','80','A');
INSERT INTO lote_manteiga VALUES ('03056','01/07/1995','80','B');
INSERT INTO lote_manteiga VALUES ('03077','01/07/2000','118','C');
INSERT INTO lote_manteiga VALUES ('03298','01/08/2001','84','D');
INSERT INTO lote_manteiga VALUES ('04010','01/08/2009','109','E');
INSERT INTO lote_manteiga VALUES ('04231','01/10/1991','40','A');
INSERT INTO lote_manteiga VALUES ('04454','01/10/1999','55','B');
INSERT INTO lote_manteiga VALUES ('04557','01/10/2001','93','C');
INSERT INTO lote_manteiga VALUES ('04698','01/11/2006','118','D');
INSERT INTO lote_manteiga VALUES ('04701','01/11/2007','32','E');
INSERT INTO lote_manteiga VALUES ('04761','01/13/2008','113','A');
INSERT INTO lote_manteiga VALUES ('04766','01/13/2009','111','B');
INSERT INTO lote_manteiga VALUES ('05211','01/13/2013','62','C');
INSERT INTO lote_manteiga VALUES ('05704','01/14/2007','38','D');
INSERT INTO lote_manteiga VALUES ('05850','01/15/2008','95','E');
INSERT INTO lote_manteiga VALUES ('05891','01/15/2013','73','A');
INSERT INTO lote_manteiga VALUES ('05935','01/16/1991','64','B');
INSERT INTO lote_manteiga VALUES ('06363','01/16/2000','56','C');
INSERT INTO lote_manteiga VALUES ('07110','01/17/2010','40','D');
INSERT INTO lote_manteiga VALUES ('07264','01/17/2015','51','E');
INSERT INTO lote_manteiga VALUES ('07597','01/18/1990','87','A');
INSERT INTO lote_manteiga VALUES ('08029','01/18/2001','83','B');
INSERT INTO lote_manteiga VALUES ('08374','01/18/2013','40','C');
INSERT INTO lote_manteiga VALUES ('08497','01/20/2000','97','D');
INSERT INTO lote_manteiga VALUES ('08559','01/20/2014','103','E');
INSERT INTO lote_manteiga VALUES ('08643','01/23/1998','55','A');
INSERT INTO lote_manteiga VALUES ('08677','01/23/2004','46','B');
INSERT INTO lote_manteiga VALUES ('09345','01/23/2013','88','C');
INSERT INTO lote_manteiga VALUES ('09399','01/24/1995','47','D');
INSERT INTO lote_manteiga VALUES ('09668','01/24/2004','62','E');
INSERT INTO lote_manteiga VALUES ('09963','01/25/2006','92','A');
INSERT INTO lote_manteiga VALUES ('10049','01/25/2012','105','B');
INSERT INTO lote_manteiga VALUES ('10185','01/27/1994','33','C');
INSERT INTO lote_manteiga VALUES ('10422','01/27/2011','31','D');
INSERT INTO lote_manteiga VALUES ('11235','01/29/2003','56','E');
INSERT INTO lote_manteiga VALUES ('11597','01/29/2011','119','A');
INSERT INTO lote_manteiga VALUES ('11626','02/01/1996','45','B');
INSERT INTO lote_manteiga VALUES ('11688','02/02/2002','110','C');
INSERT INTO lote_manteiga VALUES ('11932','02/02/2003','116','D');
INSERT INTO lote_manteiga VALUES ('12084','02/05/1999','50','E');
INSERT INTO lote_manteiga VALUES ('12105','02/05/2006','98','A');
INSERT INTO lote_manteiga VALUES ('12177','02/09/2005','102','B');
INSERT INTO lote_manteiga VALUES ('12200','02/09/2007','82','C');
INSERT INTO lote_manteiga VALUES ('12434','02/09/2014','83','D');
INSERT INTO lote_manteiga VALUES ('12743','02/10/1995','119','E');
INSERT INTO lote_manteiga VALUES ('12793','02/10/2000','75','A');
INSERT INTO lote_manteiga VALUES ('12831','02/11/1993','49','B');
INSERT INTO lote_manteiga VALUES ('12900','02/11/2005','115','C');
INSERT INTO lote_manteiga VALUES ('12973','02/12/2005','36','D');
INSERT INTO lote_manteiga VALUES ('13257','02/13/2004','38','E');
INSERT INTO lote_manteiga VALUES ('13278','02/15/2000','113','A');
INSERT INTO lote_manteiga VALUES ('13286','02/15/2002','57','B');
INSERT INTO lote_manteiga VALUES ('13402','02/15/2012','78','C');
INSERT INTO lote_manteiga VALUES ('13506','02/17/1991','116','D');
INSERT INTO lote_manteiga VALUES ('13532','02/17/1999','41','E');
INSERT INTO lote_manteiga VALUES ('13736','02/17/2011','96','A');
INSERT INTO lote_manteiga VALUES ('14083','02/17/2013','94','B');
INSERT INTO lote_manteiga VALUES ('14140','02/19/1990','88','C');
INSERT INTO lote_manteiga VALUES ('14527','02/20/1997','51','D');
INSERT INTO lote_manteiga VALUES ('14606','02/20/1999','68','E');
INSERT INTO lote_manteiga VALUES ('14918','02/20/2006','57','A');
INSERT INTO lote_manteiga VALUES ('15562','02/20/2009','35','B');
INSERT INTO lote_manteiga VALUES ('15583','02/22/2002','98','C');
INSERT INTO lote_manteiga VALUES ('16025','02/22/2004','76','D');
INSERT INTO lote_manteiga VALUES ('16031','02/23/1993','48','E');
INSERT INTO lote_manteiga VALUES ('16174','02/23/2012','70','A');
INSERT INTO lote_manteiga VALUES ('16237','02/24/2014','66','B');
INSERT INTO lote_manteiga VALUES ('16375','02/25/1999','54','C');
INSERT INTO lote_manteiga VALUES ('16442','02/26/1992','116','D');
INSERT INTO lote_manteiga VALUES ('16593','02/26/1995','90','E');
INSERT INTO lote_manteiga VALUES ('16625','02/27/2004','84','A');
INSERT INTO lote_manteiga VALUES ('16718','02/28/2007','55','B');
INSERT INTO lote_manteiga VALUES ('16779','02/28/2015','119','C');
INSERT INTO lote_manteiga VALUES ('16978','02/29/2002','36','D');
INSERT INTO lote_manteiga VALUES ('17249','02/29/2005','73','E');
INSERT INTO lote_manteiga VALUES ('17459','02/29/2009','114','A');
INSERT INTO lote_manteiga VALUES ('17485','03/01/1997','93','B');
INSERT INTO lote_manteiga VALUES ('17515','03/02/1990','84','C');
INSERT INTO lote_manteiga VALUES ('18135','03/02/2010','109','D');
INSERT INTO lote_manteiga VALUES ('18633','03/04/2015','66','E');
INSERT INTO lote_manteiga VALUES ('18717','03/08/1997','101','A');
INSERT INTO lote_manteiga VALUES ('18738','03/08/2006','63','B');
INSERT INTO lote_manteiga VALUES ('19502','03/09/1994','32','C');
INSERT INTO lote_manteiga VALUES ('19547','03/09/1995','77','D');
INSERT INTO lote_manteiga VALUES ('19763','03/09/2013','63','E');
INSERT INTO lote_manteiga VALUES ('19861','03/10/1996','87','A');
INSERT INTO lote_manteiga VALUES ('20140','03/11/2003','39','B');
INSERT INTO lote_manteiga VALUES ('20389','03/11/2007','74','C');
INSERT INTO lote_manteiga VALUES ('20905','03/13/1994','66','D');
INSERT INTO lote_manteiga VALUES ('21342','03/13/1997','98','E');
INSERT INTO lote_manteiga VALUES ('21439','03/13/2010','50','A');
INSERT INTO lote_manteiga VALUES ('21657','03/15/2015','63','B');
INSERT INTO lote_manteiga VALUES ('22108','03/16/1993','76','C');
INSERT INTO lote_manteiga VALUES ('22109','03/16/2004','103','D');
INSERT INTO lote_manteiga VALUES ('22282','03/18/1990','59','E');
INSERT INTO lote_manteiga VALUES ('22303','03/19/1999','37','A');
INSERT INTO lote_manteiga VALUES ('22466','03/19/2002','119','B');
INSERT INTO lote_manteiga VALUES ('22571','03/19/2005','93','C');
INSERT INTO lote_manteiga VALUES ('22627','03/21/1998','96','D');
INSERT INTO lote_manteiga VALUES ('22756','03/21/2009','31','E');
INSERT INTO lote_manteiga VALUES ('23017','03/23/2009','40','A');
INSERT INTO lote_manteiga VALUES ('23196','03/24/1996','90','B');
INSERT INTO lote_manteiga VALUES ('23242','03/24/1999','43','C');
INSERT INTO lote_manteiga VALUES ('23474','03/25/1995','102','D');
INSERT INTO lote_manteiga VALUES ('23488','03/27/1998','30','E');
INSERT INTO lote_manteiga VALUES ('23553','03/27/2000','106','A');
INSERT INTO lote_manteiga VALUES ('23756','03/28/1997','106','B');
INSERT INTO lote_manteiga VALUES ('23894','03/28/2001','98','C');
INSERT INTO lote_manteiga VALUES ('24487','03/28/2012','81','D');
INSERT INTO lote_manteiga VALUES ('24546','03/29/2008','108','E');
INSERT INTO lote_manteiga VALUES ('24768','03/29/2011','84','A');
INSERT INTO lote_manteiga VALUES ('25100','04/01/1992','30','B');
INSERT INTO lote_manteiga VALUES ('25285','04/02/1993','67','C');
INSERT INTO lote_manteiga VALUES ('25518','04/02/1994','77','D');
INSERT INTO lote_manteiga VALUES ('25582','04/02/2008','89','E');
INSERT INTO lote_manteiga VALUES ('26305','04/03/1999','74','A');
INSERT INTO lote_manteiga VALUES ('27095','04/03/2009','101','B');
INSERT INTO lote_manteiga VALUES ('27256','04/04/1990','109','C');
INSERT INTO lote_manteiga VALUES ('27297','04/05/1999','105','D');
INSERT INTO lote_manteiga VALUES ('27428','04/06/2015','82','E');
INSERT INTO lote_manteiga VALUES ('27513','04/07/2009','86','A');
INSERT INTO lote_manteiga VALUES ('27539','04/08/1995','55','B');
INSERT INTO lote_manteiga VALUES ('27563','04/08/2006','101','C');
INSERT INTO lote_manteiga VALUES ('28280','04/10/1990','93','D');
INSERT INTO lote_manteiga VALUES ('28535','04/10/1992','80','E');
INSERT INTO lote_manteiga VALUES ('28634','04/10/2002','81','A');
INSERT INTO lote_manteiga VALUES ('28645','04/10/2003','87','B');
INSERT INTO lote_manteiga VALUES ('28677','04/10/2008','68','C');
INSERT INTO lote_manteiga VALUES ('28768','04/13/1997','97','D');
INSERT INTO lote_manteiga VALUES ('28973','04/14/1992','75','E');
INSERT INTO lote_manteiga VALUES ('29182','04/14/1999','117','A');
INSERT INTO lote_manteiga VALUES ('29576','04/15/1991','116','B');
INSERT INTO lote_manteiga VALUES ('29846','04/16/1991','64','C');
INSERT INTO lote_manteiga VALUES ('30324','04/16/2007','67','D');
INSERT INTO lote_manteiga VALUES ('30554','04/17/2002','70','E');
INSERT INTO lote_manteiga VALUES ('30652','04/17/2009','98','A');
INSERT INTO lote_manteiga VALUES ('30872','04/17/2014','111','B');
INSERT INTO lote_manteiga VALUES ('31553','04/17/2015','62','C');
INSERT INTO lote_manteiga VALUES ('31711','04/18/1994','67','D');
INSERT INTO lote_manteiga VALUES ('31722','04/18/2004','37','E');
INSERT INTO lote_manteiga VALUES ('31954','04/19/2001','63','A');
INSERT INTO lote_manteiga VALUES ('32283','04/19/2008','34','B');
INSERT INTO lote_manteiga VALUES ('32360','04/19/2013','53','C');
INSERT INTO lote_manteiga VALUES ('32506','04/20/1990','57','D');
INSERT INTO lote_manteiga VALUES ('32710','04/20/1995','93','E');
INSERT INTO lote_manteiga VALUES ('32910','04/20/2003','78','A');
INSERT INTO lote_manteiga VALUES ('33030','04/20/2005','117','B');
INSERT INTO lote_manteiga VALUES ('33240','04/21/2000','94','C');
INSERT INTO lote_manteiga VALUES ('33362','04/21/2009','42','D');
INSERT INTO lote_manteiga VALUES ('33481','04/23/1995','108','E');
INSERT INTO lote_manteiga VALUES ('33560','04/23/2010','98','A');
INSERT INTO lote_manteiga VALUES ('33561','04/24/2005','95','B');
INSERT INTO lote_manteiga VALUES ('34005','04/25/1999','104','C');
INSERT INTO lote_manteiga VALUES ('34472','04/27/1990','33','D');
INSERT INTO lote_manteiga VALUES ('34605','04/27/2008','48','E');
INSERT INTO lote_manteiga VALUES ('34886','04/27/2012','109','A');
INSERT INTO lote_manteiga VALUES ('34903','04/28/1991','102','B');
INSERT INTO lote_manteiga VALUES ('35122','05/01/2005','89','C');
INSERT INTO lote_manteiga VALUES ('35315','05/01/2011','94','D');
INSERT INTO lote_manteiga VALUES ('35536','05/03/1999','66','E');
INSERT INTO lote_manteiga VALUES ('35575','05/04/2001','80','A');
INSERT INTO lote_manteiga VALUES ('35717','05/05/2002','82','B');
INSERT INTO lote_manteiga VALUES ('35722','05/09/1998','101','C');
INSERT INTO lote_manteiga VALUES ('35917','05/10/1997','75','D');
INSERT INTO lote_manteiga VALUES ('36060','05/10/2002','38','E');
INSERT INTO lote_manteiga VALUES ('36107','05/11/2007','108','A');
INSERT INTO lote_manteiga VALUES ('36142','05/13/2012','83','B');
INSERT INTO lote_manteiga VALUES ('36211','05/15/2008','77','C');
INSERT INTO lote_manteiga VALUES ('36288','05/15/2015','111','D');
INSERT INTO lote_manteiga VALUES ('36842','05/16/2000','36','E');
INSERT INTO lote_manteiga VALUES ('36995','05/19/2000','82','A');
INSERT INTO lote_manteiga VALUES ('37154','05/19/2006','51','B');
INSERT INTO lote_manteiga VALUES ('37335','05/24/1990','56','C');
INSERT INTO lote_manteiga VALUES ('37553','05/24/2004','43','D');
INSERT INTO lote_manteiga VALUES ('37679','05/24/2012','108','E');
INSERT INTO lote_manteiga VALUES ('37749','05/25/1991','47','A');
INSERT INTO lote_manteiga VALUES ('37959','05/25/2009','111','B');
INSERT INTO lote_manteiga VALUES ('38040','05/25/2010','52','C');
INSERT INTO lote_manteiga VALUES ('38304','05/26/1992','39','D');
INSERT INTO lote_manteiga VALUES ('38316','05/26/1998','91','E');
INSERT INTO lote_manteiga VALUES ('38483','05/26/1999','95','A');
INSERT INTO lote_manteiga VALUES ('38520','05/27/2014','50','B');
INSERT INTO lote_manteiga VALUES ('38580','05/28/2001','52','C');
INSERT INTO lote_manteiga VALUES ('38699','05/29/1995','95','D');
INSERT INTO lote_manteiga VALUES ('38775','05/29/2003','79','E');
INSERT INTO lote_manteiga VALUES ('39102','05/29/2006','49','A');
INSERT INTO lote_manteiga VALUES ('39298','06/01/2001','58','B');
INSERT INTO lote_manteiga VALUES ('39471','06/02/2004','96','C');
INSERT INTO lote_manteiga VALUES ('40147','06/04/1997','60','D');
INSERT INTO lote_manteiga VALUES ('40232','06/04/2010','36','E');
INSERT INTO lote_manteiga VALUES ('40491','06/04/2012','102','A');
INSERT INTO lote_manteiga VALUES ('40504','06/04/2013','82','B');
INSERT INTO lote_manteiga VALUES ('40590','06/04/2014','66','C');
INSERT INTO lote_manteiga VALUES ('40630','06/05/1994','31','D');
INSERT INTO lote_manteiga VALUES ('41156','06/05/1995','34','E');
INSERT INTO lote_manteiga VALUES ('41503','06/06/1992','96','A');
INSERT INTO lote_manteiga VALUES ('41636','06/06/2003','76','B');
INSERT INTO lote_manteiga VALUES ('41763','06/07/1995','48','C');
INSERT INTO lote_manteiga VALUES ('41901','06/08/2002','56','D');
INSERT INTO lote_manteiga VALUES ('41928','06/09/1998','46','E');
INSERT INTO lote_manteiga VALUES ('42348','06/11/1994','97','A');
INSERT INTO lote_manteiga VALUES ('42889','06/12/2002','53','B');
INSERT INTO lote_manteiga VALUES ('43018','06/12/2007','92','C');
INSERT INTO lote_manteiga VALUES ('43399','06/12/2013','92','D');
INSERT INTO lote_manteiga VALUES ('43445','06/13/1992','61','E');
INSERT INTO lote_manteiga VALUES ('43590','06/13/2004','46','A');
INSERT INTO lote_manteiga VALUES ('43731','06/13/2010','55','B');
INSERT INTO lote_manteiga VALUES ('43934','06/14/1999','89','C');
INSERT INTO lote_manteiga VALUES ('44172','06/14/2006','62','D');
INSERT INTO lote_manteiga VALUES ('44228','06/15/2001','114','E');
INSERT INTO lote_manteiga VALUES ('44316','06/15/2006','109','A');
INSERT INTO lote_manteiga VALUES ('44456','06/17/1999','66','B');
INSERT INTO lote_manteiga VALUES ('44503','06/20/1990','49','C');
INSERT INTO lote_manteiga VALUES ('44814','06/20/1993','32','D');
INSERT INTO lote_manteiga VALUES ('44969','06/21/1990','34','E');
INSERT INTO lote_manteiga VALUES ('45123','06/21/1996','76','A');
INSERT INTO lote_manteiga VALUES ('45135','06/21/1998','60','B');
INSERT INTO lote_manteiga VALUES ('45363','06/21/2013','33','C');
INSERT INTO lote_manteiga VALUES ('45394','06/22/1990','44','D');
INSERT INTO lote_manteiga VALUES ('45418','06/22/1995','87','E');
INSERT INTO lote_manteiga VALUES ('45432','06/23/2005','68','A');
INSERT INTO lote_manteiga VALUES ('45443','06/24/2000','67','B');
INSERT INTO lote_manteiga VALUES ('45559','06/24/2010','51','C');
INSERT INTO lote_manteiga VALUES ('45684','06/24/2012','34','D');
INSERT INTO lote_manteiga VALUES ('46339','06/26/2011','94','E');
INSERT INTO lote_manteiga VALUES ('46417','06/28/1995','33','A');
INSERT INTO lote_manteiga VALUES ('46486','06/28/2011','36','B');
INSERT INTO lote_manteiga VALUES ('46554','06/28/2015','63','C');
INSERT INTO lote_manteiga VALUES ('46565','06/29/2015','58','D');
INSERT INTO lote_manteiga VALUES ('46734','07/01/2002','59','E');
INSERT INTO lote_manteiga VALUES ('46810','07/03/2014','34','A');
INSERT INTO lote_manteiga VALUES ('46913','07/04/1997','109','B');
INSERT INTO lote_manteiga VALUES ('46974','07/04/2000','50','C');
INSERT INTO lote_manteiga VALUES ('47124','07/04/2002','79','D');
INSERT INTO lote_manteiga VALUES ('47307','07/04/2007','95','E');
INSERT INTO lote_manteiga VALUES ('47612','07/05/2015','113','A');
INSERT INTO lote_manteiga VALUES ('47733','07/06/1999','30','B');
INSERT INTO lote_manteiga VALUES ('48072','07/07/1991','81','C');
INSERT INTO lote_manteiga VALUES ('48221','07/08/1994','58','D');
INSERT INTO lote_manteiga VALUES ('48254','07/08/2011','65','E');
INSERT INTO lote_manteiga VALUES ('48339','07/10/2005','79','A');
INSERT INTO lote_manteiga VALUES ('48934','07/10/2012','116','B');
INSERT INTO lote_manteiga VALUES ('48995','07/10/2013','66','C');
INSERT INTO lote_manteiga VALUES ('49027','07/11/1993','97','D');
INSERT INTO lote_manteiga VALUES ('49527','07/13/1999','47','E');
INSERT INTO lote_manteiga VALUES ('49528','07/14/1996','30','A');
INSERT INTO lote_manteiga VALUES ('49626','07/14/2014','103','B');
INSERT INTO lote_manteiga VALUES ('49792','07/15/1994','109','C');
INSERT INTO lote_manteiga VALUES ('49862','07/15/2001','95','D');
INSERT INTO lote_manteiga VALUES ('49955','07/15/2015','112','E');
INSERT INTO lote_manteiga VALUES ('50079','07/16/1997','71','A');
INSERT INTO lote_manteiga VALUES ('50518','07/17/2012','45','B');
INSERT INTO lote_manteiga VALUES ('50573','07/18/2001','53','C');
INSERT INTO lote_manteiga VALUES ('50643','07/18/2006','99','D');
INSERT INTO preco_manteiga VALUES ('1919','.028');
INSERT INTO preco_manteiga VALUES ('4831','.355');
INSERT INTO preco_manteiga VALUES ('4872','.410');
INSERT INTO preco_manteiga VALUES ('1901','.806');
INSERT INTO preco_manteiga VALUES ('882','.527');
INSERT INTO preco_manteiga VALUES ('1231','.371');
INSERT INTO preco_manteiga VALUES ('3000','.299');
INSERT INTO preco_manteiga VALUES ('1084','.301');
INSERT INTO preco_manteiga VALUES ('548','.895');
INSERT INTO preco_manteiga VALUES ('4974','.498');
INSERT INTO preco_manteiga VALUES ('3295','.269');
INSERT INTO preco_manteiga VALUES ('2983','.293');
INSERT INTO preco_manteiga VALUES ('1757','.298');
INSERT INTO preco_manteiga VALUES ('4336','.364');
INSERT INTO preco_manteiga VALUES ('2067','.482');
INSERT INTO preco_manteiga VALUES ('1226','.041');
INSERT INTO preco_manteiga VALUES ('1852','.975');
INSERT INTO preco_manteiga VALUES ('782','.859');
INSERT INTO preco_manteiga VALUES ('4324','.931');
INSERT INTO preco_manteiga VALUES ('4837','.529');
INSERT INTO preco_manteiga VALUES ('3929','.935');
INSERT INTO preco_manteiga VALUES ('4773','.196');
INSERT INTO preco_manteiga VALUES ('2778','.632');
INSERT INTO preco_manteiga VALUES ('2504','.018');
INSERT INTO preco_manteiga VALUES ('2819','.886');
INSERT INTO preco_manteiga VALUES ('4061','.464');
INSERT INTO preco_manteiga VALUES ('1750','.004');
INSERT INTO preco_manteiga VALUES ('1127','.152');
INSERT INTO preco_manteiga VALUES ('1215','.438');
INSERT INTO preco_manteiga VALUES ('146','.411');
INSERT INTO preco_manteiga VALUES ('4404','.813');
INSERT INTO preco_manteiga VALUES ('377','.450');
INSERT INTO preco_manteiga VALUES ('4313','.089');
INSERT INTO preco_manteiga VALUES ('322','.535');
INSERT INTO preco_manteiga VALUES ('2821','.005');
INSERT INTO preco_manteiga VALUES ('1620','.419');
INSERT INTO preco_manteiga VALUES ('2756','.171');
INSERT INTO preco_manteiga VALUES ('1877','.407');
INSERT INTO preco_manteiga VALUES ('1911','.071');
INSERT INTO preco_manteiga VALUES ('1928','.332');
INSERT INTO preco_manteiga VALUES ('4883','.745');
INSERT INTO preco_manteiga VALUES ('4401','.956');
INSERT INTO preco_manteiga VALUES ('1956','.262');
INSERT INTO preco_manteiga VALUES ('2316','.219');
INSERT INTO preco_manteiga VALUES ('1430','.192');
INSERT INTO preco_manteiga VALUES ('2568','.994');
INSERT INTO preco_manteiga VALUES ('2044','.789');
INSERT INTO preco_manteiga VALUES ('1966','.470');
INSERT INTO preco_manteiga VALUES ('4757','.163');
INSERT INTO preco_manteiga VALUES ('3932','.486');
INSERT INTO preco_manteiga VALUES ('2598','.628');
INSERT INTO preco_manteiga VALUES ('5027','.896');
INSERT INTO preco_manteiga VALUES ('4602','.509');
INSERT INTO preco_manteiga VALUES ('3538','.553');
INSERT INTO preco_manteiga VALUES ('1231','.828');
INSERT INTO preco_manteiga VALUES ('3509','.151');
INSERT INTO preco_manteiga VALUES ('1259','.873');
INSERT INTO preco_manteiga VALUES ('4451','.056');
INSERT INTO preco_manteiga VALUES ('543','.623');
INSERT INTO preco_manteiga VALUES ('233','.722');
INSERT INTO preco_manteiga VALUES ('2042','.371');
INSERT INTO preco_manteiga VALUES ('1008','.402');
INSERT INTO preco_manteiga VALUES ('547','.137');
INSERT INTO preco_manteiga VALUES ('333','.762');
INSERT INTO preco_manteiga VALUES ('1367','.931');
INSERT INTO preco_manteiga VALUES ('438','.128');
INSERT INTO preco_manteiga VALUES ('3119','.739');
INSERT INTO preco_manteiga VALUES ('3642','.897');
INSERT INTO preco_manteiga VALUES ('2574','.055');
INSERT INTO preco_manteiga VALUES ('760','.097');
INSERT INTO preco_manteiga VALUES ('4326','.711');
INSERT INTO preco_manteiga VALUES ('1446','.570');
INSERT INTO preco_manteiga VALUES ('4315','.339');
INSERT INTO preco_manteiga VALUES ('1758','.174');
INSERT INTO preco_manteiga VALUES ('4726','.080');
INSERT INTO preco_manteiga VALUES ('2016','.698');
INSERT INTO preco_manteiga VALUES ('1362','.296');
INSERT INTO preco_manteiga VALUES ('1234','.352');
INSERT INTO preco_manteiga VALUES ('2068','.378');
INSERT INTO preco_manteiga VALUES ('2944','.909');
INSERT INTO preco_manteiga VALUES ('4280','.831');
INSERT INTO preco_manteiga VALUES ('2095','.700');
INSERT INTO preco_manteiga VALUES ('1147','.859');
INSERT INTO preco_manteiga VALUES ('2498','.945');
INSERT INTO preco_manteiga VALUES ('1557','.924');
INSERT INTO preco_manteiga VALUES ('4175','.934');
INSERT INTO preco_manteiga VALUES ('4851','.972');
INSERT INTO preco_manteiga VALUES ('3351','.898');
INSERT INTO preco_manteiga VALUES ('2841','.970');
INSERT INTO preco_manteiga VALUES ('4971','.683');
INSERT INTO preco_manteiga VALUES ('2078','.452');
INSERT INTO preco_manteiga VALUES ('3533','.649');
INSERT INTO preco_manteiga VALUES ('1787','.317');
INSERT INTO preco_manteiga VALUES ('2288','.357');
INSERT INTO preco_manteiga VALUES ('2307','.895');
INSERT INTO preco_manteiga VALUES ('2410','.816');
INSERT INTO preco_manteiga VALUES ('3813','.048');
INSERT INTO preco_manteiga VALUES ('3321','.266');
INSERT INTO preco_manteiga VALUES ('1533','.618');
INSERT INTO preco_manteiga VALUES ('5060','.437');
INSERT INTO preco_manteiga VALUES ('1724','.477');
INSERT INTO preco_manteiga VALUES ('1753','.650');
INSERT INTO preco_manteiga VALUES ('518','.120');
INSERT INTO preco_manteiga VALUES ('4129','.778');
INSERT INTO preco_manteiga VALUES ('4485','.507');
INSERT INTO preco_manteiga VALUES ('773','.551');
INSERT INTO preco_manteiga VALUES ('3452','.349');
INSERT INTO preco_manteiga VALUES ('837','.889');
INSERT INTO preco_manteiga VALUES ('3798','.204');
INSERT INTO preco_manteiga VALUES ('2412','.311');
INSERT INTO preco_manteiga VALUES ('1950','.740');
INSERT INTO preco_manteiga VALUES ('3235','.822');
INSERT INTO preco_manteiga VALUES ('2821','.514');
INSERT INTO preco_manteiga VALUES ('2852','.502');
INSERT INTO preco_manteiga VALUES ('2422','.078');
INSERT INTO preco_manteiga VALUES ('4151','.140');
INSERT INTO preco_manteiga VALUES ('4754','.328');
INSERT INTO preco_manteiga VALUES ('604','.203');
INSERT INTO preco_manteiga VALUES ('2343','.929');
INSERT INTO preco_manteiga VALUES ('4022','.383');
INSERT INTO preco_manteiga VALUES ('4836','.966');
INSERT INTO preco_manteiga VALUES ('503','.891');
INSERT INTO preco_manteiga VALUES ('3630','.002');
INSERT INTO preco_manteiga VALUES ('3335','.271');
INSERT INTO preco_manteiga VALUES ('5002','.730');
INSERT INTO preco_manteiga VALUES ('4395','.333');
INSERT INTO preco_manteiga VALUES ('220','.682');
INSERT INTO preco_manteiga VALUES ('342','.609');
INSERT INTO preco_manteiga VALUES ('1093','.702');
INSERT INTO preco_manteiga VALUES ('1146','.408');
INSERT INTO preco_manteiga VALUES ('1789','.251');
INSERT INTO preco_manteiga VALUES ('2851','.690');
INSERT INTO preco_manteiga VALUES ('2931','.520');
INSERT INTO preco_manteiga VALUES ('2651','.014');
INSERT INTO preco_manteiga VALUES ('155','.887');
INSERT INTO preco_manteiga VALUES ('2164','.242');
INSERT INTO preco_manteiga VALUES ('3255','.981');
INSERT INTO preco_manteiga VALUES ('1922','.762');
INSERT INTO preco_manteiga VALUES ('2987','.046');
INSERT INTO preco_manteiga VALUES ('1905','.861');
INSERT INTO preco_manteiga VALUES ('1512','.158');
INSERT INTO preco_manteiga VALUES ('2247','.220');
INSERT INTO preco_manteiga VALUES ('3148','.542');
INSERT INTO preco_manteiga VALUES ('2578','.900');
INSERT INTO preco_manteiga VALUES ('683','.603');
INSERT INTO preco_manteiga VALUES ('2421','.593');
INSERT INTO preco_manteiga VALUES ('588','.357');
INSERT INTO preco_manteiga VALUES ('3644','.078');
INSERT INTO preco_manteiga VALUES ('291','.506');
INSERT INTO preco_manteiga VALUES ('4362','.171');
INSERT INTO preco_manteiga VALUES ('697','.092');
INSERT INTO preco_manteiga VALUES ('372','.495');
INSERT INTO preco_manteiga VALUES ('933','.203');
INSERT INTO preco_manteiga VALUES ('4024','.615');
INSERT INTO preco_manteiga VALUES ('1650','.978');
INSERT INTO preco_manteiga VALUES ('2955','.498');
INSERT INTO preco_manteiga VALUES ('3994','.461');
INSERT INTO preco_manteiga VALUES ('4725','.830');
INSERT INTO preco_manteiga VALUES ('1305','.196');
INSERT INTO preco_manteiga VALUES ('3009','.818');
INSERT INTO preco_manteiga VALUES ('220','.378');
INSERT INTO preco_manteiga VALUES ('4102','.085');
INSERT INTO preco_manteiga VALUES ('2955','.024');
INSERT INTO preco_manteiga VALUES ('1080','.299');
INSERT INTO preco_manteiga VALUES ('1960','.730');
INSERT INTO preco_manteiga VALUES ('4413','.881');
INSERT INTO preco_manteiga VALUES ('2567','.976');
INSERT INTO preco_manteiga VALUES ('3010','.988');
INSERT INTO preco_manteiga VALUES ('1986','.005');
INSERT INTO preco_manteiga VALUES ('1226','.754');
INSERT INTO preco_manteiga VALUES ('228','.454');
INSERT INTO preco_manteiga VALUES ('2684','.170');
INSERT INTO preco_manteiga VALUES ('4140','.079');
INSERT INTO preco_manteiga VALUES ('2453','.200');
INSERT INTO preco_manteiga VALUES ('2668','.297');
INSERT INTO preco_manteiga VALUES ('1094','.898');
INSERT INTO preco_manteiga VALUES ('1719','.108');
INSERT INTO preco_manteiga VALUES ('2269','.929');
INSERT INTO preco_manteiga VALUES ('876','.462');
INSERT INTO preco_manteiga VALUES ('1389','.282');
INSERT INTO preco_manteiga VALUES ('448','.951');
INSERT INTO preco_manteiga VALUES ('4743','.649');
INSERT INTO preco_manteiga VALUES ('5017','.541');
INSERT INTO preco_manteiga VALUES ('3180','.707');
INSERT INTO preco_manteiga VALUES ('1714','.259');
INSERT INTO preco_manteiga VALUES ('2575','.046');
INSERT INTO preco_manteiga VALUES ('4599','.460');
INSERT INTO preco_manteiga VALUES ('449','.282');
INSERT INTO preco_manteiga VALUES ('2062','.452');
INSERT INTO preco_manteiga VALUES ('272','.702');
INSERT INTO preco_manteiga VALUES ('4314','.908');
INSERT INTO preco_manteiga VALUES ('4587','.205');
INSERT INTO preco_manteiga VALUES ('4395','.073');
INSERT INTO preco_manteiga VALUES ('3083','.789');
INSERT INTO preco_manteiga VALUES ('2595','.918');
INSERT INTO preco_manteiga VALUES ('1644','.512');
INSERT INTO preco_manteiga VALUES ('105','.481');
INSERT INTO preco_manteiga VALUES ('3168','.501');
INSERT INTO preco_manteiga VALUES ('3290','.900');
INSERT INTO preco_manteiga VALUES ('723','.215');
INSERT INTO preco_manteiga VALUES ('4408','.131');
INSERT INTO preco_manteiga VALUES ('1153','.807');
INSERT INTO preco_manteiga VALUES ('2231','.140');
INSERT INTO preco_manteiga VALUES ('1965','.104');
INSERT INTO preco_manteiga VALUES ('4023','.361');
INSERT INTO preco_manteiga VALUES ('1074','.874');
INSERT INTO preco_manteiga VALUES ('641','.912');
INSERT INTO preco_manteiga VALUES ('4349','.092');
INSERT INTO preco_manteiga VALUES ('2850','.039');
INSERT INTO preco_manteiga VALUES ('4923','.920');
INSERT INTO preco_manteiga VALUES ('3628','.871');
INSERT INTO preco_manteiga VALUES ('4526','.260');
INSERT INTO preco_manteiga VALUES ('3509','.453');
INSERT INTO preco_manteiga VALUES ('458','.118');
INSERT INTO preco_manteiga VALUES ('3773','.779');
INSERT INTO preco_manteiga VALUES ('3448','.232');
INSERT INTO preco_manteiga VALUES ('625','.752');
INSERT INTO preco_manteiga VALUES ('839','.161');
INSERT INTO preco_manteiga VALUES ('370','.728');
INSERT INTO preco_manteiga VALUES ('1033','.670');
INSERT INTO preco_manteiga VALUES ('1640','.684');
INSERT INTO preco_manteiga VALUES ('4412','.729');
INSERT INTO preco_manteiga VALUES ('1589','.777');
INSERT INTO preco_manteiga VALUES ('2535','.428');
INSERT INTO preco_manteiga VALUES ('1847','.292');
INSERT INTO preco_manteiga VALUES ('563','.545');
INSERT INTO preco_manteiga VALUES ('3542','.680');
INSERT INTO preco_manteiga VALUES ('1161','.939');
INSERT INTO preco_manteiga VALUES ('1570','.847');
INSERT INTO preco_manteiga VALUES ('398','.674');
INSERT INTO preco_manteiga VALUES ('874','.181');
INSERT INTO preco_manteiga VALUES ('3418','.338');
INSERT INTO preco_manteiga VALUES ('2857','.773');
INSERT INTO preco_manteiga VALUES ('4998','.555');
INSERT INTO preco_manteiga VALUES ('1845','.749');
INSERT INTO preco_manteiga VALUES ('1970','.013');
INSERT INTO preco_manteiga VALUES ('3146','.456');
INSERT INTO preco_manteiga VALUES ('260','.739');
INSERT INTO preco_manteiga VALUES ('2820','.645');
INSERT INTO preco_manteiga VALUES ('1994','.137');
INSERT INTO preco_manteiga VALUES ('2049','.264');
INSERT INTO preco_manteiga VALUES ('148','.887');
INSERT INTO preco_manteiga VALUES ('2848','.529');
INSERT INTO preco_manteiga VALUES ('1993','.491');
INSERT INTO preco_manteiga VALUES ('1447','.108');
INSERT INTO preco_manteiga VALUES ('3338','.679');
INSERT INTO preco_manteiga VALUES ('803','.276');
INSERT INTO preco_manteiga VALUES ('2765','.681');
INSERT INTO preco_manteiga VALUES ('3307','.942');
INSERT INTO preco_manteiga VALUES ('2911','.161');
INSERT INTO preco_manteiga VALUES ('1361','.942');
INSERT INTO preco_manteiga VALUES ('257','.394');
INSERT INTO preco_manteiga VALUES ('1608','.208');
INSERT INTO preco_manteiga VALUES ('3902','.121');
INSERT INTO preco_manteiga VALUES ('4933','.728');
INSERT INTO preco_manteiga VALUES ('4583','.030');
INSERT INTO preco_manteiga VALUES ('177','.315');
INSERT INTO preco_manteiga VALUES ('2403','.351');
INSERT INTO preco_manteiga VALUES ('5074','.137');
INSERT INTO manteiga VALUES ('123395020131','00109','Rua do dublagem, 68, Distrito Federal - DF','1919','28877657316458','28877657316458','01/01/2000');
INSERT INTO manteiga VALUES ('173362733792','00547','Rua do interrogacao, 344, Bahia - BA','4831','89937689711651','89937689711651','01/03/2003');
INSERT INTO manteiga VALUES ('613177568382','00801','Rua do envergar, 27, Piauí - PI','4872','78454526435479','78454526435479','01/04/2005');
INSERT INTO manteiga VALUES ('565226371754','00916','Rua do roseira, 519, São Paulo - SP','1901','21436994841879','21436994841879','01/04/2015');
INSERT INTO manteiga VALUES ('970186961151','00961','Rua do mesinha-de-cabeceira, 538, Rio de Janeiro - RJ','882','83755674698581','83755674698581','01/05/2002');
INSERT INTO manteiga VALUES ('703216920322','02529','Rua do descolar, 576, Piauí - PI','1231','65249196532235','65249196532235','01/06/2001');
INSERT INTO manteiga VALUES ('569698751396','03056','Rua do degradar, 51, Santa Catarina - SC','3000','48731659959757','48731659959757','01/07/1995');
INSERT INTO manteiga VALUES ('119494362412','03077','Rua do lacrimal, 273, Alagoas - AL','1084','56327963523623','56327963523623','01/07/2000');
INSERT INTO manteiga VALUES ('560283504066','03298','Rua do ri, 891, Alagoas - AL','548','44275515822161','44275515822161','01/08/2001');
INSERT INTO manteiga VALUES ('708365223979','04010','Rua do telegrama, 669, Pernambuco - PE','4974','43518343123326','43518343123326','01/08/2009');
INSERT INTO manteiga VALUES ('421630037249','04231','Rua do acrimonioso, 727, Mato Grosso - MT','3295','44329841926868','44329841926868','01/10/1991');
INSERT INTO manteiga VALUES ('422353395317','04454','Rua do grinalda, 463, Paraná - PR','2983','57416536723521','57416536723521','01/10/1999');
INSERT INTO manteiga VALUES ('508208124066','04557','Rua do aspergir, 877, Espírito Santo - ES','1757','63942321432162','63942321432162','01/10/2001');
INSERT INTO manteiga VALUES ('802092980425','04698','Rua do sulino, 892, Pará - PA','4336','68799722948579','68799722948579','01/11/2006');
INSERT INTO manteiga VALUES ('460023122757','04701','Rua do calibrador, 160, Rio de Janeiro - RJ','2067','79726195817937','79726195817937','01/11/2007');
INSERT INTO manteiga VALUES ('254726388550','04761','Rua do monarca, 203, Alagoas - AL','1226','49548155944589','49548155944589','01/13/2008');
INSERT INTO manteiga VALUES ('583504510611','04766','Rua do revirado, 435, Sergipe - SE','1852','88267353828123','88267353828123','01/13/2009');
INSERT INTO manteiga VALUES ('127581767704','05211','Rua do moinho, 553, Rio de Janeiro - RJ','782','57912634612282','57912634612282','01/13/2013');
INSERT INTO manteiga VALUES ('959387665353','05704','Rua do cobra, 60, Paraná - PR','4324','63263711789328','63263711789328','01/14/2007');
INSERT INTO manteiga VALUES ('967828586488','05850','Rua do aumentados, 826, Pará - PA','4837','17673712114243','17673712114243','01/15/2008');
INSERT INTO manteiga VALUES ('835024201344','05891','Rua do strip-tease, 283, Rio de Janeiro - RJ','3929','13744922376121','13744922376121','01/15/2013');
INSERT INTO manteiga VALUES ('337287883046','05935','Rua do transtorno, 946, Bahia - BA','4773','27519581186556','27519581186556','01/16/1991');
INSERT INTO manteiga VALUES ('701283105362','06363','Rua do centopeia, 272, Acre - AC','2778','28542893824528','28542893824528','01/16/2000');
INSERT INTO manteiga VALUES ('850795457328','07110','Rua do sinistro, 873, Roraima - RR','2504','31892846956395','31892846956395','01/17/2010');
INSERT INTO manteiga VALUES ('405965062296','07264','Rua do piscar, 214, Santa Catarina - SC','2819','31583535646416','31583535646416','01/17/2015');
INSERT INTO manteiga VALUES ('197745266857','07597','Rua do primario, 149, Rio Grande do Sul - RS','4061','13858159882622','13858159882622','01/18/1990');
INSERT INTO manteiga VALUES ('968582488513','08029','Rua do atolado, 711, Sergipe - SE','1750','72915664468234','72915664468234','01/18/2001');
INSERT INTO manteiga VALUES ('678129794100','08374','Rua do aparentado, 977, Mato Grosso do Sul - MS','1127','24892684838944','24892684838944','01/18/2013');
INSERT INTO manteiga VALUES ('227998122432','08497','Rua do descabelar, 788, Alagoas - AL','1215','81469922822532','81469922822532','01/20/2000');
INSERT INTO manteiga VALUES ('116790831016','08559','Rua do sinistrado, 61, Ceará - CE','146','12688859223945','12688859223945','01/20/2014');
INSERT INTO manteiga VALUES ('512376567926','08643','Rua do deslizamento, 567, Acre - AC','4404','68931826397446','68931826397446','01/23/1998');
INSERT INTO manteiga VALUES ('130186197765','08677','Rua do forcado, 532, Maranhão - MA','377','48561267417794','48561267417794','01/23/2004');
INSERT INTO manteiga VALUES ('599763904054','09345','Rua do proximo, 6, Piauí - PI','4313','99443352843151','99443352843151','01/23/2013');
INSERT INTO manteiga VALUES ('626360144423','09399','Rua do constar, 226, Goiás - GO','322','56756444114214','56756444114214','01/24/1995');
INSERT INTO pessoa VALUES ('11718276243','Daniel Bittencourt Goldner','1997464228');
INSERT INTO pessoa VALUES ('14056326098','Stela Tellarolli Botelho','1842002479');
INSERT INTO pessoa VALUES ('23733464729','Philippe Luiz Lima Moreira','1053955389');
INSERT INTO pessoa VALUES ('39000507125','Vitor de Freitas','1134037138');
INSERT INTO pessoa VALUES ('37732700424','Giulia Faria Zima','1736358387');
INSERT INTO pessoa VALUES ('04779824139','Luiz Fernando Silva Bedani','1500766037');
INSERT INTO pessoa VALUES ('42177651023','Clarice de Abreu Dellape','1238515615');
INSERT INTO pessoa VALUES ('68691808857','Marco Antonio Steck Filho','1377887638');
INSERT INTO pessoa VALUES ('76904077791','Tales Roger do Carmo','1303798276');
INSERT INTO pessoa VALUES ('84358791981','Kessia Nazar Rebac','1723221135');
INSERT INTO pessoa VALUES ('72599692273','Bianca de Souza Tarasco','1428789044');
INSERT INTO pessoa VALUES ('67248300684','Mauricio de Oliveira Amendola','1082209789');
INSERT INTO pessoa VALUES ('55618079285','Murilo Theotonio Alves Cruz','1024244458');
INSERT INTO pessoa VALUES ('56842076978','Enzo Augusto Pinto','1759196493');
INSERT INTO pessoa VALUES ('18929534259','Patricia Souza Braulino','1153834808');
INSERT INTO pessoa VALUES ('34270471544','Rodrigo Alves dos Santos','1207210628');
INSERT INTO pessoa VALUES ('58423710053','Ana Luiza Mendes Martins','1410868037');
INSERT INTO pessoa VALUES ('32183849657','Larissa Costa Figueiredo','1422797112');
INSERT INTO pessoa VALUES ('77696387756','Priscila Probio de Moraes','1032853337');
INSERT INTO pessoa VALUES ('14663397140','Eduardo Minoro Sato','1761125158');
INSERT INTO pessoa VALUES ('26644745202','Anthony Louis Gotlib Ferreira','1356053739');
INSERT INTO pessoa VALUES ('28654243284','Isabella Costa Orcatti da','1770680021');
INSERT INTO pessoa VALUES ('90073023990','Flavia Pineiro Nery','1071770206');
INSERT INTO pessoa VALUES ('43253322729','Rafael Alves de Souza','1678697066');
INSERT INTO pessoa VALUES ('95001561141','Aline de Castro Vitorelli','1020441861');
INSERT INTO pessoa VALUES ('35829836174','Milena Correa Nesti','1273122081');
INSERT INTO pessoa VALUES ('98545858959','Ricardo Trainotti Rabonato','1042098499');
INSERT INTO pessoa VALUES ('61994082428','Maria Paula Oliveira Gomes','1010920586');
INSERT INTO pessoa VALUES ('50924810549','Alexandre Correa Melo','1985922885');
INSERT INTO pessoa VALUES ('12840964743','Giovanni Bertao','1602869027');
INSERT INTO pessoa VALUES ('36575879943','Gabriele Cantuaria Benedito','1237485532');
INSERT INTO pessoa VALUES ('62977641676','Karen Kawata Kobayashi','1753185035');
INSERT INTO pessoa VALUES ('73571452919','Gabriela Figueiredo Ramos','1072761643');
INSERT INTO pessoa VALUES ('24159670856','Rodrigo Stranieri Bastos','1472359086');
INSERT INTO pessoa VALUES ('93325843407','William Caitano de Jesus','1223148689');
INSERT INTO pessoa VALUES ('97001162776','Fernanda Silva Leal','1025757859');
INSERT INTO pessoa VALUES ('25786813485','Danilo Aparecido do Carmo','1604251637');
INSERT INTO pessoa VALUES ('04749488035','Wilson Soares da Silva','1744101458');
INSERT INTO pessoa VALUES ('48692151131','Pedro Montagner Coelho','1698371496');
INSERT INTO pessoa VALUES ('73747820565','Felippe Augusto Tossini Cabral','1590981106');
INSERT INTO pessoa VALUES ('75250475432','Glauco dos Santos de','1446952993');
INSERT INTO pessoa VALUES ('66492878917','Gabriela Conde da Silva','1425170452');
INSERT INTO pessoa VALUES ('39487142905','Priscila Bichoff Coelho','1234913694');
INSERT INTO pessoa VALUES ('88024853129','Laura Sampaio de Moura','1514175071');
INSERT INTO pessoa VALUES ('89223076760','Isabella Trevisani Jordao','1714270758');
INSERT INTO pessoa VALUES ('52075185818','Thomaz Mendonca Avelino','1547670577');
INSERT INTO pessoa VALUES ('51810441702','Pedro Antonio Jarmy Derani','1246996970');
INSERT INTO pessoa VALUES ('11025848148','Paula Lins Ferro','1790506958');
INSERT INTO pessoa VALUES ('46079914680','Luan Savariz Ferreira Ribeiro','1310642643');
INSERT INTO pessoa VALUES ('50059263028','Cinthia da Silva Zacarao','1276234472');
INSERT INTO pessoa VALUES ('58929542732','Victoria Guzzo Caporal','1870450237');
INSERT INTO pessoa VALUES ('27089761581','Pablo Lopes Paes Athu','1774062334');
INSERT INTO pessoa VALUES ('01240170015','Giulia Caputi Trefiglio','1917144364');
INSERT INTO pessoa VALUES ('20798874489','Julia Massucato Silva','1171171973');
INSERT INTO pessoa VALUES ('75840086099','Beatriz de Andrade de','1521294762');
INSERT INTO pessoa VALUES ('49577587274','Ana Carolina Gomes Pereira','1957280531');
INSERT INTO pessoa VALUES ('73542782926','Julia Maria Luiz Oliveira','1464552562');
INSERT INTO pessoa VALUES ('26149449400','Julia Grippa Marques','1928607351');
INSERT INTO pessoa VALUES ('49643919932','Barbara Bulgarelli Pereira Goncalves','1081213445');
INSERT INTO pessoa VALUES ('92190616891','Leticia de Carvalho Schilling','1796991579');
INSERT INTO pessoa VALUES ('47842085037','Bernardo Persegani Barcellos','1018128077');
INSERT INTO pessoa VALUES ('20553593787','Gustavo Graziosi Silva','1874851331');
INSERT INTO pessoa VALUES ('87904301805','Laura Luciano Scaciota','1815740188');
INSERT INTO pessoa VALUES ('94462356008','Mariana Mendes Goncalves Cimatti','1188812878');
INSERT INTO pessoa VALUES ('48570298604','Luiza Matheus Cruz','1344989414');
INSERT INTO pessoa VALUES ('61484507174','Leticia Cappuccelli Pinto','1598292104');
INSERT INTO pessoa VALUES ('75827200756','Bruno Souza Cerqueira','1358615051');
INSERT INTO pessoa VALUES ('88411184856','Matheus Belarmino Nascimento','1763200624');
INSERT INTO pessoa VALUES ('41699949174','Bruno de Fontarce Lima','1694190391');
INSERT INTO pessoa VALUES ('36632806325','Enrico Ventrice Ricci','1151547813');
INSERT INTO pessoa VALUES ('17894523078','Guilherme Berlingieri Polho','1477262344');
INSERT INTO pessoa VALUES ('78736483913','Fernando Altenfelder Santos','1678833434');
INSERT INTO pessoa VALUES ('47661774396','Vitor de Carvalho Gimenes','1669036683');
INSERT INTO pessoa VALUES ('00616210655','Matheus Godoy Bolsarini','1955664553');
INSERT INTO pessoa VALUES ('52334542308','Luis Felipe Ferreira Vidal','1378025698');
INSERT INTO pessoa VALUES ('73129739742','Angelo Nogueira Peghim','1916559125');
INSERT INTO pessoa VALUES ('85400744590','Stefano Lopes dos Santos','1619681457');
INSERT INTO pessoa VALUES ('46749016378','Gabriela de Oliveira Turquetto','1193828763');
INSERT INTO pessoa VALUES ('31021992442','Alexandre Massao Tamaoki','1056171351');
INSERT INTO pessoa VALUES ('61618468180','Iago Pereira Vicentin','1117696718');
INSERT INTO pessoa VALUES ('62792233214','Marina Breseghello de Britto','1979358815');
INSERT INTO pessoa VALUES ('33189861117','Antonio Marcos Gabetta Junior','1321777367');
INSERT INTO pessoa VALUES ('27352290630','Mariana de Oliveira','1511905251');
INSERT INTO pessoa VALUES ('02088033425','William Maiko Balzanello','1817236482');
INSERT INTO pessoa VALUES ('31782550054','Laura Perez Zapata Moreno','1844223395');
INSERT INTO pessoa VALUES ('58895658676','Leticia Thais Aires da','1828399675');
INSERT INTO pessoa VALUES ('23958536091','Leonardo Santana Rocha dos','1694261186');
INSERT INTO pessoa VALUES ('79894186498','Giovanna Vendramini','1556725655');
INSERT INTO pessoa VALUES ('53799075960','Beatriz Mathenhauer Montai Messias','1724724073');
INSERT INTO pessoa VALUES ('58421165112','Katherly Taina Grego Lira','1861975242');
INSERT INTO pessoa VALUES ('63647124301','Isabela Magalhaes Bordignon','1745273922');
INSERT INTO pessoa VALUES ('23267448053','Gabriela Guesso Pereira','1863925839');
INSERT INTO pessoa VALUES ('70995106576','Eduardo Mantovani Junqueira Smith','1260227567');
INSERT INTO pessoa VALUES ('12748003058','Luis Eduardo de A','1204082372');
INSERT INTO pessoa VALUES ('84344926350','Mateus Yukio Fukuhara Oioli','1142399408');
INSERT INTO pessoa VALUES ('17044219827','Andre Filipe Guimaraes Fortunato','1061532460');
INSERT INTO pessoa VALUES ('98543498384','Giulia Scomparim Batistella','1445804541');
INSERT INTO pessoa VALUES ('59026340711','Vitor Ramos Domingos','1947543154');
INSERT INTO pessoa VALUES ('10992316336','Sylvio Rodrigues Viamonte Neto','1377352245');
INSERT INTO pessoa VALUES ('17625438592','Victor Chacon Codesseira','1312828871');
INSERT INTO pessoa VALUES ('63301463879','Carolina Aparecida de Moraes','1518366909');
INSERT INTO pessoa VALUES ('78113612408','Lucas Loiola de Almeida','1358705872');
INSERT INTO pessoa VALUES ('64394169112','Pedro Emanuel Lourenco Signori','1617904107');
INSERT INTO pessoa VALUES ('04311133261','Joao Ricardo Abud Chinaglia','1527929505');
INSERT INTO pessoa VALUES ('40246815011','Matheus Delaqua Rocha de','1845828368');
INSERT INTO pessoa VALUES ('14707320362','Endryo Miranda Rodrigues','1099961533');
INSERT INTO pessoa VALUES ('14310842801','Sergio Ferreira Batista Filho','1713632529');
INSERT INTO pessoa VALUES ('22708518902','Jose Carlos Venancio Lopes','1597968391');
INSERT INTO pessoa VALUES ('28831373716','Guilherme Thel Donato','1490527221');
INSERT INTO pessoa VALUES ('13844324649','Pietro Tochio Lucci','1030460379');
INSERT INTO pessoa VALUES ('87380037586','Amanda Kubinhetz Miranda','1811190403');
INSERT INTO pessoa VALUES ('76801562900','Giovanni Dalle Vedove','1055937365');
INSERT INTO pessoa VALUES ('46533728858','Nathalia Fontanari Ortega','1909720375');
INSERT INTO pessoa VALUES ('01748260722','Rafael da Silva Rosario','1532983804');
INSERT INTO pessoa VALUES ('50230884963','Felipe Czubieniak Rubello','1021676078');
INSERT INTO pessoa VALUES ('23181209455','Lais Ropelle Fontanesi','1816038320');
INSERT INTO pessoa VALUES ('65785918431','Rodrigo de Moraes Pimenta','1720238393');
INSERT INTO pessoa VALUES ('01073123729','Paulo Ricardo Pacheco','1047968707');
INSERT INTO pessoa VALUES ('68161734815','Emerson Shin Takiguti Uehara','1638701600');
INSERT INTO pessoa VALUES ('82936852158','Amanda Paula Costa','1406816236');
INSERT INTO pessoa VALUES ('05466659132','Arthur Passos Nepomuceno','1932841654');
INSERT INTO pessoa VALUES ('96671575393','Deisieli Mirela Libralao de','1282053339');
INSERT INTO pessoa VALUES ('29724384284','Cleyton Costa Aguiar','1255734735');
INSERT INTO pessoa VALUES ('63199474992','Gabriel Tiberius Laudares Rodrigues','1585915054');
INSERT INTO pessoa VALUES ('71714487610','Daniela Albuquerque Lima','1214028766');
INSERT INTO pessoa VALUES ('32152754558','Tiago Loureiro Chaves','1696538055');
INSERT INTO pessoa VALUES ('43856992870','Gabriela da Silva Figueiredo','1121308161');
INSERT INTO pessoa VALUES ('79715796255','Larissa Thaynara de Lima','1191217745');
INSERT INTO pessoa VALUES ('36761636109','Laura Helena Campanini','1493086060');
INSERT INTO pessoa VALUES ('67451084956','Vinicius Raza Cappeloza','1732501240');
INSERT INTO pessoa VALUES ('52649871792','Joao Paulo Fernandes Bento','1724035659');
INSERT INTO pessoa VALUES ('25432758309','Pedro Henrique Silva Carvalho','1703535319');
INSERT INTO pessoa VALUES ('29786078687','Renan Tiago dos Santos','1230992639');
INSERT INTO pessoa VALUES ('00809265129','Tiago Serpa Steck','1930182183');
INSERT INTO pessoa VALUES ('34953778801','Gabriela Campera','1858512266');
INSERT INTO pessoa VALUES ('18684602798','Murillo Consentini Lamberti','1542195109');
INSERT INTO pessoa VALUES ('44714965574','Isabella Eckstrom','1259911702');
INSERT INTO pessoa VALUES ('17543376705','Debora Pereira Alves','1454866760');
INSERT INTO pessoa VALUES ('92094256665','Joao Guilherme Preste','1275569401');
INSERT INTO pessoa VALUES ('85038899027','Stephanie Aparecida da Silva','1541010104');
INSERT INTO pessoa VALUES ('59426701491','Kaio Ribeiro Rocha','1452368925');
INSERT INTO pessoa VALUES ('87515231775','Matheus da Silva Calabresi','1842421634');
INSERT INTO pessoa VALUES ('90782512052','Lucas Emmanuel Semolin','1423660718');
INSERT INTO pessoa VALUES ('17936332688','Gustavo Magro Kruger','1063656859');
INSERT INTO pessoa VALUES ('63293809384','Fabio Yuji Sukesada','1285735940');
INSERT INTO pessoa VALUES ('62113347194','Wellington Andrade Vital','1695447787');
INSERT INTO pessoa VALUES ('89851011721','Beatriz Peres Spagnol','1580667468');
INSERT INTO pessoa VALUES ('93647540379','Beatriz Das Eiras Vidal','1002527772');
INSERT INTO pessoa VALUES ('95832509901','Marcio Yukio Hirata','1888635064');
INSERT INTO pessoa VALUES ('48594592241','Giovanni Gaio Gandolfi','1208101032');
INSERT INTO pessoa VALUES ('12548383497','Allan Caumo','1914739338');
INSERT INTO pessoa VALUES ('89057219418','Andre Augusto Buzzini Junior','1327193079');
INSERT INTO pessoa VALUES ('44803286562','Guilherme Piovesan Bethke','1330550165');
INSERT INTO pessoa VALUES ('39669329862','Vitor Luiz Caleffo Piva','1070006721');
INSERT INTO pessoa VALUES ('34934514423','Seon Augusto de Souza','1259920022');
INSERT INTO pessoa VALUES ('77947529505','Arthur da Rocha Albertini','1580681491');
INSERT INTO pessoa VALUES ('77347306580','Raphael Stroebel de Genova','1932873159');
INSERT INTO pessoa VALUES ('03594753855','Marcos Cespedes Vitor','1496099675');
INSERT INTO pessoa VALUES ('77424494567','Felipe Silva do Nascimento','1550419078');
INSERT INTO pessoa VALUES ('68701231672','Henri Santos Souza','1047675189');
INSERT INTO pessoa VALUES ('98123262014','Bruno Bones Valdo da','1648700531');
INSERT INTO pessoa VALUES ('09672305318','Elton Yoshio Okawa','1940715226');
INSERT INTO pessoa VALUES ('73817323558','Matheus Filipe dos Santos','1621857644');
INSERT INTO pessoa VALUES ('96663102561','Rafael Gutierrez Stuque','1518032207');
INSERT INTO pessoa VALUES ('69922792283','Thiago Kaoru Alves Takehama','1995237748');
INSERT INTO pessoa VALUES ('90473185350','Andre Soranzzo Mota','1916646362');
INSERT INTO pessoa VALUES ('56455989924','Rafael Pagotto Zucolo','1735464402');
INSERT INTO pessoa VALUES ('98015859775','Rodolfo de Oliveira Coutinho','1560656380');
INSERT INTO pessoa VALUES ('04743513930','Gean Lucas Pannellini','1469876504');
INSERT INTO pessoa VALUES ('46840302749','Krismann Pedrosa de Freitas','1127031840');
INSERT INTO pessoa VALUES ('31898860817','Vinicius Cazelli Ferreira','1649170618');
INSERT INTO pessoa VALUES ('88213846322','Thiago Solovera E Nery','1221070145');
INSERT INTO pessoa VALUES ('72914796278','Regiane Aparecida Suzano','1617418955');
INSERT INTO pessoa VALUES ('28646135704','Pedro Henrique Maldonado Truzzi','1850249348');
INSERT INTO pessoa VALUES ('90380101264','Eduardo da Silva Machado','1727615153');
INSERT INTO pessoa VALUES ('77772503498','Bernardo Paixao Peixoto de','1902547556');
INSERT INTO pessoa VALUES ('62026920883','Victor Ribas Carnevalli','1493282284');
INSERT INTO pessoa VALUES ('76424926010','Guilherme Costa Nascimento','1018439529');
INSERT INTO pessoa VALUES ('66253246638','Beatriz Lopes Agnese','1936966172');
INSERT INTO pessoa VALUES ('27724813235','Fernando Augusto Martin Ferri','1393163269');
INSERT INTO pessoa VALUES ('03840404851','Ana Carolina de Oliveira','1284082270');
INSERT INTO pessoa VALUES ('16640682926','Bianka Mellanie Alves Bezerra','1062761989');
INSERT INTO pessoa VALUES ('63952284494','Luana Clara de Souza','1447851976');
INSERT INTO pessoa VALUES ('37732977115','Igor Barbosa Carvalho','1159783449');
INSERT INTO pessoa VALUES ('96149398501','Nicole Barticiotto Dalarme','1120622270');
INSERT INTO pessoa VALUES ('99276266924','Beatriz Brito Coutinho','1498707189');
INSERT INTO pessoa VALUES ('78062438390','Victor Blaia Barrera','1038587736');
INSERT INTO pessoa VALUES ('72328925429','Gustavo Henrique de Barros','1481425814');
INSERT INTO pessoa VALUES ('43824947024','Iralina Rosas Soares Martins','1358014618');
INSERT INTO pessoa VALUES ('91869130727','Victor de Oliveira Antonio','1187951126');
INSERT INTO pessoa VALUES ('13920415069','Marco Aurelio Granero Santos','1192561080');
INSERT INTO pessoa VALUES ('07394886568','Alex Massaki Mavatari Fujita','1599281303');
INSERT INTO pessoa VALUES ('26884627790','Artur Affonso dos Santos','1091515705');
INSERT INTO pessoa VALUES ('82138918314','Andre Luiz Akabane Solak','1987623886');
INSERT INTO pessoa VALUES ('59926972256','Denis Henrique de Miranda','1321925338');
INSERT INTO pessoa VALUES ('92093726773','Renan Alves do Nascimento','1432820808');
INSERT INTO pessoa VALUES ('89649961922','Marcelo Fernandez Baca dos','1559192404');
INSERT INTO pessoa VALUES ('59787471501','Vitor Santana Costa','1223666616');
INSERT INTO pessoa VALUES ('44731070930','Elis Kimie Sugahara','1985970627');
INSERT INTO pessoa VALUES ('15614458538','Laila Lumy Inoue Nagano','1161302818');
INSERT INTO pessoa VALUES ('08961164278','Diogo Hideo Kishine','1307398086');
INSERT INTO pessoa VALUES ('31891004770','Fellipe Bondanca Pereira','1741461204');
INSERT INTO pessoa VALUES ('55206808036','Thalita Aparecida Rissi','1789757942');
INSERT INTO pessoa VALUES ('94999921609','Eduardo Ohashi de Souza','1816896920');
INSERT INTO pessoa VALUES ('29156004718','Clara Whyte Ferreira','1718819529');
INSERT INTO pessoa VALUES ('57017990486','Felipe Jose de Souza','1446253132');
INSERT INTO pessoa VALUES ('81359881081','Nicolas dos Santos Franca','1610802576');
INSERT INTO pessoa VALUES ('21021705990','Davi Klein Di Pietro','1292564799');
INSERT INTO pessoa VALUES ('84487311177','Renan Augusto de Lima','1159157475');
INSERT INTO pessoa VALUES ('99933722143','Julia Zanini','1595900874');
INSERT INTO pessoa VALUES ('21833692565','Jessica Maria Barbosa','1245218568');
INSERT INTO pessoa VALUES ('13702210137','Gabriel Aller Tolentino Oliveira','1380770856');
INSERT INTO pessoa VALUES ('64182115653','Marco Antonio Alves Pereira','1498286689');
INSERT INTO pessoa VALUES ('91597166679','Rafaela Lombas','1526333454');
INSERT INTO pessoa VALUES ('27016581856','Joao Carlos Silva dos','1441226424');
INSERT INTO pessoa VALUES ('65816947124','Gabriel Augusto Ribeiro Ferreira','1506853447');
INSERT INTO pessoa VALUES ('08095101504','Francisco Tagomori Lopes dos','1941944367');
INSERT INTO pessoa VALUES ('89055785890','Caio Felipe Santos Cavalcante','1050415539');
INSERT INTO pessoa VALUES ('71656860313','Rebeca de Figueiredo Prado','1513738418');
INSERT INTO pessoa VALUES ('71577116051','Thiago Santos Nascimento','1902347648');
INSERT INTO pessoa VALUES ('19645901374','Ismael Pereira Santos de','1706993868');
INSERT INTO pessoa VALUES ('06415176913','Deiton Jose da Silva','1300851236');
INSERT INTO pessoa VALUES ('95371839918','Danielly Severiano do Norte','1799078739');
INSERT INTO pessoa VALUES ('07031559967','Joao Victor Ferreira da','1064776026');
INSERT INTO pessoa VALUES ('29406440459','Rodrigo Vallim Sciullo de','1331554180');
INSERT INTO pessoa VALUES ('92518685892','Luana Macedo','1404534870');
INSERT INTO pessoa VALUES ('36936184004','Gabriel Alves Tabchoury','1208432827');
INSERT INTO pessoa VALUES ('01483872850','Beatriz Cordeiro de Farias','1756088199');
INSERT INTO pessoa VALUES ('98993165280','Bruna Calzavara de Oliveira','1252904036');
INSERT INTO pessoa VALUES ('40489930005','Bruna da Nobrega Egas','1561002972');
INSERT INTO pessoa VALUES ('40028009943','Nydna da Costa','1073686162');
INSERT INTO pessoa VALUES ('80017561849','Gustavo Jose Lara Campos','1249100740');
INSERT INTO pessoa VALUES ('42068850004','Thais Moreira Mota','1756398881');
INSERT INTO pessoa VALUES ('89226972821','Cristine Torres Schroter','1207592701');
INSERT INTO pessoa VALUES ('51839809966','Michelle Megumi Takeshita','1864341992');
INSERT INTO pessoa VALUES ('48142195625','Julia Yukie Seki','1175160616');
INSERT INTO pessoa VALUES ('45236876182','Daiara Albuquerque de Araujo','1633486007');
INSERT INTO pessoa VALUES ('71408997435','Amanda de Queiros Mattoso','1510331073');
INSERT INTO pessoa VALUES ('46282413002','Vinicius Granja Pedroso','1309975244');
INSERT INTO pessoa VALUES ('98877787366','Carolina Neves Novo','1589854379');
INSERT INTO pessoa VALUES ('34365298393','Julio Ramos Maretti','1476496056');
INSERT INTO pessoa VALUES ('33918371008','Ruan Oliveira Bueno da','1663019194');
INSERT INTO pessoa VALUES ('35481194463','Giuliana Fachini Fugolin','1309618117');
INSERT INTO pessoa VALUES ('82561353871','Lucca Novais Faria de','1080214545');
INSERT INTO pessoa VALUES ('36799601503','Leonardo Barreto Nogueira','1865130835');
INSERT INTO pessoa VALUES ('24963371299','Adriel Vercosa Albuquerque Lima','1347972368');
INSERT INTO pessoa VALUES ('24188360198','Claudio Flavio da Silva','1812641413');
INSERT INTO pessoa VALUES ('95108490603','Nathalia dos Santos Sigolo','1792763925');
INSERT INTO pessoa VALUES ('60930856428','Monaliza Izidorio Pinheiro','1060474090');
INSERT INTO pessoa VALUES ('46723280582','Anna Giulia Queiroz Costa','1645593289');
INSERT INTO pessoa VALUES ('70171793125','Gabriela dos Santos Vieira','1352566526');
INSERT INTO pessoa VALUES ('80933030529','Natalia Cunha dos Santos','1704415928');
INSERT INTO pessoa VALUES ('57587647237','Adevanir Alves Ribeiro','1489583285');
INSERT INTO pessoa VALUES ('87839570491','Priscila Casagrande Salomao','1235016028');
INSERT INTO pessoa VALUES ('79818433776','Julio Graca Esteves','1592247096');
INSERT INTO pessoa VALUES ('02824486753','Ana Julia Okano de','1197492448');
INSERT INTO pessoa VALUES ('14204975451','Jessica Lueli Niitsu','1265893880');
INSERT INTO pessoa VALUES ('83007845955','Fernando Fortes Granado','1098725718');
INSERT INTO pessoa VALUES ('78874800461','Marcela Eduarda Fernandes Rosada','1943158956');
INSERT INTO pessoa VALUES ('88679675636','Vinicius Birsenek de Moraes','1939923653');
INSERT INTO pessoa VALUES ('41848405921','Ana Clara Cavalari dos','1447842250');
INSERT INTO pessoa VALUES ('43193618427','Julia Carderan Nardy Vasconcellos','1911658270');
INSERT INTO pessoa VALUES ('70084673382','Camila Kudo','1450171587');
INSERT INTO pessoa VALUES ('83957068712','Mariana Ferreira Stephan','1114783224');
INSERT INTO pessoa VALUES ('35853002881','Marcella Campos Cassemiro','1539327679');
INSERT INTO pessoa VALUES ('12998422488','Amanda Massocato Bruschi','1786170694');
INSERT INTO pessoa VALUES ('38733763428','Gabrielle Barros Trentim','1934058832');
INSERT INTO pessoa VALUES ('78425346026','Gabriel Cesar Alves de','1942500943');
INSERT INTO pessoa VALUES ('70219801391','Willian dos Anjos Viscardi','1240407546');
INSERT INTO pessoa VALUES ('46683294544','Alexandre Cucatti dos Santos','1629090674');
INSERT INTO pessoa VALUES ('29360489147','Monique de Lima Brandao','1463650316');
INSERT INTO pessoa VALUES ('38340972671','Monica Okamoto Albrecht','1519212956');
INSERT INTO pessoa VALUES ('72682934740','Elina Sawa Akioka Ishikawa','1452647932');
INSERT INTO pessoa VALUES ('97508794096','Lucas Jinoh Giampaulo','1623122066');
INSERT INTO pessoa VALUES ('77516515193','Andre Riesco de Avila','1769309254');
INSERT INTO pessoa VALUES ('71519467753','Ana Beatriz Marchetti Guizi','1250607279');
INSERT INTO pessoa VALUES ('83834696960','Pedro Henrique Marchi','1027148568');
INSERT INTO pessoa VALUES ('20292795595','Damiles Pinheiro Toesca','1188693830');
INSERT INTO pessoa VALUES ('81834813507','Estevao Henrique Sales','1891269574');
INSERT INTO pessoa VALUES ('79179940701','Ana Luiza Brunello','1850340820');
INSERT INTO pessoa VALUES ('42648805635','Rodrigo Castilho de Almeida','1831117817');
INSERT INTO pessoa VALUES ('78480719122','Bruna Amelia de Oliveira','1332017177');
INSERT INTO pessoa VALUES ('81819922890','Julio Silva Telles de','1551165147');
INSERT INTO pessoa VALUES ('80154763969','Juliane Akina Kagohara','1722332514');
INSERT INTO pessoa VALUES ('88845340946','Mariana Hernandes Porto','1146033670');
INSERT INTO pessoa VALUES ('62708619698','Stephanie Kussik de Almeida','1326409260');
INSERT INTO pessoa VALUES ('32604551271','Mateus Portella','1150617811');
INSERT INTO pessoa VALUES ('72015952795','Laina da Silva de','1845490071');
INSERT INTO pessoa VALUES ('44725785027','Thiago Moreno de Andrade','1255573756');
INSERT INTO pessoa VALUES ('78430390041','Mariana Pavan Ioca','1565377039');
INSERT INTO pessoa VALUES ('59886488009','Rafael Piveta Manoel','1750583414');
INSERT INTO pessoa VALUES ('87833016976','Mayara Naomi Fustaino Ramos','1176044119');
INSERT INTO pessoa VALUES ('94992095068','Thales Cesar Giriboni de','1808029412');
INSERT INTO pessoa VALUES ('19740952980','Cecilia Melo da Silva','1721283729');
INSERT INTO pessoa VALUES ('45478551507','Cristiele Saborito da Silva','1651002528');
INSERT INTO pessoa VALUES ('17705850497','Fernanda Llanos Angelo','1562468202');
INSERT INTO pessoa VALUES ('81876159996','Rodrigo Garcia Ribeiro Mendonca','1402671038');
INSERT INTO pessoa VALUES ('20849173567','Ana Carolina Ribeiro Giglio','1690571400');
INSERT INTO pessoa VALUES ('99330645523','Isis Patricia Soares Silva','1792639404');
INSERT INTO pessoa VALUES ('27684710710','Gabriel Mondelli Trovarelli','1085093113');
INSERT INTO pessoa VALUES ('14765748363','Lucca Paffi Vidal','1554896959');
INSERT INTO pessoa VALUES ('97512793807','Andre Akira Ramos Takahashi','1282605875');
INSERT INTO pessoa VALUES ('81897319289','Jean Carlo Rodrigues','1409004856');
INSERT INTO pessoa VALUES ('35996209244','Antonio Sergio Almeida Vieira','1274618727');
INSERT INTO pessoa VALUES ('52009155131','Rafael Alencar Calegari da','1048146056');
INSERT INTO pessoa VALUES ('05021147053','Giacomo Antonio Dollevedo','1090989476');
INSERT INTO pessoa VALUES ('17158887290','Joao Pedro Freitas Machado','1085047175');
INSERT INTO pessoa VALUES ('37856710832','Vitor Iglesias Mangolini','1001174746');
INSERT INTO pessoa VALUES ('76412178973','Lais Arcaro Bueno de','1962832114');
INSERT INTO pessoa VALUES ('77750086644','Ricardo Ballei Bueloni Ferreira','1618361536');
INSERT INTO pessoa VALUES ('64645926157','Henrique de Morais Oliveira','1663265114');
INSERT INTO pessoa VALUES ('72904436409','Fabiana de Andrade Farias','1902692805');
INSERT INTO pessoa VALUES ('62256257695','Anna Caroline Lasso Souza','1577422052');
INSERT INTO pessoa VALUES ('97126947301','Anderson Pitoli Breve','1946343966');
INSERT INTO pessoa VALUES ('29605960274','Matheus Manfrin','1847054310');
INSERT INTO pessoa VALUES ('00313824396','Joao Vinicius Morabito Magalhaes','1379516236');
INSERT INTO pessoa VALUES ('37096610464','Jessica Andry Aparecida Guimaraes','1464693006');
INSERT INTO pessoa VALUES ('01085925471','Pedro Henrique Jose Cezarini','1020582784');
INSERT INTO pessoa VALUES ('23206568369','Nicholas Kallas Anderson Beeby','1494952626');
INSERT INTO pessoa VALUES ('73233329556','Rafael de Castro Ettori','1116514909');
INSERT INTO pessoa VALUES ('07790659500','Mariana Aparecida Damiao','1826325546');
INSERT INTO pessoa VALUES ('20627985020','Leonardo da Silva Sousa','1245484484');
INSERT INTO pessoa VALUES ('25136398613','Luiza Ostini Goehler','1586433244');
INSERT INTO pessoa VALUES ('21016070800','Lucas Freiria de Lima','1116007442');
INSERT INTO pessoa VALUES ('63436746408','Maria Eduarda Bueno de','1517187970');
INSERT INTO pessoa VALUES ('60184658429','Leticia Fernandes Soriani','1357159271');
INSERT INTO pessoa VALUES ('14192806982','Sulamita Zhi Yu Zheng','1742092365');
INSERT INTO pessoa VALUES ('21642113744','Johann Pereira de Sousa','1983015284');
INSERT INTO pessoa VALUES ('00211935857','Israel Terminiello','1117343535');
INSERT INTO pessoa VALUES ('12310355134','Gabriela Sales dos Santos','1265356344');
INSERT INTO pessoa VALUES ('41507323390','Paulo Henrique Rosalin Boccomino','1758008436');
INSERT INTO pessoa VALUES ('68548796410','Carolina Baiochi da Silva','1285478489');
INSERT INTO pessoa VALUES ('14510986107','Fernanda Paschoal','1045759646');
INSERT INTO pessoa VALUES ('94819309552','Marina Mayumi Santana Sato','1254728989');
INSERT INTO pessoa VALUES ('18175597364','Bruna Erica Santana Santos','1596764715');
INSERT INTO pessoa VALUES ('11972984911','Thais Hayashi Vaz de','1770473207');
INSERT INTO pessoa VALUES ('11219539561','Murilo Luz Stucki','1333150984');
INSERT INTO pessoa VALUES ('11971037773','Mirella Chiara Di Gregorio','1199300758');
INSERT INTO pessoa VALUES ('38040248045','Baldoino Luis do Nascimento','1644265229');
INSERT INTO pessoa VALUES ('65871634160','Mayara Dantas Souza','1982945854');
INSERT INTO pessoa VALUES ('35286004030','Felipe Espreafico Guelerman Ramos','1060954533');
INSERT INTO pessoa VALUES ('38637538287','Amabile Helena Zanco','1984460333');
INSERT INTO e_responsavel_por_transportadora VALUES ('11718276243','28877657316458');
INSERT INTO e_responsavel_por_transportadora VALUES ('14056326098','89937689711651');
INSERT INTO e_responsavel_por_transportadora VALUES ('23733464729','78454526435479');
INSERT INTO e_responsavel_por_transportadora VALUES ('39000507125','21436994841879');
INSERT INTO e_responsavel_por_transportadora VALUES ('37732700424','83755674698581');
INSERT INTO e_responsavel_por_transportadora VALUES ('04779824139','65249196532235');
INSERT INTO e_responsavel_por_transportadora VALUES ('42177651023','48731659959757');
INSERT INTO e_responsavel_por_transportadora VALUES ('68691808857','56327963523623');
INSERT INTO e_responsavel_por_transportadora VALUES ('76904077791','44275515822161');
INSERT INTO e_responsavel_por_transportadora VALUES ('84358791981','43518343123326');
INSERT INTO e_responsavel_por_transportadora VALUES ('72599692273','44329841926868');
INSERT INTO e_responsavel_por_transportadora VALUES ('67248300684','57416536723521');
INSERT INTO e_responsavel_por_transportadora VALUES ('55618079285','63942321432162');
INSERT INTO e_responsavel_por_transportadora VALUES ('56842076978','68799722948579');
INSERT INTO e_responsavel_por_transportadora VALUES ('18929534259','79726195817937');
INSERT INTO e_responsavel_por_transportadora VALUES ('34270471544','49548155944589');
INSERT INTO e_responsavel_por_transportadora VALUES ('58423710053','88267353828123');
INSERT INTO e_responsavel_por_transportadora VALUES ('32183849657','57912634612282');
INSERT INTO e_responsavel_por_transportadora VALUES ('77696387756','63263711789328');
INSERT INTO e_responsavel_por_transportadora VALUES ('14663397140','17673712114243');
INSERT INTO e_responsavel_por_transportadora VALUES ('26644745202','13744922376121');
INSERT INTO e_responsavel_por_transportadora VALUES ('28654243284','27519581186556');
INSERT INTO e_responsavel_por_transportadora VALUES ('90073023990','28542893824528');
INSERT INTO e_responsavel_por_transportadora VALUES ('43253322729','31892846956395');
INSERT INTO e_responsavel_por_transportadora VALUES ('95001561141','31583535646416');
INSERT INTO e_responsavel_por_transportadora VALUES ('35829836174','13858159882622');
INSERT INTO e_responsavel_por_transportadora VALUES ('98545858959','72915664468234');
INSERT INTO e_responsavel_por_transportadora VALUES ('61994082428','24892684838944');
INSERT INTO e_responsavel_por_transportadora VALUES ('50924810549','81469922822532');
INSERT INTO e_responsavel_por_transportadora VALUES ('12840964743','12688859223945');
INSERT INTO e_responsavel_por_transportadora VALUES ('36575879943','68931826397446');
INSERT INTO e_responsavel_por_transportadora VALUES ('62977641676','48561267417794');
INSERT INTO e_responsavel_por_transportadora VALUES ('73571452919','99443352843151');
INSERT INTO e_responsavel_por_transportadora VALUES ('24159670856','56756444114214');
INSERT INTO e_responsavel_por_transportadora VALUES ('93325843407','48456483488493');
INSERT INTO e_responsavel_por_transportadora VALUES ('97001162776','83514637295758');
INSERT INTO e_responsavel_por_transportadora VALUES ('25786813485','68335491474951');
INSERT INTO e_responsavel_por_transportadora VALUES ('04749488035','54796673574722');
INSERT INTO e_responsavel_por_transportadora VALUES ('48692151131','27927972661639');
INSERT INTO e_responsavel_por_transportadora VALUES ('73747820565','13623132583611');
INSERT INTO e_responsavel_por_transportadora VALUES ('75250475432','29248348439557');
INSERT INTO e_responsavel_por_transportadora VALUES ('66492878917','82529926942364');
INSERT INTO e_responsavel_por_transportadora VALUES ('39487142905','19886157696946');
INSERT INTO e_responsavel_por_transportadora VALUES ('88024853129','69388859575247');
INSERT INTO e_responsavel_por_transportadora VALUES ('89223076760','13725272821719');
INSERT INTO e_responsavel_por_transportadora VALUES ('52075185818','45625191389857');
INSERT INTO e_responsavel_por_transportadora VALUES ('51810441702','68838555273434');
INSERT INTO e_responsavel_por_transportadora VALUES ('11025848148','64743551837458');
INSERT INTO e_responsavel_por_transportadora VALUES ('46079914680','24384683576765');
INSERT INTO e_responsavel_por_transportadora VALUES ('50059263028','38892957235256');
INSERT INTO e_responsavel_por_transportadora VALUES ('58929542732','29463276543895');
INSERT INTO e_responsavel_por_transportadora VALUES ('27089761581','58693253681925');
INSERT INTO e_responsavel_por_transportadora VALUES ('01240170015','56544742131736');
INSERT INTO e_responsavel_por_transportadora VALUES ('20798874489','69669122877223');
INSERT INTO e_responsavel_por_transportadora VALUES ('75840086099','74191842111493');
INSERT INTO e_responsavel_por_transportadora VALUES ('49577587274','63526331696872');
INSERT INTO e_responsavel_por_transportadora VALUES ('73542782926','48682639863676');
INSERT INTO e_responsavel_por_transportadora VALUES ('26149449400','46888344334346');
INSERT INTO e_responsavel_por_transportadora VALUES ('49643919932','41516128261669');
INSERT INTO e_responsavel_por_transportadora VALUES ('92190616891','53723685669976');
INSERT INTO e_responsavel_por_transportadora VALUES ('47842085037','19962692581419');
INSERT INTO e_responsavel_por_transportadora VALUES ('20553593787','35679672264853');
INSERT INTO e_responsavel_por_transportadora VALUES ('87904301805','24231574155869');
INSERT INTO e_responsavel_por_transportadora VALUES ('94462356008','54439861811972');
INSERT INTO e_responsavel_por_transportadora VALUES ('48570298604','49574361853457');
INSERT INTO e_responsavel_por_transportadora VALUES ('61484507174','51792931612325');
INSERT INTO e_responsavel_por_transportadora VALUES ('75827200756','22524345519583');
INSERT INTO e_responsavel_por_transportadora VALUES ('88411184856','34214778618992');
INSERT INTO e_responsavel_por_transportadora VALUES ('41699949174','61632495247117');
INSERT INTO e_responsavel_por_transportadora VALUES ('36632806325','62731381895943');
INSERT INTO e_responsavel_por_transportadora VALUES ('17894523078','94395231751542');
INSERT INTO e_responsavel_por_transportadora VALUES ('78736483913','58284477275979');
INSERT INTO e_responsavel_por_transportadora VALUES ('47661774396','36446981625597');
INSERT INTO e_responsavel_por_transportadora VALUES ('00616210655','65357594558398');
INSERT INTO e_responsavel_por_transportadora VALUES ('52334542308','99411982161896');
INSERT INTO e_responsavel_por_transportadora VALUES ('73129739742','17956324111524');
INSERT INTO e_responsavel_por_transportadora VALUES ('85400744590','92575163692737');
INSERT INTO e_responsavel_por_transportadora VALUES ('46749016378','57625949874985');
INSERT INTO e_responsavel_por_transportadora VALUES ('31021992442','42558158186518');
INSERT INTO e_responsavel_por_transportadora VALUES ('61618468180','76198632991619');
INSERT INTO e_responsavel_por_transportadora VALUES ('62792233214','99775159383445');
INSERT INTO e_responsavel_por_transportadora VALUES ('33189861117','23714352324859');
INSERT INTO e_responsavel_por_transportadora VALUES ('27352290630','58873115761266');
INSERT INTO e_responsavel_por_transportadora VALUES ('02088033425','82412468476241');
INSERT INTO e_responsavel_por_transportadora VALUES ('31782550054','16881665936184');
INSERT INTO e_responsavel_por_transportadora VALUES ('58895658676','43556969233967');
INSERT INTO e_responsavel_por_transportadora VALUES ('23958536091','49174655199131');
INSERT INTO e_responsavel_por_transportadora VALUES ('79894186498','86378192443441');
INSERT INTO e_responsavel_por_transportadora VALUES ('53799075960','37297252476382');
INSERT INTO e_responsavel_por_transportadora VALUES ('58421165112','96821629517938');
INSERT INTO e_responsavel_por_transportadora VALUES ('63647124301','18563489364663');
INSERT INTO e_responsavel_por_transportadora VALUES ('23267448053','31241548349345');
INSERT INTO e_responsavel_por_transportadora VALUES ('70995106576','75141574624368');
INSERT INTO e_responsavel_por_transportadora VALUES ('12748003058','26826975744844');
INSERT INTO e_responsavel_por_transportadora VALUES ('84344926350','44933371547992');
INSERT INTO e_responsavel_por_transportadora VALUES ('17044219827','34243828544238');
INSERT INTO e_responsavel_por_transportadora VALUES ('98543498384','69348111289346');
INSERT INTO e_responsavel_por_transportadora VALUES ('59026340711','36459225774433');
INSERT INTO e_responsavel_por_transportadora VALUES ('10992316336','17213678775831');
INSERT INTO e_responsavel_por_transportadora VALUES ('17625438592','75823597851661');
INSERT INTO e_responsavel_por_transportadora VALUES ('63301463879','93329547999385');
INSERT INTO e_responsavel_por_transportadora VALUES ('78113612408','87353353347336');
INSERT INTO e_responsavel_por_transportadora VALUES ('64394169112','12977989295246');
INSERT INTO e_responsavel_por_transportadora VALUES ('04311133261','27688822943818');
INSERT INTO e_responsavel_por_transportadora VALUES ('40246815011','74463217198474');
INSERT INTO e_responsavel_por_transportadora VALUES ('14707320362','36381732592225');
INSERT INTO e_responsavel_por_transportadora VALUES ('14310842801','72182338735442');
INSERT INTO e_responsavel_por_transportadora VALUES ('22708518902','83121182257373');
INSERT INTO e_responsavel_por_transportadora VALUES ('28831373716','58479847462371');
INSERT INTO e_responsavel_por_transportadora VALUES ('13844324649','93331848386699');
INSERT INTO e_responsavel_por_transportadora VALUES ('87380037586','92569391696872');
INSERT INTO e_responsavel_por_fornecedor VALUES ('11718276243','28877657316458');
INSERT INTO e_responsavel_por_fornecedor VALUES ('14056326098','89937689711651');
INSERT INTO e_responsavel_por_fornecedor VALUES ('23733464729','78454526435479');
INSERT INTO e_responsavel_por_fornecedor VALUES ('39000507125','21436994841879');
INSERT INTO e_responsavel_por_fornecedor VALUES ('37732700424','83755674698581');
INSERT INTO e_responsavel_por_fornecedor VALUES ('04779824139','65249196532235');
INSERT INTO e_responsavel_por_fornecedor VALUES ('42177651023','48731659959757');
INSERT INTO e_responsavel_por_fornecedor VALUES ('68691808857','56327963523623');
INSERT INTO e_responsavel_por_fornecedor VALUES ('76904077791','44275515822161');
INSERT INTO e_responsavel_por_fornecedor VALUES ('84358791981','43518343123326');
INSERT INTO e_responsavel_por_fornecedor VALUES ('72599692273','44329841926868');
INSERT INTO e_responsavel_por_fornecedor VALUES ('67248300684','57416536723521');
INSERT INTO e_responsavel_por_fornecedor VALUES ('55618079285','63942321432162');
INSERT INTO e_responsavel_por_fornecedor VALUES ('56842076978','68799722948579');
INSERT INTO e_responsavel_por_fornecedor VALUES ('18929534259','79726195817937');
INSERT INTO e_responsavel_por_fornecedor VALUES ('34270471544','49548155944589');
INSERT INTO e_responsavel_por_fornecedor VALUES ('58423710053','88267353828123');
INSERT INTO e_responsavel_por_fornecedor VALUES ('32183849657','57912634612282');
INSERT INTO e_responsavel_por_fornecedor VALUES ('77696387756','63263711789328');
INSERT INTO e_responsavel_por_fornecedor VALUES ('14663397140','17673712114243');
INSERT INTO e_responsavel_por_fornecedor VALUES ('26644745202','13744922376121');
INSERT INTO e_responsavel_por_fornecedor VALUES ('28654243284','27519581186556');
INSERT INTO e_responsavel_por_fornecedor VALUES ('90073023990','28542893824528');
INSERT INTO e_responsavel_por_fornecedor VALUES ('43253322729','31892846956395');
INSERT INTO e_responsavel_por_fornecedor VALUES ('95001561141','31583535646416');
INSERT INTO e_responsavel_por_fornecedor VALUES ('35829836174','13858159882622');
INSERT INTO e_responsavel_por_fornecedor VALUES ('98545858959','72915664468234');
INSERT INTO e_responsavel_por_fornecedor VALUES ('61994082428','24892684838944');
INSERT INTO e_responsavel_por_fornecedor VALUES ('50924810549','81469922822532');
INSERT INTO e_responsavel_por_fornecedor VALUES ('12840964743','12688859223945');
INSERT INTO e_responsavel_por_fornecedor VALUES ('36575879943','68931826397446');
INSERT INTO e_responsavel_por_fornecedor VALUES ('62977641676','48561267417794');
INSERT INTO e_responsavel_por_fornecedor VALUES ('73571452919','99443352843151');
INSERT INTO e_responsavel_por_fornecedor VALUES ('24159670856','56756444114214');
INSERT INTO e_responsavel_por_fornecedor VALUES ('93325843407','48456483488493');
INSERT INTO e_responsavel_por_fornecedor VALUES ('97001162776','83514637295758');
INSERT INTO e_responsavel_por_fornecedor VALUES ('25786813485','68335491474951');
INSERT INTO e_responsavel_por_fornecedor VALUES ('04749488035','54796673574722');
INSERT INTO e_responsavel_por_fornecedor VALUES ('48692151131','27927972661639');
INSERT INTO e_responsavel_por_fornecedor VALUES ('73747820565','13623132583611');
INSERT INTO e_responsavel_por_fornecedor VALUES ('75250475432','29248348439557');
INSERT INTO e_responsavel_por_fornecedor VALUES ('66492878917','82529926942364');
INSERT INTO e_responsavel_por_fornecedor VALUES ('39487142905','19886157696946');
INSERT INTO e_responsavel_por_fornecedor VALUES ('88024853129','69388859575247');
INSERT INTO e_responsavel_por_fornecedor VALUES ('89223076760','13725272821719');
INSERT INTO e_responsavel_por_fornecedor VALUES ('52075185818','45625191389857');
INSERT INTO e_responsavel_por_fornecedor VALUES ('51810441702','68838555273434');
INSERT INTO e_responsavel_por_fornecedor VALUES ('11025848148','64743551837458');
INSERT INTO e_responsavel_por_fornecedor VALUES ('46079914680','24384683576765');
INSERT INTO e_responsavel_por_fornecedor VALUES ('50059263028','38892957235256');
INSERT INTO e_responsavel_por_fornecedor VALUES ('58929542732','29463276543895');
INSERT INTO e_responsavel_por_fornecedor VALUES ('27089761581','58693253681925');
INSERT INTO e_responsavel_por_fornecedor VALUES ('01240170015','56544742131736');
INSERT INTO e_responsavel_por_fornecedor VALUES ('20798874489','69669122877223');
INSERT INTO e_responsavel_por_fornecedor VALUES ('75840086099','74191842111493');
INSERT INTO e_responsavel_por_fornecedor VALUES ('49577587274','63526331696872');
INSERT INTO e_responsavel_por_fornecedor VALUES ('73542782926','48682639863676');
INSERT INTO e_responsavel_por_fornecedor VALUES ('26149449400','46888344334346');
INSERT INTO e_responsavel_por_cliente VALUES ('11718276243','28877657316458');
INSERT INTO e_responsavel_por_cliente VALUES ('14056326098','89937689711651');
INSERT INTO e_responsavel_por_cliente VALUES ('23733464729','78454526435479');
INSERT INTO e_responsavel_por_cliente VALUES ('39000507125','21436994841879');
INSERT INTO e_responsavel_por_cliente VALUES ('37732700424','83755674698581');
INSERT INTO e_responsavel_por_cliente VALUES ('04779824139','65249196532235');
INSERT INTO e_responsavel_por_cliente VALUES ('42177651023','48731659959757');
INSERT INTO e_responsavel_por_cliente VALUES ('68691808857','56327963523623');
INSERT INTO e_responsavel_por_cliente VALUES ('76904077791','44275515822161');
INSERT INTO e_responsavel_por_cliente VALUES ('84358791981','43518343123326');
INSERT INTO e_responsavel_por_cliente VALUES ('72599692273','44329841926868');
INSERT INTO e_responsavel_por_cliente VALUES ('67248300684','57416536723521');
INSERT INTO e_responsavel_por_cliente VALUES ('55618079285','63942321432162');
INSERT INTO e_responsavel_por_cliente VALUES ('56842076978','68799722948579');
INSERT INTO e_responsavel_por_cliente VALUES ('18929534259','79726195817937');
INSERT INTO e_responsavel_por_cliente VALUES ('34270471544','49548155944589');
INSERT INTO e_responsavel_por_cliente VALUES ('58423710053','88267353828123');
INSERT INTO e_responsavel_por_cliente VALUES ('32183849657','57912634612282');
INSERT INTO e_responsavel_por_cliente VALUES ('77696387756','63263711789328');
INSERT INTO e_responsavel_por_cliente VALUES ('14663397140','17673712114243');
INSERT INTO e_responsavel_por_cliente VALUES ('26644745202','13744922376121');
INSERT INTO e_responsavel_por_cliente VALUES ('28654243284','27519581186556');
INSERT INTO e_responsavel_por_cliente VALUES ('90073023990','28542893824528');
INSERT INTO e_responsavel_por_cliente VALUES ('43253322729','31892846956395');
INSERT INTO e_responsavel_por_cliente VALUES ('95001561141','31583535646416');
INSERT INTO e_responsavel_por_cliente VALUES ('35829836174','13858159882622');
INSERT INTO e_responsavel_por_cliente VALUES ('98545858959','72915664468234');
INSERT INTO e_responsavel_por_cliente VALUES ('61994082428','24892684838944');
INSERT INTO e_responsavel_por_cliente VALUES ('50924810549','81469922822532');
INSERT INTO e_responsavel_por_cliente VALUES ('12840964743','12688859223945');
INSERT INTO e_responsavel_por_cliente VALUES ('36575879943','68931826397446');
INSERT INTO e_responsavel_por_cliente VALUES ('62977641676','48561267417794');
INSERT INTO e_responsavel_por_cliente VALUES ('73571452919','99443352843151');
INSERT INTO e_responsavel_por_cliente VALUES ('24159670856','56756444114214');
INSERT INTO e_responsavel_por_cliente VALUES ('93325843407','48456483488493');
INSERT INTO e_responsavel_por_cliente VALUES ('97001162776','83514637295758');
INSERT INTO e_responsavel_por_cliente VALUES ('25786813485','68335491474951');
INSERT INTO e_responsavel_por_cliente VALUES ('04749488035','54796673574722');
INSERT INTO e_responsavel_por_cliente VALUES ('48692151131','27927972661639');
INSERT INTO e_responsavel_por_cliente VALUES ('73747820565','13623132583611');
INSERT INTO e_responsavel_por_cliente VALUES ('75250475432','29248348439557');
INSERT INTO e_responsavel_por_cliente VALUES ('66492878917','82529926942364');
INSERT INTO e_responsavel_por_cliente VALUES ('39487142905','19886157696946');
INSERT INTO e_responsavel_por_cliente VALUES ('88024853129','69388859575247');
INSERT INTO e_responsavel_por_cliente VALUES ('89223076760','13725272821719');
INSERT INTO e_responsavel_por_cliente VALUES ('52075185818','45625191389857');
INSERT INTO e_responsavel_por_cliente VALUES ('51810441702','68838555273434');
INSERT INTO e_responsavel_por_cliente VALUES ('11025848148','64743551837458');
INSERT INTO e_responsavel_por_cliente VALUES ('46079914680','24384683576765');
INSERT INTO e_responsavel_por_cliente VALUES ('50059263028','38892957235256');
INSERT INTO e_responsavel_por_cliente VALUES ('58929542732','29463276543895');
INSERT INTO e_responsavel_por_cliente VALUES ('27089761581','58693253681925');
INSERT INTO e_responsavel_por_cliente VALUES ('01240170015','56544742131736');
INSERT INTO e_responsavel_por_cliente VALUES ('20798874489','69669122877223');
INSERT INTO e_responsavel_por_cliente VALUES ('75840086099','74191842111493');
INSERT INTO e_responsavel_por_cliente VALUES ('49577587274','63526331696872');
INSERT INTO e_responsavel_por_cliente VALUES ('73542782926','48682639863676');
INSERT INTO e_responsavel_por_cliente VALUES ('26149449400','46888344334346');
INSERT INTO e_responsavel_por_cliente VALUES ('49643919932','41516128261669');
INSERT INTO e_responsavel_por_cliente VALUES ('92190616891','53723685669976');
INSERT INTO e_responsavel_por_cliente VALUES ('47842085037','19962692581419');
INSERT INTO e_responsavel_por_cliente VALUES ('20553593787','35679672264853');
INSERT INTO e_responsavel_por_cliente VALUES ('87904301805','24231574155869');
INSERT INTO e_responsavel_por_cliente VALUES ('94462356008','54439861811972');
INSERT INTO e_responsavel_por_cliente VALUES ('48570298604','49574361853457');
INSERT INTO e_responsavel_por_cliente VALUES ('61484507174','51792931612325');
INSERT INTO e_responsavel_por_cliente VALUES ('75827200756','22524345519583');
INSERT INTO e_responsavel_por_cliente VALUES ('88411184856','34214778618992');
INSERT INTO e_responsavel_por_cliente VALUES ('41699949174','61632495247117');
INSERT INTO e_responsavel_por_cliente VALUES ('36632806325','62731381895943');
INSERT INTO e_responsavel_por_cliente VALUES ('17894523078','94395231751542');
INSERT INTO e_responsavel_por_cliente VALUES ('78736483913','58284477275979');
INSERT INTO e_responsavel_por_cliente VALUES ('47661774396','36446981625597');
INSERT INTO e_responsavel_por_cliente VALUES ('00616210655','65357594558398');
INSERT INTO e_responsavel_por_cliente VALUES ('52334542308','99411982161896');
INSERT INTO e_responsavel_por_cliente VALUES ('73129739742','17956324111524');
INSERT INTO e_responsavel_por_cliente VALUES ('85400744590','92575163692737');
INSERT INTO e_responsavel_por_cliente VALUES ('46749016378','57625949874985');
INSERT INTO e_responsavel_por_cliente VALUES ('31021992442','42558158186518');
INSERT INTO e_responsavel_por_cliente VALUES ('61618468180','76198632991619');
INSERT INTO e_responsavel_por_cliente VALUES ('62792233214','99775159383445');
INSERT INTO e_responsavel_por_cliente VALUES ('33189861117','23714352324859');
INSERT INTO e_responsavel_por_cliente VALUES ('27352290630','58873115761266');
INSERT INTO e_responsavel_por_cliente VALUES ('02088033425','82412468476241');
INSERT INTO e_responsavel_por_cliente VALUES ('31782550054','16881665936184');
INSERT INTO e_responsavel_por_cliente VALUES ('58895658676','43556969233967');
INSERT INTO e_responsavel_por_cliente VALUES ('23958536091','49174655199131');
INSERT INTO e_responsavel_por_cliente VALUES ('79894186498','86378192443441');
INSERT INTO e_responsavel_por_cliente VALUES ('53799075960','37297252476382');
INSERT INTO e_responsavel_por_cliente VALUES ('58421165112','96821629517938');
INSERT INTO e_responsavel_por_cliente VALUES ('63647124301','18563489364663');
INSERT INTO e_responsavel_por_cliente VALUES ('23267448053','31241548349345');
INSERT INTO e_responsavel_por_cliente VALUES ('70995106576','75141574624368');
INSERT INTO e_responsavel_por_cliente VALUES ('12748003058','26826975744844');
INSERT INTO e_responsavel_por_cliente VALUES ('84344926350','44933371547992');
INSERT INTO e_responsavel_por_cliente VALUES ('17044219827','34243828544238');
INSERT INTO e_responsavel_por_cliente VALUES ('98543498384','69348111289346');
INSERT INTO e_responsavel_por_cliente VALUES ('59026340711','36459225774433');
INSERT INTO e_responsavel_por_cliente VALUES ('10992316336','17213678775831');
INSERT INTO e_responsavel_por_cliente VALUES ('17625438592','75823597851661');
INSERT INTO e_responsavel_por_cliente VALUES ('63301463879','93329547999385');
INSERT INTO e_responsavel_por_cliente VALUES ('78113612408','87353353347336');
INSERT INTO e_responsavel_por_cliente VALUES ('64394169112','12977989295246');
INSERT INTO e_responsavel_por_cliente VALUES ('04311133261','27688822943818');
INSERT INTO e_responsavel_por_cliente VALUES ('40246815011','74463217198474');
INSERT INTO e_responsavel_por_cliente VALUES ('14707320362','36381732592225');
INSERT INTO e_responsavel_por_cliente VALUES ('14310842801','72182338735442');
INSERT INTO e_responsavel_por_cliente VALUES ('22708518902','83121182257373');
INSERT INTO e_responsavel_por_cliente VALUES ('28831373716','58479847462371');
INSERT INTO e_responsavel_por_cliente VALUES ('13844324649','93331848386699');
INSERT INTO e_responsavel_por_cliente VALUES ('87380037586','92569391696872');
INSERT INTO e_responsavel_por_cliente VALUES ('76801562900','61693857334491');
INSERT INTO e_responsavel_por_cliente VALUES ('46533728858','43559967951884');
INSERT INTO e_responsavel_por_cliente VALUES ('01748260722','26369829775995');
INSERT INTO e_responsavel_por_cliente VALUES ('50230884963','68252239393761');
INSERT INTO e_responsavel_por_cliente VALUES ('23181209455','97324869194199');
INSERT INTO e_responsavel_por_cliente VALUES ('65785918431','73523666618766');
INSERT INTO e_responsavel_por_cliente VALUES ('01073123729','62619347552869');
INSERT INTO e_responsavel_por_cliente VALUES ('68161734815','92657114985753');
INSERT INTO e_responsavel_por_cliente VALUES ('82936852158','94623859977494');
INSERT INTO e_responsavel_por_cliente VALUES ('05466659132','65912377182144');
INSERT INTO e_responsavel_por_cliente VALUES ('96671575393','56151683439819');
INSERT INTO e_responsavel_por_cliente VALUES ('29724384284','12515882759443');
INSERT INTO e_responsavel_por_cliente VALUES ('63199474992','18412173311328');
INSERT INTO e_responsavel_por_cliente VALUES ('71714487610','13918871381576');
INSERT INTO e_responsavel_por_cliente VALUES ('32152754558','34557382819318');
INSERT INTO e_responsavel_por_cliente VALUES ('43856992870','71448286578732');
INSERT INTO e_responsavel_por_cliente VALUES ('79715796255','43626923298561');
INSERT INTO e_responsavel_por_cliente VALUES ('36761636109','53847863353658');
INSERT INTO e_responsavel_por_cliente VALUES ('67451084956','91661636638912');
INSERT INTO e_responsavel_por_cliente VALUES ('52649871792','12974751213352');
INSERT INTO e_responsavel_por_cliente VALUES ('25432758309','65862954169821');
INSERT INTO e_responsavel_por_cliente VALUES ('29786078687','19126128454626');
INSERT INTO e_responsavel_por_cliente VALUES ('00809265129','88689134137185');
INSERT INTO e_responsavel_por_cliente VALUES ('34953778801','68154612451245');
INSERT INTO e_responsavel_por_cliente VALUES ('18684602798','69176616737516');
INSERT INTO e_responsavel_por_cliente VALUES ('44714965574','21733244468489');
INSERT INTO e_responsavel_por_cliente VALUES ('17543376705','88414541996293');
INSERT INTO e_responsavel_por_cliente VALUES ('92094256665','72621723368485');
INSERT INTO e_responsavel_por_cliente VALUES ('85038899027','71976443342925');
INSERT INTO e_responsavel_por_cliente VALUES ('59426701491','81212644861999');
INSERT INTO e_responsavel_por_cliente VALUES ('87515231775','73852886862386');
INSERT INTO e_responsavel_por_cliente VALUES ('90782512052','28766958545464');
INSERT INTO e_responsavel_por_cliente VALUES ('17936332688','89263893748932');
INSERT INTO e_responsavel_por_cliente VALUES ('63293809384','84699268774221');
INSERT INTO e_responsavel_por_cliente VALUES ('62113347194','55378742168695');
INSERT INTO e_responsavel_por_cliente VALUES ('89851011721','27114556156584');
INSERT INTO e_responsavel_por_cliente VALUES ('93647540379','88926726832887');
INSERT INTO e_responsavel_por_cliente VALUES ('95832509901','25554944881328');
INSERT INTO e_responsavel_por_cliente VALUES ('48594592241','13724245351446');
INSERT INTO e_responsavel_por_cliente VALUES ('12548383497','92787817882672');
INSERT INTO e_responsavel_por_cliente VALUES ('89057219418','98716187522429');
INSERT INTO e_responsavel_por_cliente VALUES ('44803286562','41552616949716');
INSERT INTO e_responsavel_por_cliente VALUES ('39669329862','91542823937162');
INSERT INTO e_responsavel_por_cliente VALUES ('34934514423','76757927886975');
INSERT INTO e_responsavel_por_cliente VALUES ('77947529505','44823932263754');
INSERT INTO e_responsavel_por_cliente VALUES ('77347306580','24176416359664');
INSERT INTO e_responsavel_por_cliente VALUES ('03594753855','91188946933911');
INSERT INTO e_responsavel_por_cliente VALUES ('77424494567','92377984157279');
INSERT INTO e_responsavel_por_cliente VALUES ('68701231672','39379491992678');
INSERT INTO e_responsavel_por_cliente VALUES ('98123262014','69695182494516');
INSERT INTO e_responsavel_por_cliente VALUES ('09672305318','55732721939964');
INSERT INTO e_responsavel_por_cliente VALUES ('73817323558','17497831993996');
INSERT INTO e_responsavel_por_cliente VALUES ('96663102561','77495395676776');
INSERT INTO e_responsavel_por_cliente VALUES ('69922792283','65791617927713');
INSERT INTO e_responsavel_por_cliente VALUES ('90473185350','11525894896461');
INSERT INTO e_responsavel_por_cliente VALUES ('56455989924','95314959964584');
INSERT INTO e_responsavel_por_cliente VALUES ('98015859775','66381645527176');
INSERT INTO e_responsavel_por_cliente VALUES ('04743513930','11986395627628');
INSERT INTO e_responsavel_por_cliente VALUES ('46840302749','91719654773748');
INSERT INTO e_responsavel_por_cliente VALUES ('31898860817','42118646327717');
INSERT INTO e_responsavel_por_cliente VALUES ('88213846322','91588663955186');
INSERT INTO e_responsavel_por_cliente VALUES ('72914796278','58565494326243');
INSERT INTO e_responsavel_por_cliente VALUES ('28646135704','34687397294621');
INSERT INTO e_responsavel_por_cliente VALUES ('90380101264','43762574972633');
INSERT INTO e_responsavel_por_cliente VALUES ('77772503498','54771617765127');
INSERT INTO e_responsavel_por_cliente VALUES ('62026920883','32881568354895');
INSERT INTO e_responsavel_por_cliente VALUES ('76424926010','52325381463199');
INSERT INTO e_responsavel_por_cliente VALUES ('66253246638','66413259692298');
INSERT INTO e_responsavel_por_cliente VALUES ('27724813235','51766217769788');
INSERT INTO e_responsavel_por_cliente VALUES ('03840404851','32417472442679');
INSERT INTO e_responsavel_por_cliente VALUES ('16640682926','84512837872262');
INSERT INTO e_responsavel_por_cliente VALUES ('63952284494','87483917324995');
INSERT INTO e_responsavel_por_cliente VALUES ('37732977115','29158612799394');
INSERT INTO e_responsavel_por_cliente VALUES ('96149398501','68568733496332');
INSERT INTO e_responsavel_por_cliente VALUES ('99276266924','63776462939215');
INSERT INTO e_responsavel_por_cliente VALUES ('78062438390','72112275861189');
INSERT INTO e_responsavel_por_cliente VALUES ('72328925429','99738257956382');
INSERT INTO e_responsavel_por_cliente VALUES ('43824947024','97781317373939');
INSERT INTO e_responsavel_por_cliente VALUES ('91869130727','31539642216638');
INSERT INTO e_responsavel_por_cliente VALUES ('13920415069','88112187332431');
INSERT INTO e_responsavel_por_cliente VALUES ('07394886568','48173358688316');
INSERT INTO e_responsavel_por_cliente VALUES ('26884627790','87552127325737');
INSERT INTO e_responsavel_por_cliente VALUES ('82138918314','55828265851163');
INSERT INTO e_responsavel_por_cliente VALUES ('59926972256','98873783821472');
INSERT INTO e_responsavel_por_cliente VALUES ('92093726773','94539534557732');
INSERT INTO e_responsavel_por_cliente VALUES ('89649961922','21367432146699');
INSERT INTO e_responsavel_por_cliente VALUES ('59787471501','28528826162553');
INSERT INTO e_responsavel_por_cliente VALUES ('44731070930','45917159768931');
INSERT INTO e_responsavel_por_cliente VALUES ('15614458538','44873621434615');
INSERT INTO e_responsavel_por_cliente VALUES ('08961164278','54333973867243');
INSERT INTO e_responsavel_por_cliente VALUES ('31891004770','86556237411369');
INSERT INTO e_responsavel_por_cliente VALUES ('55206808036','99691813678581');
INSERT INTO e_responsavel_por_cliente VALUES ('94999921609','99517884725726');
INSERT INTO e_responsavel_por_cliente VALUES ('29156004718','81463461141835');
INSERT INTO e_responsavel_por_cliente VALUES ('57017990486','66544839646142');
INSERT INTO e_responsavel_por_cliente VALUES ('81359881081','23913725712927');
INSERT INTO e_responsavel_por_cliente VALUES ('21021705990','88627191592623');
INSERT INTO e_responsavel_por_cliente VALUES ('84487311177','89995824889528');
INSERT INTO e_responsavel_por_cliente VALUES ('99933722143','62538591344933');
INSERT INTO e_responsavel_por_cliente VALUES ('21833692565','54688782584137');
INSERT INTO e_responsavel_por_cliente VALUES ('13702210137','66626625935638');
INSERT INTO e_responsavel_por_cliente VALUES ('64182115653','19847889868299');
INSERT INTO e_responsavel_por_cliente VALUES ('91597166679','75583412717635');
INSERT INTO e_responsavel_por_cliente VALUES ('27016581856','76477898853789');
INSERT INTO e_responsavel_por_cliente VALUES ('65816947124','59327788935527');
INSERT INTO e_responsavel_por_cliente VALUES ('08095101504','39811784442944');
INSERT INTO e_responsavel_por_cliente VALUES ('89055785890','64693344829569');
INSERT INTO e_responsavel_por_cliente VALUES ('71656860313','28623988954177');
INSERT INTO e_responsavel_por_cliente VALUES ('71577116051','71311323295257');
INSERT INTO e_responsavel_por_cliente VALUES ('19645901374','95359772867883');
INSERT INTO e_responsavel_por_cliente VALUES ('06415176913','34122897918734');
INSERT INTO e_responsavel_por_cliente VALUES ('95371839918','99963586428557');
INSERT INTO e_responsavel_por_cliente VALUES ('07031559967','28388738856557');
INSERT INTO e_responsavel_por_cliente VALUES ('29406440459','33916844896379');
INSERT INTO e_responsavel_por_cliente VALUES ('92518685892','17899793284312');
INSERT INTO e_responsavel_por_cliente VALUES ('36936184004','54137397975121');
INSERT INTO e_responsavel_por_cliente VALUES ('01483872850','26238783432362');
INSERT INTO e_responsavel_por_cliente VALUES ('98993165280','28196886954953');
INSERT INTO e_responsavel_por_cliente VALUES ('40489930005','11112457217538');
INSERT INTO e_responsavel_por_cliente VALUES ('40028009943','32925827749937');
INSERT INTO e_responsavel_por_cliente VALUES ('80017561849','95233214251894');
INSERT INTO e_responsavel_por_cliente VALUES ('42068850004','88473951923117');
INSERT INTO e_responsavel_por_cliente VALUES ('89226972821','55855418634395');
INSERT INTO entrega_leite_uht VALUES ('123395020131','28877657316458','01/01/2000');
INSERT INTO entrega_leite_uht VALUES ('173362733792','89937689711651','01/03/2003');
INSERT INTO entrega_leite_uht VALUES ('613177568382','78454526435479','01/04/2005');
INSERT INTO entrega_leite_uht VALUES ('565226371754','21436994841879','01/04/2015');
INSERT INTO entrega_leite_uht VALUES ('970186961151','83755674698581','01/05/2002');
INSERT INTO entrega_leite_uht VALUES ('703216920322','65249196532235','01/06/2001');
INSERT INTO entrega_leite_uht VALUES ('569698751396','48731659959757','01/07/1995');
INSERT INTO entrega_leite_uht VALUES ('119494362412','56327963523623','01/07/2000');
INSERT INTO entrega_leite_uht VALUES ('560283504066','44275515822161','01/08/2001');
INSERT INTO entrega_leite_uht VALUES ('708365223979','43518343123326','01/08/2009');
INSERT INTO entrega_leite_uht VALUES ('421630037249','44329841926868','01/10/1991');
INSERT INTO entrega_leite_uht VALUES ('422353395317','57416536723521','01/10/1999');
INSERT INTO entrega_leite_uht VALUES ('508208124066','63942321432162','01/10/2001');
INSERT INTO entrega_leite_uht VALUES ('802092980425','68799722948579','01/11/2006');
INSERT INTO entrega_leite_uht VALUES ('460023122757','79726195817937','01/11/2007');
INSERT INTO entrega_leite_uht VALUES ('254726388550','49548155944589','01/13/2008');
INSERT INTO entrega_leite_uht VALUES ('583504510611','88267353828123','01/13/2009');
INSERT INTO entrega_leite_uht VALUES ('127581767704','57912634612282','01/13/2013');
INSERT INTO entrega_leite_uht VALUES ('959387665353','63263711789328','01/14/2007');
INSERT INTO entrega_leite_uht VALUES ('967828586488','17673712114243','01/15/2008');
INSERT INTO entrega_leite_uht VALUES ('835024201344','13744922376121','01/15/2013');
INSERT INTO entrega_leite_uht VALUES ('337287883046','27519581186556','01/16/1991');
INSERT INTO entrega_leite_uht VALUES ('701283105362','28542893824528','01/16/2000');
INSERT INTO entrega_leite_uht VALUES ('850795457328','31892846956395','01/17/2010');
INSERT INTO entrega_leite_uht VALUES ('405965062296','31583535646416','01/17/2015');
INSERT INTO entrega_leite_uht VALUES ('197745266857','13858159882622','01/18/1990');
INSERT INTO entrega_leite_uht VALUES ('968582488513','72915664468234','01/18/2001');
INSERT INTO entrega_leite_uht VALUES ('678129794100','24892684838944','01/18/2013');
INSERT INTO entrega_leite_uht VALUES ('227998122432','81469922822532','01/20/2000');
INSERT INTO entrega_leite_uht VALUES ('116790831016','12688859223945','01/20/2014');
INSERT INTO entrega_leite_uht VALUES ('512376567926','68931826397446','01/23/1998');
INSERT INTO entrega_leite_uht VALUES ('130186197765','48561267417794','01/23/2004');
INSERT INTO entrega_leite_uht VALUES ('599763904054','99443352843151','01/23/2013');
INSERT INTO entrega_leite_uht VALUES ('626360144423','56756444114214','01/24/1995');
INSERT INTO entrega_queijo VALUES ('123395020131','28877657316458','01/01/2000');
INSERT INTO entrega_queijo VALUES ('173362733792','89937689711651','01/03/2003');
INSERT INTO entrega_queijo VALUES ('613177568382','78454526435479','01/04/2005');
INSERT INTO entrega_queijo VALUES ('565226371754','21436994841879','01/04/2015');
INSERT INTO entrega_queijo VALUES ('970186961151','83755674698581','01/05/2002');
INSERT INTO entrega_queijo VALUES ('703216920322','65249196532235','01/06/2001');
INSERT INTO entrega_queijo VALUES ('569698751396','48731659959757','01/07/1995');
INSERT INTO entrega_queijo VALUES ('119494362412','56327963523623','01/07/2000');
INSERT INTO entrega_queijo VALUES ('560283504066','44275515822161','01/08/2001');
INSERT INTO entrega_queijo VALUES ('708365223979','43518343123326','01/08/2009');
INSERT INTO entrega_queijo VALUES ('421630037249','44329841926868','01/10/1991');
INSERT INTO entrega_queijo VALUES ('422353395317','57416536723521','01/10/1999');
INSERT INTO entrega_queijo VALUES ('508208124066','63942321432162','01/10/2001');
INSERT INTO entrega_queijo VALUES ('802092980425','68799722948579','01/11/2006');
INSERT INTO entrega_queijo VALUES ('460023122757','79726195817937','01/11/2007');
INSERT INTO entrega_queijo VALUES ('254726388550','49548155944589','01/13/2008');
INSERT INTO entrega_queijo VALUES ('583504510611','88267353828123','01/13/2009');
INSERT INTO entrega_queijo VALUES ('127581767704','57912634612282','01/13/2013');
INSERT INTO entrega_queijo VALUES ('959387665353','63263711789328','01/14/2007');
INSERT INTO entrega_queijo VALUES ('967828586488','17673712114243','01/15/2008');
INSERT INTO entrega_queijo VALUES ('835024201344','13744922376121','01/15/2013');
INSERT INTO entrega_queijo VALUES ('337287883046','27519581186556','01/16/1991');
INSERT INTO entrega_queijo VALUES ('701283105362','28542893824528','01/16/2000');
INSERT INTO entrega_queijo VALUES ('850795457328','31892846956395','01/17/2010');
INSERT INTO entrega_queijo VALUES ('405965062296','31583535646416','01/17/2015');
INSERT INTO entrega_queijo VALUES ('197745266857','13858159882622','01/18/1990');
INSERT INTO entrega_queijo VALUES ('968582488513','72915664468234','01/18/2001');
INSERT INTO entrega_queijo VALUES ('678129794100','24892684838944','01/18/2013');
INSERT INTO entrega_queijo VALUES ('227998122432','81469922822532','01/20/2000');
INSERT INTO entrega_queijo VALUES ('116790831016','12688859223945','01/20/2014');
INSERT INTO entrega_queijo VALUES ('512376567926','68931826397446','01/23/1998');
INSERT INTO entrega_queijo VALUES ('130186197765','48561267417794','01/23/2004');
INSERT INTO entrega_queijo VALUES ('599763904054','99443352843151','01/23/2013');
INSERT INTO entrega_queijo VALUES ('626360144423','56756444114214','01/24/1995');
INSERT INTO entrega_manteiga VALUES ('123395020131','28877657316458','01/01/2000');
INSERT INTO entrega_manteiga VALUES ('173362733792','89937689711651','01/03/2003');
INSERT INTO entrega_manteiga VALUES ('613177568382','78454526435479','01/04/2005');
INSERT INTO entrega_manteiga VALUES ('565226371754','21436994841879','01/04/2015');
INSERT INTO entrega_manteiga VALUES ('970186961151','83755674698581','01/05/2002');
INSERT INTO entrega_manteiga VALUES ('703216920322','65249196532235','01/06/2001');
INSERT INTO entrega_manteiga VALUES ('569698751396','48731659959757','01/07/1995');
INSERT INTO entrega_manteiga VALUES ('119494362412','56327963523623','01/07/2000');
INSERT INTO entrega_manteiga VALUES ('560283504066','44275515822161','01/08/2001');
INSERT INTO entrega_manteiga VALUES ('708365223979','43518343123326','01/08/2009');
INSERT INTO entrega_manteiga VALUES ('421630037249','44329841926868','01/10/1991');
INSERT INTO entrega_manteiga VALUES ('422353395317','57416536723521','01/10/1999');
INSERT INTO entrega_manteiga VALUES ('508208124066','63942321432162','01/10/2001');
INSERT INTO entrega_manteiga VALUES ('802092980425','68799722948579','01/11/2006');
INSERT INTO entrega_manteiga VALUES ('460023122757','79726195817937','01/11/2007');
INSERT INTO entrega_manteiga VALUES ('254726388550','49548155944589','01/13/2008');
INSERT INTO entrega_manteiga VALUES ('583504510611','88267353828123','01/13/2009');
INSERT INTO entrega_manteiga VALUES ('127581767704','57912634612282','01/13/2013');
INSERT INTO entrega_manteiga VALUES ('959387665353','63263711789328','01/14/2007');
INSERT INTO entrega_manteiga VALUES ('967828586488','17673712114243','01/15/2008');
INSERT INTO entrega_manteiga VALUES ('835024201344','13744922376121','01/15/2013');
INSERT INTO entrega_manteiga VALUES ('337287883046','27519581186556','01/16/1991');
INSERT INTO entrega_manteiga VALUES ('701283105362','28542893824528','01/16/2000');
INSERT INTO entrega_manteiga VALUES ('850795457328','31892846956395','01/17/2010');
INSERT INTO entrega_manteiga VALUES ('405965062296','31583535646416','01/17/2015');
INSERT INTO entrega_manteiga VALUES ('197745266857','13858159882622','01/18/1990');
INSERT INTO entrega_manteiga VALUES ('968582488513','72915664468234','01/18/2001');
INSERT INTO entrega_manteiga VALUES ('678129794100','24892684838944','01/18/2013');
INSERT INTO entrega_manteiga VALUES ('227998122432','81469922822532','01/20/2000');
INSERT INTO entrega_manteiga VALUES ('116790831016','12688859223945','01/20/2014');
INSERT INTO entrega_manteiga VALUES ('512376567926','68931826397446','01/23/1998');
INSERT INTO entrega_manteiga VALUES ('130186197765','48561267417794','01/23/2004');
INSERT INTO entrega_manteiga VALUES ('599763904054','99443352843151','01/23/2013');
INSERT INTO entrega_manteiga VALUES ('626360144423','56756444114214','01/24/1995');
