INSERT INTO cliente VALUES ('28877657316458','Nacional Soft');
INSERT INTO cliente VALUES ('89937689711651','AmBev  Bebidas');
INSERT INTO cliente VALUES ('78454526435479','Itau Unibanco');
INSERT INTO cliente VALUES ('21436994841879','Ultrapar  Energia');
INSERT INTO cliente VALUES ('83755674698581','OceanAir  Companhia');
INSERT INTO cliente VALUES ('65249196532235','Localiza  Aluguel');
INSERT INTO cliente VALUES ('48731659959757','M. Dias');
INSERT INTO cliente VALUES ('56327963523623','B2W Varejo');
INSERT INTO cliente VALUES ('44275515822161','Gradiente  Computadores');
INSERT INTO cliente VALUES ('43518343123326','Troller  Fabricantes');
INSERT INTO cliente VALUES ('44329841926868','Votorantim  Papel');
INSERT INTO cliente VALUES ('57416536723521','Grupo Schincariol');
INSERT INTO cliente VALUES ('63942321432162','Garoto  Bebidas');
INSERT INTO cliente VALUES ('68799722948579','Megatube  Software');
INSERT INTO cliente VALUES ('79726195817937','Telequartz  Mineração');
INSERT INTO cliente VALUES ('49548155944589','Eletrobrás  Utilitários');
INSERT INTO cliente VALUES ('88267353828123','Banco BMG');
INSERT INTO cliente VALUES ('57912634612282','DocDigital  Digitalização');
INSERT INTO cliente VALUES ('63263711789328','Universo Online');
INSERT INTO cliente VALUES ('17673712114243','Drogasil  Drogarias');
INSERT INTO cliente VALUES ('13744922376121','TV Cultura');
INSERT INTO cliente VALUES ('27519581186556','Petróleo Ipiranga');
INSERT INTO cliente VALUES ('28542893824528','Transmissão Paulista');
INSERT INTO cliente VALUES ('31892846956395','Rico Linhas');
INSERT INTO cliente VALUES ('31583535646416','Insinuante  Varejo');
INSERT INTO cliente VALUES ('13858159882622','Rede Record');
INSERT INTO cliente VALUES ('72915664468234','Rossi Residencial');
INSERT INTO cliente VALUES ('24892684838944','Grendene  Vestuário,');
INSERT INTO cliente VALUES ('81469922822532','WEG Indústrias');
INSERT INTO cliente VALUES ('12688859223945','Copel  Utilitários');
INSERT INTO cliente VALUES ('68931826397446','RedeTV!  Mídia');
INSERT INTO cliente VALUES ('48561267417794','Total Linhas');
INSERT INTO cliente VALUES ('99443352843151','Companhia  Indústria');
INSERT INTO cliente VALUES ('56756444114214','Grupo Abril');
INSERT INTO cliente VALUES ('48456483488493','Telesp  Telecomunicações');
INSERT INTO cliente VALUES ('83514637295758','Bravox  Computadores');
INSERT INTO cliente VALUES ('68335491474951','Eletrobras Furnas');
INSERT INTO cliente VALUES ('54796673574722','NKF Acessórios');
INSERT INTO cliente VALUES ('27927972661639','Fabral  Fabricantes');
INSERT INTO cliente VALUES ('13623132583611','Banco Bradesco');
INSERT INTO cliente VALUES ('29248348439557','Ricardo Eletro');
INSERT INTO cliente VALUES ('82529926942364','Banrisul  Serviços');
INSERT INTO cliente VALUES ('19886157696946','Companhia  Indústria');
INSERT INTO cliente VALUES ('69388859575247','Embratel  Telecommunicações');
INSERT INTO cliente VALUES ('13725272821719','CCR  Outro');
INSERT INTO cliente VALUES ('45625191389857','Embraer  Aeroespacial');
INSERT INTO cliente VALUES ('68838555273434','Tectoy  Brinquedos');
INSERT INTO cliente VALUES ('64743551837458','Companhia  Indústria');
INSERT INTO cliente VALUES ('24384683576765','Positivo Informática');
INSERT INTO cliente VALUES ('38892957235256','Lojas Amor');
INSERT INTO cliente VALUES ('29463276543895','BTG Pactual');
INSERT INTO cliente VALUES ('58693253681925','Ampla  Utilitários');
INSERT INTO cliente VALUES ('56544742131736','Bompreço  Varejista');
INSERT INTO cliente VALUES ('69669122877223','Scherm  Tecnologia');
INSERT INTO cliente VALUES ('74191842111493','Marcopolo  Fabricantes');
INSERT INTO cliente VALUES ('63526331696872','Metrô Rio');
INSERT INTO cliente VALUES ('48682639863676','Vivo  Telecomunicações');
INSERT INTO cliente VALUES ('46888344334346','Duratex  Metais');
INSERT INTO cliente VALUES ('41516128261669','Camargo Correa');
INSERT INTO cliente VALUES ('53723685669976','Petrobras  Energia');
INSERT INTO cliente VALUES ('19962692581419','Grupo Pão');
INSERT INTO cliente VALUES ('35679672264853','Hypermarcas  Conglomerados');
INSERT INTO cliente VALUES ('24231574155869','Bombril  Produtos');
INSERT INTO cliente VALUES ('54439861811972','Grupo EXBR');
INSERT INTO cliente VALUES ('49574361853457','Itaúsa  Conglomerado');
INSERT INTO cliente VALUES ('51792931612325','AutoBAn  Utilitários');
INSERT INTO cliente VALUES ('22524345519583','Caixa Econômica');
INSERT INTO cliente VALUES ('34214778618992','CPFL  Utilitários');
INSERT INTO cliente VALUES ('61632495247117','WebJet Linhas');
INSERT INTO cliente VALUES ('62731381895943','DERSA  Outro');
INSERT INTO cliente VALUES ('94395231751542','CEG  Utilitários');
INSERT INTO cliente VALUES ('58284477275979','Companhia  Indústria');
INSERT INTO cliente VALUES ('36446981625597','Gafisa  Construção');
INSERT INTO cliente VALUES ('65357594558398','Brasil Telecom');
INSERT INTO cliente VALUES ('99411982161896','Estrela  Brinquedos');
INSERT INTO cliente VALUES ('17956324111524','Gol Transportes');
INSERT INTO cliente VALUES ('92575163692737','Companhia Siderúrgica');
INSERT INTO cliente VALUES ('57625949874985','BM&F Bovespa');
INSERT INTO cliente VALUES ('42558158186518','Banpará  Serviços');
INSERT INTO cliente VALUES ('76198632991619','Grupo Folha');
INSERT INTO cliente VALUES ('99775159383445','Natura  Cuidados');
INSERT INTO cliente VALUES ('23714352324859','Queiroz Galvão');
INSERT INTO cliente VALUES ('58873115761266','TAM Airlines');
INSERT INTO cliente VALUES ('82412468476241','Fibria  Celulose');
INSERT INTO cliente VALUES ('16881665936184','Itaro  Automotivo');
INSERT INTO cliente VALUES ('43556969233967','Avibrás  Aeroespacial');
INSERT INTO cliente VALUES ('49174655199131','Klabin  Papel');
INSERT INTO cliente VALUES ('86378192443441','Mendes Júnior');
INSERT INTO cliente VALUES ('37297252476382','MRS Logística');
INSERT INTO cliente VALUES ('96821629517938','Grupo Guararapes');
INSERT INTO cliente VALUES ('18563489364663','Pantanal Linhas');
INSERT INTO cliente VALUES ('31241548349345','Cyrela Brazil');
INSERT INTO cliente VALUES ('75141574624368','MRV Engenharia');
INSERT INTO cliente VALUES ('26826975744844','CEMIG  Utilitários');
INSERT INTO cliente VALUES ('44933371547992','Agrale  Fabricantes');
INSERT INTO cliente VALUES ('34243828544238','Odebrecht  Construção');
INSERT INTO cliente VALUES ('69348111289346','Cielo  Serviços');
INSERT INTO cliente VALUES ('36459225774433','Helibrás  Fabricante');
INSERT INTO cliente VALUES ('17213678775831','Usiminas  Aço');
INSERT INTO cliente VALUES ('75823597851661','Gerdau  Aço');
INSERT INTO cliente VALUES ('93329547999385','Redecard  Serviços');
INSERT INTO cliente VALUES ('87353353347336','Amil  Seguro');
INSERT INTO cliente VALUES ('12977989295246','Azul Linhas');
INSERT INTO cliente VALUES ('27688822943818','Dafra  Motocicletas');
INSERT INTO cliente VALUES ('74463217198474','Taurus  Armas');
INSERT INTO cliente VALUES ('36381732592225','Celesc  Utilitários');
INSERT INTO cliente VALUES ('72182338735442','Acesita  Aço');
INSERT INTO cliente VALUES ('83121182257373','Banco Mercantil');
INSERT INTO cliente VALUES ('58479847462371','Britânia Eletrodomésticos');
INSERT INTO cliente VALUES ('93331848386699','Grupo RBS');
INSERT INTO cliente VALUES ('92569391696872','Hering  Vestuário,');
INSERT INTO cliente VALUES ('61693857334491','Andrade Gutierrez');
INSERT INTO cliente VALUES ('43559967951884','Embraco  Equipamentos');
INSERT INTO cliente VALUES ('26369829775995','Bradespar  Serviços');
INSERT INTO cliente VALUES ('68252239393761','Kepler Weber');
INSERT INTO cliente VALUES ('97324869194199','GVT  Telecomunicações');
INSERT INTO cliente VALUES ('73523666618766','Huge Networks');
INSERT INTO cliente VALUES ('62619347552869','Iochpe-Maxion  Fabricantes');
INSERT INTO cliente VALUES ('92657114985753','Fleury S.A.');
INSERT INTO cliente VALUES ('94623859977494','Banco Safra');
INSERT INTO cliente VALUES ('65912377182144','Copacol  Bebidas');
INSERT INTO cliente VALUES ('56151683439819','Leilão dos');
INSERT INTO cliente VALUES ('12515882759443','Braskem  Energia');
INSERT INTO cliente VALUES ('18412173311328','Cosan  Petroquímicos');
INSERT INTO cliente VALUES ('13918871381576','TIM  Telecomunicações');
INSERT INTO cliente VALUES ('34557382819318','Organizações Globo');
INSERT INTO cliente VALUES ('71448286578732','Calçados Beira-Rio');
INSERT INTO cliente VALUES ('43626923298561','Banestes  Serviços');
INSERT INTO cliente VALUES ('53847863353658','Net  Utilitários');
INSERT INTO cliente VALUES ('91661636638912','CESP  Utilitários');
INSERT INTO cliente VALUES ('12974751213352','América Latina');
INSERT INTO cliente VALUES ('65862954169821','Infraero  Utilitários');
INSERT INTO cliente VALUES ('19126128454626','Dynamine  Mineração');
INSERT INTO cliente VALUES ('88689134137185','Comgás  Utilitários');
INSERT INTO cliente VALUES ('68154612451245','Vale  Mineração');
INSERT INTO cliente VALUES ('69176616737516','Metaltex  Eletro-eletrônico');
INSERT INTO cliente VALUES ('21733244468489','Eletrosul  Utilitários');
INSERT INTO cliente VALUES ('88414541996293','Hoteis Othon');
INSERT INTO cliente VALUES ('72621723368485','Water Pumps');
INSERT INTO cliente VALUES ('71976443342925','Itautec  Tecnologia');
INSERT INTO cliente VALUES ('81212644861999','TRIP Linhas');
INSERT INTO cliente VALUES ('73852886862386','Golden Cross');
INSERT INTO cliente VALUES ('28766958545464','Panapaná Bijuterias');
INSERT INTO cliente VALUES ('89263893748932','Lojas Riachuelo');
INSERT INTO cliente VALUES ('84699268774221','Azaleia  Vestuário');
INSERT INTO cliente VALUES ('55378742168695','EBX  Conglomerado');
INSERT INTO cliente VALUES ('27114556156584','Intelbras  Tecnologia');
INSERT INTO cliente VALUES ('88926726832887','Bobs  Restaurantes');
INSERT INTO cliente VALUES ('25554944881328','Light  Utilitários');
INSERT INTO cliente VALUES ('13724245351446','Rede Globo');
INSERT INTO cliente VALUES ('92787817882672','Brasil Foods');
INSERT INTO cliente VALUES ('98716187522429','Arezzo  Vestuário,');
INSERT INTO cliente VALUES ('41552616949716','Lojas Americanas');
INSERT INTO cliente VALUES ('91542823937162','Banco do');
INSERT INTO cliente VALUES ('76757927886975','Nacional Soft');
INSERT INTO cliente VALUES ('44823932263754','AmBev  Bebidas');
INSERT INTO cliente VALUES ('24176416359664','Itau Unibanco');
INSERT INTO cliente VALUES ('91188946933911','Ultrapar  Energia');
INSERT INTO cliente VALUES ('92377984157279','OceanAir  Companhia');
INSERT INTO cliente VALUES ('39379491992678','Localiza  Aluguel');
INSERT INTO cliente VALUES ('69695182494516','M. Dias');
INSERT INTO cliente VALUES ('55732721939964','B2W Varejo');
INSERT INTO cliente VALUES ('17497831993996','Gradiente  Computadores');
INSERT INTO cliente VALUES ('77495395676776','Troller  Fabricantes');
INSERT INTO cliente VALUES ('65791617927713','Votorantim  Papel');
INSERT INTO cliente VALUES ('11525894896461','Grupo Schincariol');
INSERT INTO cliente VALUES ('95314959964584','Garoto  Bebidas');
INSERT INTO cliente VALUES ('66381645527176','Megatube  Software');
INSERT INTO cliente VALUES ('11986395627628','Telequartz  Mineração');
INSERT INTO cliente VALUES ('91719654773748','Eletrobrás  Utilitários');
INSERT INTO cliente VALUES ('42118646327717','Banco BMG');
INSERT INTO cliente VALUES ('91588663955186','DocDigital  Digitalização');
INSERT INTO cliente VALUES ('58565494326243','Universo Online');
INSERT INTO cliente VALUES ('34687397294621','Drogasil  Drogarias');
INSERT INTO cliente VALUES ('43762574972633','TV Cultura');
INSERT INTO cliente VALUES ('54771617765127','Petróleo Ipiranga');
INSERT INTO cliente VALUES ('32881568354895','Transmissão Paulista');
INSERT INTO cliente VALUES ('52325381463199','Rico Linhas');
INSERT INTO cliente VALUES ('66413259692298','Insinuante  Varejo');
INSERT INTO cliente VALUES ('51766217769788','Rede Record');
INSERT INTO cliente VALUES ('32417472442679','Rossi Residencial');
INSERT INTO cliente VALUES ('84512837872262','Grendene  Vestuário,');
INSERT INTO cliente VALUES ('87483917324995','WEG Indústrias');
INSERT INTO cliente VALUES ('29158612799394','Copel  Utilitários');
INSERT INTO cliente VALUES ('68568733496332','RedeTV!  Mídia');
INSERT INTO cliente VALUES ('63776462939215','Total Linhas');
INSERT INTO cliente VALUES ('72112275861189','Companhia  Indústria');
INSERT INTO cliente VALUES ('99738257956382','Grupo Abril');
INSERT INTO cliente VALUES ('97781317373939','Telesp  Telecomunicações');
INSERT INTO cliente VALUES ('31539642216638','Bravox  Computadores');
INSERT INTO cliente VALUES ('88112187332431','Eletrobras Furnas');
INSERT INTO cliente VALUES ('48173358688316','NKF Acessórios');
INSERT INTO cliente VALUES ('87552127325737','Fabral  Fabricantes');
INSERT INTO cliente VALUES ('55828265851163','Banco Bradesco');
INSERT INTO cliente VALUES ('98873783821472','Ricardo Eletro');
INSERT INTO cliente VALUES ('94539534557732','Banrisul  Serviços');
INSERT INTO cliente VALUES ('21367432146699','Companhia  Indústria');
INSERT INTO cliente VALUES ('28528826162553','Embratel  Telecommunicações');
INSERT INTO cliente VALUES ('45917159768931','CCR  Outro');
INSERT INTO cliente VALUES ('44873621434615','Embraer  Aeroespacial');
INSERT INTO cliente VALUES ('54333973867243','Tectoy  Brinquedos');
INSERT INTO cliente VALUES ('86556237411369','Companhia  Indústria');
INSERT INTO cliente VALUES ('99691813678581','Positivo Informática');
INSERT INTO cliente VALUES ('99517884725726','Lojas Amor');
INSERT INTO cliente VALUES ('81463461141835','BTG Pactual');
INSERT INTO cliente VALUES ('66544839646142','Ampla  Utilitários');
INSERT INTO cliente VALUES ('23913725712927','Bompreço  Varejista');
INSERT INTO cliente VALUES ('88627191592623','Scherm  Tecnologia');
INSERT INTO cliente VALUES ('89995824889528','Marcopolo  Fabricantes');
INSERT INTO cliente VALUES ('62538591344933','Metrô Rio');
INSERT INTO cliente VALUES ('54688782584137','Vivo  Telecomunicações');
INSERT INTO cliente VALUES ('66626625935638','Duratex  Metais');
INSERT INTO cliente VALUES ('19847889868299','Camargo Correa');
INSERT INTO cliente VALUES ('75583412717635','Petrobras  Energia');
INSERT INTO cliente VALUES ('76477898853789','Grupo Pão');
INSERT INTO cliente VALUES ('59327788935527','Hypermarcas  Conglomerados');
INSERT INTO cliente VALUES ('39811784442944','Bombril  Produtos');
INSERT INTO cliente VALUES ('64693344829569','Grupo EXBR');
INSERT INTO cliente VALUES ('28623988954177','Itaúsa  Conglomerado');
INSERT INTO cliente VALUES ('71311323295257','AutoBAn  Utilitários');
INSERT INTO cliente VALUES ('95359772867883','Caixa Econômica');
INSERT INTO cliente VALUES ('34122897918734','CPFL  Utilitários');
INSERT INTO cliente VALUES ('99963586428557','WebJet Linhas');
INSERT INTO cliente VALUES ('28388738856557','DERSA  Outro');
INSERT INTO cliente VALUES ('33916844896379','CEG  Utilitários');
INSERT INTO cliente VALUES ('17899793284312','Companhia  Indústria');
INSERT INTO cliente VALUES ('54137397975121','Gafisa  Construção');
INSERT INTO cliente VALUES ('26238783432362','Brasil Telecom');
INSERT INTO cliente VALUES ('28196886954953','Estrela  Brinquedos');
INSERT INTO cliente VALUES ('11112457217538','Gol Transportes');
INSERT INTO cliente VALUES ('32925827749937','Companhia Siderúrgica');
INSERT INTO cliente VALUES ('95233214251894','BM&F Bovespa');
INSERT INTO cliente VALUES ('88473951923117','Banpará  Serviços');
INSERT INTO cliente VALUES ('55855418634395','Grupo Folha');
INSERT INTO fornecedor VALUES ('28877657316458','Nacional Soft');
INSERT INTO fornecedor VALUES ('89937689711651','AmBev  Bebidas');
INSERT INTO fornecedor VALUES ('78454526435479','Itau Unibanco');
INSERT INTO fornecedor VALUES ('21436994841879','Ultrapar  Energia');
INSERT INTO fornecedor VALUES ('83755674698581','OceanAir  Companhia');
INSERT INTO fornecedor VALUES ('65249196532235','Localiza  Aluguel');
INSERT INTO fornecedor VALUES ('48731659959757','M. Dias');
INSERT INTO fornecedor VALUES ('56327963523623','B2W Varejo');
INSERT INTO fornecedor VALUES ('44275515822161','Gradiente  Computadores');
INSERT INTO fornecedor VALUES ('43518343123326','Troller  Fabricantes');
INSERT INTO fornecedor VALUES ('44329841926868','Votorantim  Papel');
INSERT INTO fornecedor VALUES ('57416536723521','Grupo Schincariol');
INSERT INTO fornecedor VALUES ('63942321432162','Garoto  Bebidas');
INSERT INTO fornecedor VALUES ('68799722948579','Megatube  Software');
INSERT INTO fornecedor VALUES ('79726195817937','Telequartz  Mineração');
INSERT INTO fornecedor VALUES ('49548155944589','Eletrobrás  Utilitários');
INSERT INTO fornecedor VALUES ('88267353828123','Banco BMG');
INSERT INTO fornecedor VALUES ('57912634612282','DocDigital  Digitalização');
INSERT INTO fornecedor VALUES ('63263711789328','Universo Online');
INSERT INTO fornecedor VALUES ('17673712114243','Drogasil  Drogarias');
INSERT INTO fornecedor VALUES ('13744922376121','TV Cultura');
INSERT INTO fornecedor VALUES ('27519581186556','Petróleo Ipiranga');
INSERT INTO fornecedor VALUES ('28542893824528','Transmissão Paulista');
INSERT INTO fornecedor VALUES ('31892846956395','Rico Linhas');
INSERT INTO fornecedor VALUES ('31583535646416','Insinuante  Varejo');
INSERT INTO fornecedor VALUES ('13858159882622','Rede Record');
INSERT INTO fornecedor VALUES ('72915664468234','Rossi Residencial');
INSERT INTO fornecedor VALUES ('24892684838944','Grendene  Vestuário,');
INSERT INTO fornecedor VALUES ('81469922822532','WEG Indústrias');
INSERT INTO fornecedor VALUES ('12688859223945','Copel  Utilitários');
INSERT INTO fornecedor VALUES ('68931826397446','RedeTV!  Mídia');
INSERT INTO fornecedor VALUES ('48561267417794','Total Linhas');
INSERT INTO fornecedor VALUES ('99443352843151','Companhia  Indústria');
INSERT INTO fornecedor VALUES ('56756444114214','Grupo Abril');
INSERT INTO fornecedor VALUES ('48456483488493','Telesp  Telecomunicações');
INSERT INTO fornecedor VALUES ('83514637295758','Bravox  Computadores');
INSERT INTO fornecedor VALUES ('68335491474951','Eletrobras Furnas');
INSERT INTO fornecedor VALUES ('54796673574722','NKF Acessórios');
INSERT INTO fornecedor VALUES ('27927972661639','Fabral  Fabricantes');
INSERT INTO fornecedor VALUES ('13623132583611','Banco Bradesco');
INSERT INTO fornecedor VALUES ('29248348439557','Ricardo Eletro');
INSERT INTO fornecedor VALUES ('82529926942364','Banrisul  Serviços');
INSERT INTO fornecedor VALUES ('19886157696946','Companhia  Indústria');
INSERT INTO fornecedor VALUES ('69388859575247','Embratel  Telecommunicações');
INSERT INTO fornecedor VALUES ('13725272821719','CCR  Outro');
INSERT INTO fornecedor VALUES ('45625191389857','Embraer  Aeroespacial');
INSERT INTO fornecedor VALUES ('68838555273434','Tectoy  Brinquedos');
INSERT INTO fornecedor VALUES ('64743551837458','Companhia  Indústria');
INSERT INTO fornecedor VALUES ('24384683576765','Positivo Informática');
INSERT INTO fornecedor VALUES ('38892957235256','Lojas Amor');
INSERT INTO fornecedor VALUES ('29463276543895','BTG Pactual');
INSERT INTO fornecedor VALUES ('58693253681925','Ampla  Utilitários');
INSERT INTO fornecedor VALUES ('56544742131736','Bompreço  Varejista');
INSERT INTO fornecedor VALUES ('69669122877223','Scherm  Tecnologia');
INSERT INTO fornecedor VALUES ('74191842111493','Marcopolo  Fabricantes');
INSERT INTO fornecedor VALUES ('63526331696872','Metrô Rio');
INSERT INTO fornecedor VALUES ('48682639863676','Vivo  Telecomunicações');
INSERT INTO fornecedor VALUES ('46888344334346','Duratex  Metais');
INSERT INTO transportadora VALUES ('28877657316458','Nacional Soft');
INSERT INTO transportadora VALUES ('89937689711651','AmBev  Bebidas');
INSERT INTO transportadora VALUES ('78454526435479','Itau Unibanco');
INSERT INTO transportadora VALUES ('21436994841879','Ultrapar  Energia');
INSERT INTO transportadora VALUES ('83755674698581','OceanAir  Companhia');
INSERT INTO transportadora VALUES ('65249196532235','Localiza  Aluguel');
INSERT INTO transportadora VALUES ('48731659959757','M. Dias');
INSERT INTO transportadora VALUES ('56327963523623','B2W Varejo');
INSERT INTO transportadora VALUES ('44275515822161','Gradiente  Computadores');
INSERT INTO transportadora VALUES ('43518343123326','Troller  Fabricantes');
INSERT INTO transportadora VALUES ('44329841926868','Votorantim  Papel');
INSERT INTO transportadora VALUES ('57416536723521','Grupo Schincariol');
INSERT INTO transportadora VALUES ('63942321432162','Garoto  Bebidas');
INSERT INTO transportadora VALUES ('68799722948579','Megatube  Software');
INSERT INTO transportadora VALUES ('79726195817937','Telequartz  Mineração');
INSERT INTO transportadora VALUES ('49548155944589','Eletrobrás  Utilitários');
INSERT INTO transportadora VALUES ('88267353828123','Banco BMG');
INSERT INTO transportadora VALUES ('57912634612282','DocDigital  Digitalização');
INSERT INTO transportadora VALUES ('63263711789328','Universo Online');
INSERT INTO transportadora VALUES ('17673712114243','Drogasil  Drogarias');
INSERT INTO transportadora VALUES ('13744922376121','TV Cultura');
INSERT INTO transportadora VALUES ('27519581186556','Petróleo Ipiranga');
INSERT INTO transportadora VALUES ('28542893824528','Transmissão Paulista');
INSERT INTO transportadora VALUES ('31892846956395','Rico Linhas');
INSERT INTO transportadora VALUES ('31583535646416','Insinuante  Varejo');
INSERT INTO transportadora VALUES ('13858159882622','Rede Record');
INSERT INTO transportadora VALUES ('72915664468234','Rossi Residencial');
INSERT INTO transportadora VALUES ('24892684838944','Grendene  Vestuário,');
INSERT INTO transportadora VALUES ('81469922822532','WEG Indústrias');
INSERT INTO transportadora VALUES ('12688859223945','Copel  Utilitários');
INSERT INTO transportadora VALUES ('68931826397446','RedeTV!  Mídia');
INSERT INTO transportadora VALUES ('48561267417794','Total Linhas');
INSERT INTO transportadora VALUES ('99443352843151','Companhia  Indústria');
INSERT INTO transportadora VALUES ('56756444114214','Grupo Abril');
INSERT INTO transportadora VALUES ('48456483488493','Telesp  Telecomunicações');
INSERT INTO transportadora VALUES ('83514637295758','Bravox  Computadores');
INSERT INTO transportadora VALUES ('68335491474951','Eletrobras Furnas');
INSERT INTO transportadora VALUES ('54796673574722','NKF Acessórios');
INSERT INTO transportadora VALUES ('27927972661639','Fabral  Fabricantes');
INSERT INTO transportadora VALUES ('13623132583611','Banco Bradesco');
INSERT INTO transportadora VALUES ('29248348439557','Ricardo Eletro');
INSERT INTO transportadora VALUES ('82529926942364','Banrisul  Serviços');
INSERT INTO transportadora VALUES ('19886157696946','Companhia  Indústria');
INSERT INTO transportadora VALUES ('69388859575247','Embratel  Telecommunicações');
INSERT INTO transportadora VALUES ('13725272821719','CCR  Outro');
INSERT INTO transportadora VALUES ('45625191389857','Embraer  Aeroespacial');
INSERT INTO transportadora VALUES ('68838555273434','Tectoy  Brinquedos');
INSERT INTO transportadora VALUES ('64743551837458','Companhia  Indústria');
INSERT INTO transportadora VALUES ('24384683576765','Positivo Informática');
INSERT INTO transportadora VALUES ('38892957235256','Lojas Amor');
INSERT INTO transportadora VALUES ('29463276543895','BTG Pactual');
INSERT INTO transportadora VALUES ('58693253681925','Ampla  Utilitários');
INSERT INTO transportadora VALUES ('56544742131736','Bompreço  Varejista');
INSERT INTO transportadora VALUES ('69669122877223','Scherm  Tecnologia');
INSERT INTO transportadora VALUES ('74191842111493','Marcopolo  Fabricantes');
INSERT INTO transportadora VALUES ('63526331696872','Metrô Rio');
INSERT INTO transportadora VALUES ('48682639863676','Vivo  Telecomunicações');
INSERT INTO transportadora VALUES ('46888344334346','Duratex  Metais');
INSERT INTO transportadora VALUES ('41516128261669','Camargo Correa');
INSERT INTO transportadora VALUES ('53723685669976','Petrobras  Energia');
INSERT INTO transportadora VALUES ('19962692581419','Grupo Pão');
INSERT INTO transportadora VALUES ('35679672264853','Hypermarcas  Conglomerados');
INSERT INTO transportadora VALUES ('24231574155869','Bombril  Produtos');
INSERT INTO transportadora VALUES ('54439861811972','Grupo EXBR');
INSERT INTO transportadora VALUES ('49574361853457','Itaúsa  Conglomerado');
INSERT INTO transportadora VALUES ('51792931612325','AutoBAn  Utilitários');
INSERT INTO transportadora VALUES ('22524345519583','Caixa Econômica');
INSERT INTO transportadora VALUES ('34214778618992','CPFL  Utilitários');
INSERT INTO transportadora VALUES ('61632495247117','WebJet Linhas');
INSERT INTO transportadora VALUES ('62731381895943','DERSA  Outro');
INSERT INTO transportadora VALUES ('94395231751542','CEG  Utilitários');
INSERT INTO transportadora VALUES ('58284477275979','Companhia  Indústria');
INSERT INTO transportadora VALUES ('36446981625597','Gafisa  Construção');
INSERT INTO transportadora VALUES ('65357594558398','Brasil Telecom');
INSERT INTO transportadora VALUES ('99411982161896','Estrela  Brinquedos');
INSERT INTO transportadora VALUES ('17956324111524','Gol Transportes');
INSERT INTO transportadora VALUES ('92575163692737','Companhia Siderúrgica');
INSERT INTO transportadora VALUES ('57625949874985','BM&F Bovespa');
INSERT INTO transportadora VALUES ('42558158186518','Banpará  Serviços');
INSERT INTO transportadora VALUES ('76198632991619','Grupo Folha');
INSERT INTO transportadora VALUES ('99775159383445','Natura  Cuidados');
INSERT INTO transportadora VALUES ('23714352324859','Queiroz Galvão');
INSERT INTO transportadora VALUES ('58873115761266','TAM Airlines');
INSERT INTO transportadora VALUES ('82412468476241','Fibria  Celulose');
INSERT INTO transportadora VALUES ('16881665936184','Itaro  Automotivo');
INSERT INTO transportadora VALUES ('43556969233967','Avibrás  Aeroespacial');
INSERT INTO transportadora VALUES ('49174655199131','Klabin  Papel');
INSERT INTO transportadora VALUES ('86378192443441','Mendes Júnior');
INSERT INTO transportadora VALUES ('37297252476382','MRS Logística');
INSERT INTO transportadora VALUES ('96821629517938','Grupo Guararapes');
INSERT INTO transportadora VALUES ('18563489364663','Pantanal Linhas');
INSERT INTO transportadora VALUES ('31241548349345','Cyrela Brazil');
INSERT INTO transportadora VALUES ('75141574624368','MRV Engenharia');
INSERT INTO transportadora VALUES ('26826975744844','CEMIG  Utilitários');
INSERT INTO transportadora VALUES ('44933371547992','Agrale  Fabricantes');
INSERT INTO transportadora VALUES ('34243828544238','Odebrecht  Construção');
INSERT INTO transportadora VALUES ('69348111289346','Cielo  Serviços');
INSERT INTO transportadora VALUES ('36459225774433','Helibrás  Fabricante');
INSERT INTO transportadora VALUES ('17213678775831','Usiminas  Aço');
INSERT INTO transportadora VALUES ('75823597851661','Gerdau  Aço');
INSERT INTO transportadora VALUES ('93329547999385','Redecard  Serviços');
INSERT INTO transportadora VALUES ('87353353347336','Amil  Seguro');
INSERT INTO transportadora VALUES ('12977989295246','Azul Linhas');
INSERT INTO transportadora VALUES ('27688822943818','Dafra  Motocicletas');
INSERT INTO transportadora VALUES ('74463217198474','Taurus  Armas');
INSERT INTO transportadora VALUES ('36381732592225','Celesc  Utilitários');
INSERT INTO transportadora VALUES ('72182338735442','Acesita  Aço');
INSERT INTO transportadora VALUES ('83121182257373','Banco Mercantil');
INSERT INTO transportadora VALUES ('58479847462371','Britânia Eletrodomésticos');
INSERT INTO transportadora VALUES ('93331848386699','Grupo RBS');
INSERT INTO transportadora VALUES ('92569391696872','Hering  Vestuário,');
INSERT INTO estoque VALUES ('Rua do dublagem, 68, Distrito Federal - DF','18745','7486');
INSERT INTO estoque VALUES ('Rua do interrogacao, 344, Bahia - BA','40908','1938');
INSERT INTO estoque VALUES ('Rua do envergar, 27, Piauí - PI','29390','8929');
INSERT INTO estoque VALUES ('Rua do roseira, 519, São Paulo - SP','36383','9377');
INSERT INTO estoque VALUES ('Rua do mesinha-de-cabeceira, 538, Rio de Janeiro - RJ','28543','2283');
INSERT INTO estoque VALUES ('Rua do descolar, 576, Piauí - PI','19469','575');
INSERT INTO estoque VALUES ('Rua do degradar, 51, Santa Catarina - SC','15021','7173');
INSERT INTO estoque VALUES ('Rua do lacrimal, 273, Alagoas - AL','36310','4764');
INSERT INTO estoque VALUES ('Rua do ri, 891, Alagoas - AL','10854','1504');
INSERT INTO estoque VALUES ('Rua do telegrama, 669, Pernambuco - PE','22141','7748');
INSERT INTO estoque VALUES ('Rua do acrimonioso, 727, Mato Grosso - MT','26714','2359');
INSERT INTO estoque VALUES ('Rua do grinalda, 463, Paraná - PR','22359','6833');
INSERT INTO estoque VALUES ('Rua do aspergir, 877, Espírito Santo - ES','34646','3633');
INSERT INTO estoque VALUES ('Rua do sulino, 892, Pará - PA','25062','8484');
INSERT INTO estoque VALUES ('Rua do calibrador, 160, Rio de Janeiro - RJ','13398','9592');
INSERT INTO estoque VALUES ('Rua do monarca, 203, Alagoas - AL','23663','7818');
INSERT INTO estoque VALUES ('Rua do revirado, 435, Sergipe - SE','15241','3193');
INSERT INTO estoque VALUES ('Rua do moinho, 553, Rio de Janeiro - RJ','23264','2315');
INSERT INTO estoque VALUES ('Rua do cobra, 60, Paraná - PR','28296','1532');
INSERT INTO estoque VALUES ('Rua do aumentados, 826, Pará - PA','32176','586');
INSERT INTO estoque VALUES ('Rua do strip-tease, 283, Rio de Janeiro - RJ','39726','9760');
INSERT INTO estoque VALUES ('Rua do transtorno, 946, Bahia - BA','23341','1085');
INSERT INTO estoque VALUES ('Rua do centopeia, 272, Acre - AC','22732','8464');
INSERT INTO estoque VALUES ('Rua do sinistro, 873, Roraima - RR','34062','9049');
INSERT INTO estoque VALUES ('Rua do piscar, 214, Santa Catarina - SC','15933','443');
INSERT INTO estoque VALUES ('Rua do primario, 149, Rio Grande do Sul - RS','23698','4646');
INSERT INTO estoque VALUES ('Rua do atolado, 711, Sergipe - SE','22983','621');
INSERT INTO estoque VALUES ('Rua do aparentado, 977, Mato Grosso do Sul - MS','22916','4020');
INSERT INTO estoque VALUES ('Rua do descabelar, 788, Alagoas - AL','11744','6031');
INSERT INTO estoque VALUES ('Rua do sinistrado, 61, Ceará - CE','13312','251');
INSERT INTO estoque VALUES ('Rua do deslizamento, 567, Acre - AC','11431','8544');
INSERT INTO estoque VALUES ('Rua do forcado, 532, Maranhão - MA','27071','7926');
INSERT INTO estoque VALUES ('Rua do proximo, 6, Piauí - PI','20848','8091');
INSERT INTO estoque VALUES ('Rua do constar, 226, Goiás - GO','25869','6717');
INSERT INTO lote_insumo VALUES ('46933','01/01/2000','50');
INSERT INTO lote_insumo VALUES ('15160','01/03/2003','102');
INSERT INTO lote_insumo VALUES ('84305','01/04/2005','30');
INSERT INTO lote_insumo VALUES ('05583','01/04/2015','38');
INSERT INTO lote_insumo VALUES ('50329','01/05/2002','119');
INSERT INTO lote_insumo VALUES ('95616','01/06/2001','80');
INSERT INTO lote_insumo VALUES ('49890','01/07/1995','80');
INSERT INTO lote_insumo VALUES ('11795','01/07/2000','118');
INSERT INTO lote_insumo VALUES ('94761','01/08/2001','84');
INSERT INTO lote_insumo VALUES ('76024','01/08/2009','109');
INSERT INTO lote_insumo VALUES ('20602','01/10/1991','40');
INSERT INTO lote_insumo VALUES ('52655','01/10/1999','55');
INSERT INTO lote_insumo VALUES ('45234','01/10/2001','93');
INSERT INTO lote_insumo VALUES ('96472','01/11/2006','118');
INSERT INTO lote_insumo VALUES ('09671','01/11/2007','32');
INSERT INTO lote_insumo VALUES ('10263','01/13/2008','113');
INSERT INTO lote_insumo VALUES ('73071','01/13/2009','111');
INSERT INTO lote_insumo VALUES ('85320','01/13/2013','62');
INSERT INTO lote_insumo VALUES ('60972','01/14/2007','38');
INSERT INTO lote_insumo VALUES ('45460','01/15/2008','95');
INSERT INTO lote_insumo VALUES ('17511','01/15/2013','73');
INSERT INTO lote_insumo VALUES ('96537','01/16/1991','64');
INSERT INTO lote_insumo VALUES ('58424','01/16/2000','56');
INSERT INTO lote_insumo VALUES ('64342','01/17/2010','40');
INSERT INTO lote_insumo VALUES ('08971','01/17/2015','51');
INSERT INTO lote_insumo VALUES ('04539','01/18/1990','87');
INSERT INTO lote_insumo VALUES ('71104','01/18/2001','83');
INSERT INTO lote_insumo VALUES ('20690','01/18/2013','40');
INSERT INTO lote_insumo VALUES ('36942','01/20/2000','97');
INSERT INTO lote_insumo VALUES ('86036','01/20/2014','103');
INSERT INTO lote_insumo VALUES ('44655','01/23/1998','55');
INSERT INTO lote_insumo VALUES ('28192','01/23/2004','46');
INSERT INTO lote_insumo VALUES ('34196','01/23/2013','88');
INSERT INTO lote_insumo VALUES ('72596','01/24/1995','47');
INSERT INTO lote_insumo VALUES ('33718','01/24/2004','62');
INSERT INTO lote_insumo VALUES ('83912','01/25/2006','92');
INSERT INTO lote_insumo VALUES ('99507','01/25/2012','105');
INSERT INTO lote_insumo VALUES ('39197','01/27/1994','33');
INSERT INTO lote_insumo VALUES ('79115','01/27/2011','31');
INSERT INTO lote_insumo VALUES ('56333','01/29/2003','56');
INSERT INTO lote_insumo VALUES ('89806','01/29/2011','119');
INSERT INTO lote_insumo VALUES ('22003','02/01/1996','45');
INSERT INTO lote_insumo VALUES ('10702','02/02/2002','110');
INSERT INTO lote_insumo VALUES ('88756','02/02/2003','116');
INSERT INTO lote_insumo VALUES ('25618','02/05/1999','50');
INSERT INTO lote_insumo VALUES ('21123','02/05/2006','98');
INSERT INTO lote_insumo VALUES ('92195','02/09/2005','102');
INSERT INTO lote_insumo VALUES ('19011','02/09/2007','82');
INSERT INTO lote_insumo VALUES ('68334','02/09/2014','83');
INSERT INTO lote_insumo VALUES ('67659','02/10/1995','119');
INSERT INTO lote_insumo VALUES ('99768','02/10/2000','75');
INSERT INTO lote_insumo VALUES ('94814','02/11/1993','49');
INSERT INTO lote_insumo VALUES ('54989','02/11/2005','115');
INSERT INTO lote_insumo VALUES ('96885','02/12/2005','36');
INSERT INTO lote_insumo VALUES ('29557','02/13/2004','38');
INSERT INTO lote_insumo VALUES ('70139','02/15/2000','113');
INSERT INTO lote_insumo VALUES ('26944','02/15/2002','57');
INSERT INTO lote_insumo VALUES ('66157','02/15/2012','78');
INSERT INTO lote_insumo VALUES ('37709','02/17/1991','116');
INSERT INTO lote_insumo VALUES ('73935','02/17/1999','41');
INSERT INTO lote_insumo VALUES ('08098','02/17/2011','96');
INSERT INTO lote_insumo VALUES ('94684','02/17/2013','94');
INSERT INTO lote_insumo VALUES ('90972','02/19/1990','88');
INSERT INTO lote_insumo VALUES ('62561','02/20/1997','51');
INSERT INTO lote_insumo VALUES ('36099','02/20/1999','68');
INSERT INTO lote_insumo VALUES ('29649','02/20/2006','57');
INSERT INTO lote_insumo VALUES ('47137','02/20/2009','35');
INSERT INTO lote_insumo VALUES ('50402','02/22/2002','98');
INSERT INTO lote_insumo VALUES ('60411','02/22/2004','76');
INSERT INTO lote_insumo VALUES ('42806','02/23/1993','48');
INSERT INTO lote_insumo VALUES ('26379','02/23/2012','70');
INSERT INTO lote_insumo VALUES ('36042','02/24/2014','66');
INSERT INTO lote_insumo VALUES ('33995','02/25/1999','54');
INSERT INTO lote_insumo VALUES ('97089','02/26/1992','116');
INSERT INTO lote_insumo VALUES ('30540','02/26/1995','90');
INSERT INTO lote_insumo VALUES ('02111','02/27/2004','84');
INSERT INTO lote_insumo VALUES ('72692','02/28/2007','55');
INSERT INTO lote_insumo VALUES ('80983','02/28/2015','119');
INSERT INTO lote_insumo VALUES ('70619','02/29/2002','36');
INSERT INTO lote_insumo VALUES ('76867','02/29/2005','73');
INSERT INTO lote_insumo VALUES ('26763','02/29/2009','114');
INSERT INTO lote_insumo VALUES ('05024','03/01/1997','93');
INSERT INTO lote_insumo VALUES ('31859','03/02/1990','84');
INSERT INTO lote_insumo VALUES ('21029','03/02/2010','109');
INSERT INTO lote_insumo VALUES ('60003','03/04/2015','66');
INSERT INTO lote_insumo VALUES ('20046','03/08/1997','101');
INSERT INTO lote_insumo VALUES ('11163','03/08/2006','63');
INSERT INTO lote_insumo VALUES ('51700','03/09/1994','32');
INSERT INTO lote_insumo VALUES ('01873','03/09/1995','77');
INSERT INTO lote_insumo VALUES ('81413','03/09/2013','63');
INSERT INTO lote_insumo VALUES ('53337','03/10/1996','87');
INSERT INTO lote_insumo VALUES ('95522','03/11/2003','39');
INSERT INTO lote_insumo VALUES ('21592','03/11/2007','74');
INSERT INTO lote_insumo VALUES ('80655','03/13/1994','66');
INSERT INTO lote_insumo VALUES ('65453','03/13/1997','98');
INSERT INTO lote_insumo VALUES ('28916','03/13/2010','50');
INSERT INTO lote_insumo VALUES ('50194','03/15/2015','63');
INSERT INTO lote_insumo VALUES ('28286','03/16/1993','76');
INSERT INTO lote_insumo VALUES ('54347','03/16/2004','103');
INSERT INTO lote_insumo VALUES ('79405','03/18/1990','59');
INSERT INTO insumo VALUES ('123395020131','46933','1919','Nelore','28877657316458','01/01/2000');
INSERT INTO insumo VALUES ('173362733792','15160','4831','Holandesa','89937689711651','01/03/2003');
INSERT INTO insumo VALUES ('613177568382','84305','4872','Pastoreira','78454526435479','01/04/2005');
INSERT INTO insumo VALUES ('565226371754','05583','1901','Mimosa','21436994841879','01/04/2015');
INSERT INTO insumo VALUES ('970186961151','50329','882','Branquinha','83755674698581','01/05/2002');
INSERT INTO insumo VALUES ('703216920322','95616','1231','Manchada','65249196532235','01/06/2001');
INSERT INTO insumo VALUES ('569698751396','49890','3000','Nelore','48731659959757','01/07/1995');
INSERT INTO insumo VALUES ('119494362412','11795','1084','Holandesa','56327963523623','01/07/2000');
INSERT INTO insumo VALUES ('560283504066','94761','548','Pastoreira','44275515822161','01/08/2001');
INSERT INTO insumo VALUES ('708365223979','76024','4974','Mimosa','43518343123326','01/08/2009');
INSERT INTO insumo VALUES ('421630037249','20602','3295','Branquinha','44329841926868','01/10/1991');
INSERT INTO insumo VALUES ('422353395317','52655','2983','Manchada','57416536723521','01/10/1999');
INSERT INTO insumo VALUES ('508208124066','45234','1757','Nelore','63942321432162','01/10/2001');
INSERT INTO insumo VALUES ('802092980425','96472','4336','Holandesa','68799722948579','01/11/2006');
INSERT INTO insumo VALUES ('460023122757','09671','2067','Pastoreira','79726195817937','01/11/2007');
INSERT INTO insumo VALUES ('254726388550','10263','1226','Mimosa','49548155944589','01/13/2008');
INSERT INTO insumo VALUES ('583504510611','73071','1852','Branquinha','88267353828123','01/13/2009');
INSERT INTO insumo VALUES ('127581767704','85320','782','Manchada','57912634612282','01/13/2013');
INSERT INTO insumo VALUES ('959387665353','60972','4324','Nelore','63263711789328','01/14/2007');
INSERT INTO insumo VALUES ('967828586488','45460','4837','Holandesa','17673712114243','01/15/2008');
INSERT INTO insumo VALUES ('835024201344','17511','3929','Pastoreira','13744922376121','01/15/2013');
INSERT INTO insumo VALUES ('337287883046','96537','4773','Mimosa','27519581186556','01/16/1991');
INSERT INTO insumo VALUES ('701283105362','58424','2778','Branquinha','28542893824528','01/16/2000');
INSERT INTO insumo VALUES ('850795457328','64342','2504','Manchada','31892846956395','01/17/2010');
INSERT INTO insumo VALUES ('405965062296','08971','2819','Nelore','31583535646416','01/17/2015');
INSERT INTO insumo VALUES ('197745266857','04539','4061','Holandesa','13858159882622','01/18/1990');
INSERT INTO insumo VALUES ('968582488513','71104','1750','Pastoreira','72915664468234','01/18/2001');
INSERT INTO insumo VALUES ('678129794100','20690','1127','Mimosa','24892684838944','01/18/2013');
INSERT INTO insumo VALUES ('227998122432','36942','1215','Branquinha','81469922822532','01/20/2000');
INSERT INTO insumo VALUES ('116790831016','86036','146','Manchada','12688859223945','01/20/2014');
INSERT INTO insumo VALUES ('512376567926','44655','4404','Nelore','68931826397446','01/23/1998');
INSERT INTO insumo VALUES ('130186197765','28192','377','Holandesa','48561267417794','01/23/2004');
INSERT INTO insumo VALUES ('599763904054','34196','4313','Pastoreira','99443352843151','01/23/2013');
INSERT INTO insumo VALUES ('626360144423','72596','322','Mimosa','56756444114214','01/24/1995');
INSERT INTO insumo VALUES ('473264176345','33718','2821','Branquinha','48456483488493','01/24/2004');
INSERT INTO insumo VALUES ('455389350874','83912','1620','Manchada','83514637295758','01/25/2006');
INSERT INTO insumo VALUES ('222630691321','99507','2756','Nelore','68335491474951','01/25/2012');
INSERT INTO insumo VALUES ('142009900801','39197','1877','Holandesa','54796673574722','01/27/1994');
INSERT INTO insumo VALUES ('252611488438','79115','1911','Pastoreira','27927972661639','01/27/2011');
INSERT INTO insumo VALUES ('844837714642','56333','1928','Mimosa','13623132583611','01/29/2003');
INSERT INTO insumo VALUES ('169531053248','89806','4883','Branquinha','29248348439557','01/29/2011');
INSERT INTO insumo VALUES ('450399968864','22003','4401','Manchada','82529926942364','02/01/1996');
INSERT INTO insumo VALUES ('045737892604','10702','1956','Nelore','19886157696946','02/02/2002');
INSERT INTO insumo VALUES ('639873218154','88756','2316','Holandesa','69388859575247','02/02/2003');
INSERT INTO insumo VALUES ('548206583692','25618','1430','Pastoreira','13725272821719','02/05/1999');
INSERT INTO insumo VALUES ('558879025756','21123','2568','Mimosa','45625191389857','02/05/2006');
INSERT INTO insumo VALUES ('283496521382','92195','2044','Branquinha','68838555273434','02/09/2005');
INSERT INTO insumo VALUES ('986906417370','19011','1966','Manchada','64743551837458','02/09/2007');
INSERT INTO insumo VALUES ('125557443932','68334','4757','Nelore','24384683576765','02/09/2014');
INSERT INTO insumo VALUES ('393687739582','67659','3932','Holandesa','38892957235256','02/10/1995');
INSERT INTO insumo VALUES ('738307210329','99768','2598','Pastoreira','29463276543895','02/10/2000');
INSERT INTO insumo VALUES ('842433728868','94814','5027','Mimosa','58693253681925','02/11/1993');
INSERT INTO insumo VALUES ('594750475076','54989','4602','Branquinha','56544742131736','02/11/2005');
INSERT INTO insumo VALUES ('808443830492','96885','3538','Manchada','69669122877223','02/12/2005');
INSERT INTO insumo VALUES ('420412637072','29557','1231','Nelore','74191842111493','02/13/2004');
INSERT INTO insumo VALUES ('555205960499','70139','3509','Holandesa','63526331696872','02/15/2000');
INSERT INTO insumo VALUES ('419034817993','26944','1259','Pastoreira','48682639863676','02/15/2002');
INSERT INTO insumo VALUES ('317820334977','66157','4451','Mimosa','46888344334346','02/15/2012');
INSERT INTO insumo VALUES ('353803266713','37709','543','Branquinha','68931826397446','02/17/1991');
INSERT INTO insumo VALUES ('672865463054','73935','233','Manchada','63526331696872','02/17/1999');
INSERT INTO insumo VALUES ('425237802204','08098','2042','Nelore','68931826397446','02/17/2011');
INSERT INTO insumo VALUES ('247426899304','94684','1008','Holandesa','81469922822532','02/17/2013');
INSERT INTO insumo VALUES ('269725286671','90972','547','Pastoreira','83755674698581','02/19/1990');
INSERT INTO insumo VALUES ('029581714714','62561','333','Mimosa','44275515822161','02/20/1997');
INSERT INTO insumo VALUES ('668571763068','36099','1367','Branquinha','49548155944589','02/20/1999');
INSERT INTO insumo VALUES ('618327268889','29649','438','Manchada','43518343123326','02/20/2006');
INSERT INTO insumo VALUES ('710500354247','47137','3119','Nelore','63942321432162','02/20/2009');
INSERT INTO insumo VALUES ('794525453582','50402','3642','Holandesa','43518343123326','02/22/2002');
INSERT INTO insumo VALUES ('859067177208','60411','2574','Pastoreira','19886157696946','02/22/2004');
INSERT INTO insumo VALUES ('884892631737','42806','760','Mimosa','28542893824528','02/23/1993');
INSERT INTO insumo VALUES ('904671073595','26379','4326','Branquinha','48731659959757','02/23/2012');
INSERT INTO insumo VALUES ('819858934462','36042','1446','Manchada','57912634612282','02/24/2014');
INSERT INTO insumo VALUES ('972018498440','33995','4315','Nelore','68335491474951','02/25/1999');
INSERT INTO insumo VALUES ('372159246223','97089','1758','Holandesa','31583535646416','02/26/1992');
INSERT INTO insumo VALUES ('527670794889','30540','4726','Pastoreira','43518343123326','02/26/1995');
INSERT INTO insumo VALUES ('550495606888','02111','2016','Mimosa','99443352843151','02/27/2004');
INSERT INTO insumo VALUES ('593915047375','72692','1362','Branquinha','64743551837458','02/28/2007');
INSERT INTO insumo VALUES ('663830135521','80983','1234','Manchada','38892957235256','02/28/2015');
INSERT INTO insumo VALUES ('050809215786','70619','2068','Nelore','83755674698581','02/29/2002');
INSERT INTO insumo VALUES ('501631362216','76867','2944','Holandesa','43518343123326','02/29/2005');
INSERT INTO insumo VALUES ('303987762285','26763','4280','Pastoreira','99443352843151','02/29/2009');
INSERT INTO insumo VALUES ('028092070187','05024','2095','Mimosa','48561267417794','03/01/1997');
INSERT INTO insumo VALUES ('422297560916','31859','1147','Branquinha','13623132583611','03/02/1990');
INSERT INTO insumo VALUES ('279585007381','21029','2498','Manchada','45625191389857','03/02/2010');
INSERT INTO insumo VALUES ('987503387385','60003','1557','Nelore','69669122877223','03/04/2015');
INSERT INTO insumo VALUES ('124958057276','20046','4175','Holandesa','68335491474951','03/08/1997');
INSERT INTO insumo VALUES ('402718934103','11163','4851','Pastoreira','19886157696946','03/08/2006');
INSERT INTO insumo VALUES ('277445017888','51700','3351','Mimosa','78454526435479','03/09/1994');
INSERT INTO insumo VALUES ('911842825291','01873','2841','Branquinha','13623132583611','03/09/1995');
INSERT INTO insumo VALUES ('447836188977','81413','4971','Manchada','88267353828123','03/09/2013');
INSERT INTO insumo VALUES ('524088486230','53337','2078','Nelore','13623132583611','03/10/1996');
INSERT INTO insumo VALUES ('136945546620','95522','3533','Holandesa','19886157696946','03/11/2003');
INSERT INTO insumo VALUES ('146975989887','21592','1787','Pastoreira','13744922376121','03/11/2007');
INSERT INTO insumo VALUES ('791413146437','80655','2288','Mimosa','45625191389857','03/13/1994');
INSERT INTO insumo VALUES ('507565146526','65453','2307','Branquinha','21436994841879','03/13/1997');
INSERT INTO insumo VALUES ('757504843937','28916','2410','Manchada','17673712114243','03/13/2010');
INSERT INTO insumo VALUES ('999248478731','50194','3813','Nelore','65249196532235','03/15/2015');
INSERT INTO insumo VALUES ('648430142636','28286','3321','Holandesa','69669122877223','03/16/1993');
INSERT INTO insumo VALUES ('649464834010','54347','1533','Pastoreira','57912634612282','03/16/2004');
INSERT INTO insumo VALUES ('273222812678','79405','5060','Mimosa','49548155944589','03/18/1990');
INSERT INTO preco_leite_uht VALUES ('1919','.028');
INSERT INTO preco_leite_uht VALUES ('4831','.355');
INSERT INTO preco_leite_uht VALUES ('4872','.410');
INSERT INTO preco_leite_uht VALUES ('1901','.806');
INSERT INTO preco_leite_uht VALUES ('882','.527');
INSERT INTO preco_leite_uht VALUES ('1231','.371');
INSERT INTO preco_leite_uht VALUES ('3000','.299');
INSERT INTO preco_leite_uht VALUES ('1084','.301');
INSERT INTO preco_leite_uht VALUES ('548','.895');
INSERT INTO preco_leite_uht VALUES ('4974','.498');
INSERT INTO preco_leite_uht VALUES ('3295','.269');
INSERT INTO preco_leite_uht VALUES ('2983','.293');
INSERT INTO preco_leite_uht VALUES ('1757','.298');
INSERT INTO preco_leite_uht VALUES ('4336','.364');
INSERT INTO preco_leite_uht VALUES ('2067','.482');
INSERT INTO preco_leite_uht VALUES ('1226','.041');
INSERT INTO preco_leite_uht VALUES ('1852','.975');
INSERT INTO preco_leite_uht VALUES ('782','.859');
INSERT INTO preco_leite_uht VALUES ('4324','.931');
INSERT INTO preco_leite_uht VALUES ('4837','.529');
INSERT INTO preco_leite_uht VALUES ('3929','.935');
INSERT INTO lote_leite_uht VALUES ('46933','01/01/2000','50','A');
INSERT INTO lote_leite_uht VALUES ('15160','01/03/2003','102','B');
INSERT INTO lote_leite_uht VALUES ('84305','01/04/2005','30','C');
INSERT INTO lote_leite_uht VALUES ('05583','01/04/2015','38','D');
INSERT INTO lote_leite_uht VALUES ('50329','01/05/2002','119','E');
INSERT INTO lote_leite_uht VALUES ('95616','01/06/2001','80','A');
INSERT INTO lote_leite_uht VALUES ('49890','01/07/1995','80','B');
INSERT INTO lote_leite_uht VALUES ('11795','01/07/2000','118','C');
INSERT INTO lote_leite_uht VALUES ('94761','01/08/2001','84','D');
INSERT INTO lote_leite_uht VALUES ('76024','01/08/2009','109','E');
INSERT INTO lote_leite_uht VALUES ('20602','01/10/1991','40','A');
INSERT INTO lote_leite_uht VALUES ('52655','01/10/1999','55','B');
INSERT INTO lote_leite_uht VALUES ('45234','01/10/2001','93','C');
INSERT INTO lote_leite_uht VALUES ('96472','01/11/2006','118','D');
INSERT INTO lote_leite_uht VALUES ('09671','01/11/2007','32','E');
INSERT INTO lote_leite_uht VALUES ('10263','01/13/2008','113','A');
INSERT INTO lote_leite_uht VALUES ('73071','01/13/2009','111','B');
INSERT INTO lote_leite_uht VALUES ('85320','01/13/2013','62','C');
INSERT INTO lote_leite_uht VALUES ('60972','01/14/2007','38','D');
INSERT INTO lote_leite_uht VALUES ('45460','01/15/2008','95','E');
INSERT INTO lote_leite_uht VALUES ('17511','01/15/2013','73','A');
INSERT INTO lote_leite_uht VALUES ('96537','01/16/1991','64','B');
INSERT INTO lote_leite_uht VALUES ('58424','01/16/2000','56','C');
INSERT INTO lote_leite_uht VALUES ('64342','01/17/2010','40','D');
INSERT INTO lote_leite_uht VALUES ('08971','01/17/2015','51','E');
INSERT INTO lote_leite_uht VALUES ('04539','01/18/1990','87','A');
INSERT INTO lote_leite_uht VALUES ('71104','01/18/2001','83','B');
INSERT INTO lote_leite_uht VALUES ('20690','01/18/2013','40','C');
INSERT INTO lote_leite_uht VALUES ('36942','01/20/2000','97','D');
INSERT INTO lote_leite_uht VALUES ('86036','01/20/2014','103','E');
INSERT INTO lote_leite_uht VALUES ('44655','01/23/1998','55','A');
INSERT INTO lote_leite_uht VALUES ('28192','01/23/2004','46','B');
INSERT INTO lote_leite_uht VALUES ('34196','01/23/2013','88','C');
INSERT INTO lote_leite_uht VALUES ('72596','01/24/1995','47','D');
INSERT INTO lote_leite_uht VALUES ('33718','01/24/2004','62','E');
INSERT INTO lote_leite_uht VALUES ('83912','01/25/2006','92','A');
INSERT INTO lote_leite_uht VALUES ('99507','01/25/2012','105','B');
INSERT INTO lote_leite_uht VALUES ('39197','01/27/1994','33','C');
INSERT INTO lote_leite_uht VALUES ('79115','01/27/2011','31','D');
INSERT INTO lote_leite_uht VALUES ('56333','01/29/2003','56','E');
INSERT INTO lote_leite_uht VALUES ('89806','01/29/2011','119','A');
INSERT INTO lote_leite_uht VALUES ('22003','02/01/1996','45','B');
INSERT INTO lote_leite_uht VALUES ('10702','02/02/2002','110','C');
INSERT INTO lote_leite_uht VALUES ('88756','02/02/2003','116','D');
INSERT INTO lote_leite_uht VALUES ('25618','02/05/1999','50','E');
INSERT INTO lote_leite_uht VALUES ('21123','02/05/2006','98','A');
INSERT INTO lote_leite_uht VALUES ('92195','02/09/2005','102','B');
INSERT INTO lote_leite_uht VALUES ('19011','02/09/2007','82','C');
INSERT INTO lote_leite_uht VALUES ('68334','02/09/2014','83','D');
INSERT INTO lote_leite_uht VALUES ('67659','02/10/1995','119','E');
INSERT INTO lote_leite_uht VALUES ('99768','02/10/2000','75','A');
INSERT INTO lote_leite_uht VALUES ('94814','02/11/1993','49','B');
INSERT INTO lote_leite_uht VALUES ('54989','02/11/2005','115','C');
INSERT INTO lote_leite_uht VALUES ('96885','02/12/2005','36','D');
INSERT INTO lote_leite_uht VALUES ('29557','02/13/2004','38','E');
INSERT INTO lote_leite_uht VALUES ('70139','02/15/2000','113','A');
INSERT INTO lote_leite_uht VALUES ('26944','02/15/2002','57','B');
INSERT INTO lote_leite_uht VALUES ('66157','02/15/2012','78','C');
INSERT INTO lote_leite_uht VALUES ('37709','02/17/1991','116','D');
INSERT INTO lote_leite_uht VALUES ('73935','02/17/1999','41','E');
INSERT INTO lote_leite_uht VALUES ('08098','02/17/2011','96','A');
INSERT INTO lote_leite_uht VALUES ('94684','02/17/2013','94','B');
INSERT INTO lote_leite_uht VALUES ('90972','02/19/1990','88','C');
INSERT INTO lote_leite_uht VALUES ('62561','02/20/1997','51','D');
INSERT INTO lote_leite_uht VALUES ('36099','02/20/1999','68','E');
INSERT INTO lote_leite_uht VALUES ('29649','02/20/2006','57','A');
INSERT INTO lote_leite_uht VALUES ('47137','02/20/2009','35','B');
INSERT INTO lote_leite_uht VALUES ('50402','02/22/2002','98','C');
INSERT INTO lote_leite_uht VALUES ('60411','02/22/2004','76','D');
INSERT INTO lote_leite_uht VALUES ('42806','02/23/1993','48','E');
INSERT INTO lote_leite_uht VALUES ('26379','02/23/2012','70','A');
INSERT INTO lote_leite_uht VALUES ('36042','02/24/2014','66','B');
INSERT INTO lote_leite_uht VALUES ('33995','02/25/1999','54','C');
INSERT INTO lote_leite_uht VALUES ('97089','02/26/1992','116','D');
INSERT INTO lote_leite_uht VALUES ('30540','02/26/1995','90','E');
INSERT INTO lote_leite_uht VALUES ('02111','02/27/2004','84','A');
INSERT INTO lote_leite_uht VALUES ('72692','02/28/2007','55','B');
INSERT INTO lote_leite_uht VALUES ('80983','02/28/2015','119','C');
INSERT INTO lote_leite_uht VALUES ('70619','02/29/2002','36','D');
INSERT INTO lote_leite_uht VALUES ('76867','02/29/2005','73','E');
INSERT INTO lote_leite_uht VALUES ('26763','02/29/2009','114','A');
INSERT INTO lote_leite_uht VALUES ('05024','03/01/1997','93','B');
INSERT INTO lote_leite_uht VALUES ('31859','03/02/1990','84','C');
INSERT INTO lote_leite_uht VALUES ('21029','03/02/2010','109','D');
INSERT INTO lote_leite_uht VALUES ('60003','03/04/2015','66','E');
INSERT INTO lote_leite_uht VALUES ('20046','03/08/1997','101','A');
INSERT INTO lote_leite_uht VALUES ('11163','03/08/2006','63','B');
INSERT INTO lote_leite_uht VALUES ('51700','03/09/1994','32','C');
INSERT INTO lote_leite_uht VALUES ('01873','03/09/1995','77','D');
INSERT INTO lote_leite_uht VALUES ('81413','03/09/2013','63','E');
INSERT INTO lote_leite_uht VALUES ('53337','03/10/1996','87','A');
INSERT INTO lote_leite_uht VALUES ('95522','03/11/2003','39','B');
INSERT INTO lote_leite_uht VALUES ('21592','03/11/2007','74','C');
INSERT INTO lote_leite_uht VALUES ('80655','03/13/1994','66','D');
INSERT INTO lote_leite_uht VALUES ('65453','03/13/1997','98','E');
INSERT INTO lote_leite_uht VALUES ('28916','03/13/2010','50','A');
INSERT INTO lote_leite_uht VALUES ('50194','03/15/2015','63','B');
INSERT INTO lote_leite_uht VALUES ('28286','03/16/1993','76','C');
INSERT INTO lote_leite_uht VALUES ('54347','03/16/2004','103','D');
INSERT INTO lote_leite_uht VALUES ('79405','03/18/1990','59','E');
INSERT INTO lote_leite_uht VALUES ('36813','03/19/1999','37','A');
INSERT INTO lote_leite_uht VALUES ('93247','03/19/2002','119','B');
INSERT INTO lote_leite_uht VALUES ('70298','03/19/2005','93','C');
INSERT INTO lote_leite_uht VALUES ('69798','03/21/1998','96','D');
INSERT INTO lote_leite_uht VALUES ('28920','03/21/2009','31','E');
INSERT INTO lote_leite_uht VALUES ('04308','03/23/2009','40','A');
INSERT INTO lote_leite_uht VALUES ('03737','03/24/1996','90','B');
INSERT INTO lote_leite_uht VALUES ('10266','03/24/1999','43','C');
INSERT INTO lote_leite_uht VALUES ('19704','03/25/1995','102','D');
INSERT INTO lote_leite_uht VALUES ('71869','03/27/1998','30','E');
INSERT INTO lote_leite_uht VALUES ('25814','03/27/2000','106','A');
INSERT INTO lote_leite_uht VALUES ('33688','03/28/1997','106','B');
INSERT INTO lote_leite_uht VALUES ('71490','03/28/2001','98','C');
INSERT INTO lote_leite_uht VALUES ('01993','03/28/2012','81','D');
INSERT INTO lote_leite_uht VALUES ('13596','03/29/2008','108','E');
INSERT INTO lote_leite_uht VALUES ('76563','03/29/2011','84','A');
INSERT INTO lote_leite_uht VALUES ('48294','04/01/1992','30','B');
INSERT INTO lote_leite_uht VALUES ('80366','04/02/1993','67','C');
INSERT INTO lote_leite_uht VALUES ('38503','04/02/1994','77','D');
INSERT INTO lote_leite_uht VALUES ('43547','04/02/2008','89','E');
INSERT INTO lote_leite_uht VALUES ('07958','04/03/1999','74','A');
INSERT INTO leite_uht VALUES ('123395020131','46933','Rua do dublagem, 68, Distrito Federal - DF','1919','28877657316458','28877657316458','01/01/2000');
INSERT INTO leite_uht VALUES ('173362733792','15160','Rua do interrogacao, 344, Bahia - BA','4831','89937689711651','89937689711651','01/03/2003');
INSERT INTO leite_uht VALUES ('613177568382','84305','Rua do envergar, 27, Piauí - PI','4872','78454526435479','78454526435479','01/04/2005');
INSERT INTO leite_uht VALUES ('565226371754','05583','Rua do roseira, 519, São Paulo - SP','1901','21436994841879','21436994841879','01/04/2015');
INSERT INTO leite_uht VALUES ('970186961151','50329','Rua do mesinha-de-cabeceira, 538, Rio de Janeiro - RJ','882','83755674698581','83755674698581','01/05/2002');
INSERT INTO leite_uht VALUES ('703216920322','95616','Rua do descolar, 576, Piauí - PI','1231','65249196532235','65249196532235','01/06/2001');
INSERT INTO leite_uht VALUES ('569698751396','49890','Rua do degradar, 51, Santa Catarina - SC','3000','48731659959757','48731659959757','01/07/1995');
INSERT INTO leite_uht VALUES ('119494362412','11795','Rua do lacrimal, 273, Alagoas - AL','1084','56327963523623','56327963523623','01/07/2000');
INSERT INTO leite_uht VALUES ('560283504066','94761','Rua do ri, 891, Alagoas - AL','548','44275515822161','44275515822161','01/08/2001');
INSERT INTO leite_uht VALUES ('708365223979','76024','Rua do telegrama, 669, Pernambuco - PE','4974','43518343123326','43518343123326','01/08/2009');
INSERT INTO leite_uht VALUES ('421630037249','20602','Rua do acrimonioso, 727, Mato Grosso - MT','3295','44329841926868','44329841926868','01/10/1991');
INSERT INTO leite_uht VALUES ('422353395317','52655','Rua do grinalda, 463, Paraná - PR','2983','57416536723521','57416536723521','01/10/1999');
INSERT INTO leite_uht VALUES ('508208124066','45234','Rua do aspergir, 877, Espírito Santo - ES','1757','63942321432162','63942321432162','01/10/2001');
INSERT INTO leite_uht VALUES ('802092980425','96472','Rua do sulino, 892, Pará - PA','4336','68799722948579','68799722948579','01/11/2006');
INSERT INTO leite_uht VALUES ('460023122757','09671','Rua do calibrador, 160, Rio de Janeiro - RJ','2067','79726195817937','79726195817937','01/11/2007');
INSERT INTO leite_uht VALUES ('254726388550','10263','Rua do monarca, 203, Alagoas - AL','1226','49548155944589','49548155944589','01/13/2008');
INSERT INTO leite_uht VALUES ('583504510611','73071','Rua do revirado, 435, Sergipe - SE','1852','88267353828123','88267353828123','01/13/2009');
INSERT INTO leite_uht VALUES ('127581767704','85320','Rua do moinho, 553, Rio de Janeiro - RJ','782','57912634612282','57912634612282','01/13/2013');
INSERT INTO leite_uht VALUES ('959387665353','60972','Rua do cobra, 60, Paraná - PR','4324','63263711789328','63263711789328','01/14/2007');
INSERT INTO leite_uht VALUES ('967828586488','45460','Rua do aumentados, 826, Pará - PA','4837','17673712114243','17673712114243','01/15/2008');
INSERT INTO leite_uht VALUES ('835024201344','17511','Rua do strip-tease, 283, Rio de Janeiro - RJ','3929','13744922376121','13744922376121','01/15/2013');
INSERT INTO leite_uht VALUES ('337287883046','96537','Rua do transtorno, 946, Bahia - BA','3295','27519581186556','27519581186556','01/16/1991');
INSERT INTO leite_uht VALUES ('701283105362','58424','Rua do centopeia, 272, Acre - AC','882','28542893824528','28542893824528','01/16/2000');
INSERT INTO leite_uht VALUES ('850795457328','64342','Rua do sinistro, 873, Roraima - RR','782','31892846956395','31892846956395','01/17/2010');
INSERT INTO leite_uht VALUES ('405965062296','08971','Rua do piscar, 214, Santa Catarina - SC','1901','31583535646416','31583535646416','01/17/2015');
INSERT INTO leite_uht VALUES ('197745266857','04539','Rua do primario, 149, Rio Grande do Sul - RS','3929','13858159882622','13858159882622','01/18/1990');
INSERT INTO leite_uht VALUES ('968582488513','71104','Rua do atolado, 711, Sergipe - SE','882','72915664468234','72915664468234','01/18/2001');
INSERT INTO leite_uht VALUES ('678129794100','20690','Rua do aparentado, 977, Mato Grosso do Sul - MS','2983','24892684838944','24892684838944','01/18/2013');
INSERT INTO leite_uht VALUES ('227998122432','36942','Rua do descabelar, 788, Alagoas - AL','882','81469922822532','81469922822532','01/20/2000');
INSERT INTO leite_uht VALUES ('116790831016','86036','Rua do sinistrado, 61, Ceará - CE','3929','12688859223945','12688859223945','01/20/2014');
INSERT INTO leite_uht VALUES ('512376567926','44655','Rua do deslizamento, 567, Acre - AC','3000','68931826397446','68931826397446','01/23/1998');
INSERT INTO leite_uht VALUES ('130186197765','28192','Rua do forcado, 532, Maranhão - MA','4974','48561267417794','48561267417794','01/23/2004');
INSERT INTO leite_uht VALUES ('599763904054','34196','Rua do proximo, 6, Piauí - PI','1852','99443352843151','99443352843151','01/23/2013');
INSERT INTO leite_uht VALUES ('626360144423','72596','Rua do constar, 226, Goiás - GO','1084','56756444114214','56756444114214','01/24/1995');
INSERT INTO leite_uht VALUES ('473264176345','33718','Rua do telegrama, 669, Pernambuco - PE','4336','48456483488493','48456483488493','01/24/2004');
INSERT INTO leite_uht VALUES ('455389350874','83912','Rua do sulino, 892, Pará - PA','4336','83514637295758','83514637295758','01/25/2006');
INSERT INTO leite_uht VALUES ('222630691321','99507','Rua do mesinha-de-cabeceira, 538, Rio de Janeiro - RJ','1084','68335491474951','68335491474951','01/25/2012');
INSERT INTO leite_uht VALUES ('142009900801','39197','Rua do roseira, 519, São Paulo - SP','4974','54796673574722','54796673574722','01/27/1994');
INSERT INTO leite_uht VALUES ('252611488438','79115','Rua do transtorno, 946, Bahia - BA','1231','27927972661639','27927972661639','01/27/2011');
INSERT INTO leite_uht VALUES ('844837714642','56333','Rua do forcado, 532, Maranhão - MA','1919','13623132583611','13623132583611','01/29/2003');
INSERT INTO leite_uht VALUES ('169531053248','89806','Rua do sinistrado, 61, Ceará - CE','1084','29248348439557','29248348439557','01/29/2011');
INSERT INTO leite_uht VALUES ('450399968864','22003','Rua do strip-tease, 283, Rio de Janeiro - RJ','882','82529926942364','82529926942364','02/01/1996');
INSERT INTO leite_uht VALUES ('045737892604','10702','Rua do primario, 149, Rio Grande do Sul - RS','3929','19886157696946','19886157696946','02/02/2002');
INSERT INTO leite_uht VALUES ('639873218154','88756','Rua do lacrimal, 273, Alagoas - AL','4831','69388859575247','69388859575247','02/02/2003');
INSERT INTO leite_uht VALUES ('548206583692','25618','Rua do acrimonioso, 727, Mato Grosso - MT','4837','13725272821719','13725272821719','02/05/1999');
INSERT INTO leite_uht VALUES ('558879025756','21123','Rua do descabelar, 788, Alagoas - AL','4324','45625191389857','45625191389857','02/05/2006');
INSERT INTO leite_uht VALUES ('283496521382','92195','Rua do descabelar, 788, Alagoas - AL','1231','68838555273434','68838555273434','02/09/2005');
INSERT INTO leite_uht VALUES ('986906417370','19011','Rua do lacrimal, 273, Alagoas - AL','2067','64743551837458','64743551837458','02/09/2007');
INSERT INTO leite_uht VALUES ('125557443932','68334','Rua do aparentado, 977, Mato Grosso do Sul - MS','1901','24384683576765','24384683576765','02/09/2014');
INSERT INTO leite_uht VALUES ('393687739582','67659','Rua do sinistrado, 61, Ceará - CE','4837','38892957235256','38892957235256','02/10/1995');
INSERT INTO leite_uht VALUES ('738307210329','99768','Rua do degradar, 51, Santa Catarina - SC','4336','29463276543895','29463276543895','02/10/2000');
INSERT INTO leite_uht VALUES ('842433728868','94814','Rua do ri, 891, Alagoas - AL','4872','58693253681925','58693253681925','02/11/1993');
INSERT INTO leite_uht VALUES ('594750475076','54989','Rua do roseira, 519, São Paulo - SP','3295','56544742131736','56544742131736','02/11/2005');
INSERT INTO leite_uht VALUES ('808443830492','96885','Rua do monarca, 203, Alagoas - AL','3929','69669122877223','69669122877223','02/12/2005');
INSERT INTO leite_uht VALUES ('420412637072','29557','Rua do degradar, 51, Santa Catarina - SC','2067','74191842111493','74191842111493','02/13/2004');
INSERT INTO leite_uht VALUES ('555205960499','70139','Rua do grinalda, 463, Paraná - PR','3000','63526331696872','63526331696872','02/15/2000');
INSERT INTO leite_uht VALUES ('419034817993','26944','Rua do calibrador, 160, Rio de Janeiro - RJ','4837','48682639863676','48682639863676','02/15/2002');
INSERT INTO leite_uht VALUES ('317820334977','66157','Rua do descolar, 576, Piauí - PI','1919','46888344334346','46888344334346','02/15/2012');
INSERT INTO leite_uht VALUES ('353803266713','37709','Rua do piscar, 214, Santa Catarina - SC','3000','41516128261669','41516128261669','02/17/1991');
INSERT INTO leite_uht VALUES ('672865463054','73935','Rua do constar, 226, Goiás - GO','1757','53723685669976','53723685669976','02/17/1999');
INSERT INTO leite_uht VALUES ('425237802204','08098','Rua do envergar, 27, Piauí - PI','2067','19962692581419','19962692581419','02/17/2011');
INSERT INTO leite_uht VALUES ('247426899304','94684','Rua do proximo, 6, Piauí - PI','3929','35679672264853','35679672264853','02/17/2013');
INSERT INTO leite_uht VALUES ('269725286671','90972','Rua do aumentados, 826, Pará - PA','3000','24231574155869','24231574155869','02/19/1990');
INSERT INTO leite_uht VALUES ('029581714714','62561','Rua do deslizamento, 567, Acre - AC','2067','54439861811972','54439861811972','02/20/1997');
INSERT INTO leite_uht VALUES ('668571763068','36099','Rua do telegrama, 669, Pernambuco - PE','1901','49574361853457','49574361853457','02/20/1999');
INSERT INTO leite_uht VALUES ('618327268889','29649','Rua do primario, 149, Rio Grande do Sul - RS','1084','51792931612325','51792931612325','02/20/2006');
INSERT INTO leite_uht VALUES ('710500354247','47137','Rua do sinistro, 873, Roraima - RR','4837','22524345519583','22524345519583','02/20/2009');
INSERT INTO leite_uht VALUES ('794525453582','50402','Rua do telegrama, 669, Pernambuco - PE','2067','34214778618992','34214778618992','02/22/2002');
INSERT INTO leite_uht VALUES ('859067177208','60411','Rua do telegrama, 669, Pernambuco - PE','3295','61632495247117','61632495247117','02/22/2004');
INSERT INTO leite_uht VALUES ('884892631737','42806','Rua do grinalda, 463, Paraná - PR','1231','62731381895943','62731381895943','02/23/1993');
INSERT INTO leite_uht VALUES ('904671073595','26379','Rua do aparentado, 977, Mato Grosso do Sul - MS','1919','94395231751542','94395231751542','02/23/2012');
INSERT INTO leite_uht VALUES ('819858934462','36042','Rua do interrogacao, 344, Bahia - BA','3929','58284477275979','58284477275979','02/24/2014');
INSERT INTO leite_uht VALUES ('972018498440','33995','Rua do strip-tease, 283, Rio de Janeiro - RJ','2067','36446981625597','36446981625597','02/25/1999');
INSERT INTO leite_uht VALUES ('372159246223','97089','Rua do degradar, 51, Santa Catarina - SC','2983','65357594558398','65357594558398','02/26/1992');
INSERT INTO leite_uht VALUES ('527670794889','30540','Rua do descabelar, 788, Alagoas - AL','4837','99411982161896','99411982161896','02/26/1995');
INSERT INTO leite_uht VALUES ('550495606888','02111','Rua do dublagem, 68, Distrito Federal - DF','4872','17956324111524','17956324111524','02/27/2004');
INSERT INTO leite_uht VALUES ('593915047375','72692','Rua do interrogacao, 344, Bahia - BA','3000','92575163692737','92575163692737','02/28/2007');
INSERT INTO leite_uht VALUES ('663830135521','80983','Rua do sinistro, 873, Roraima - RR','1852','57625949874985','57625949874985','02/28/2015');
INSERT INTO leite_uht VALUES ('050809215786','70619','Rua do roseira, 519, São Paulo - SP','1757','42558158186518','42558158186518','02/29/2002');
INSERT INTO leite_uht VALUES ('501631362216','76867','Rua do proximo, 6, Piauí - PI','1226','76198632991619','76198632991619','02/29/2005');
INSERT INTO leite_uht VALUES ('303987762285','26763','Rua do atolado, 711, Sergipe - SE','1901','99775159383445','99775159383445','02/29/2009');
INSERT INTO leite_uht VALUES ('028092070187','05024','Rua do proximo, 6, Piauí - PI','1231','23714352324859','23714352324859','03/01/1997');
INSERT INTO leite_uht VALUES ('422297560916','31859','Rua do acrimonioso, 727, Mato Grosso - MT','1084','58873115761266','58873115761266','03/02/1990');
INSERT INTO leite_uht VALUES ('279585007381','21029','Rua do proximo, 6, Piauí - PI','782','82412468476241','82412468476241','03/02/2010');
INSERT INTO leite_uht VALUES ('987503387385','60003','Rua do dublagem, 68, Distrito Federal - DF','3000','16881665936184','16881665936184','03/04/2015');
INSERT INTO leite_uht VALUES ('124958057276','20046','Rua do telegrama, 669, Pernambuco - PE','1226','43556969233967','43556969233967','03/08/1997');
INSERT INTO leite_uht VALUES ('402718934103','11163','Rua do roseira, 519, São Paulo - SP','548','49174655199131','49174655199131','03/08/2006');
INSERT INTO leite_uht VALUES ('277445017888','51700','Rua do descabelar, 788, Alagoas - AL','1919','86378192443441','86378192443441','03/09/1994');
INSERT INTO leite_uht VALUES ('911842825291','01873','Rua do deslizamento, 567, Acre - AC','4336','37297252476382','37297252476382','03/09/1995');
INSERT INTO leite_uht VALUES ('447836188977','81413','Rua do ri, 891, Alagoas - AL','3000','96821629517938','96821629517938','03/09/2013');
INSERT INTO leite_uht VALUES ('524088486230','53337','Rua do calibrador, 160, Rio de Janeiro - RJ','4974','18563489364663','18563489364663','03/10/1996');
INSERT INTO leite_uht VALUES ('136945546620','95522','Rua do piscar, 214, Santa Catarina - SC','782','31241548349345','31241548349345','03/11/2003');
INSERT INTO leite_uht VALUES ('146975989887','21592','Rua do ri, 891, Alagoas - AL','3000','75141574624368','75141574624368','03/11/2007');
INSERT INTO leite_uht VALUES ('791413146437','80655','Rua do mesinha-de-cabeceira, 538, Rio de Janeiro - RJ','1919','26826975744844','26826975744844','03/13/1994');
INSERT INTO leite_uht VALUES ('507565146526','65453','Rua do roseira, 519, São Paulo - SP','4837','44933371547992','44933371547992','03/13/1997');
INSERT INTO leite_uht VALUES ('757504843937','28916','Rua do lacrimal, 273, Alagoas - AL','3000','34243828544238','34243828544238','03/13/2010');
INSERT INTO leite_uht VALUES ('999248478731','50194','Rua do acrimonioso, 727, Mato Grosso - MT','4324','69348111289346','69348111289346','03/15/2015');
INSERT INTO leite_uht VALUES ('648430142636','28286','Rua do interrogacao, 344, Bahia - BA','4324','36459225774433','36459225774433','03/16/1993');
INSERT INTO leite_uht VALUES ('649464834010','54347','Rua do aspergir, 877, Espírito Santo - ES','1231','17213678775831','17213678775831','03/16/2004');
INSERT INTO leite_uht VALUES ('273222812678','79405','Rua do mesinha-de-cabeceira, 538, Rio de Janeiro - RJ','3295','75823597851661','75823597851661','03/18/1990');
INSERT INTO leite_uht VALUES ('264875431937','36813','Rua do transtorno, 946, Bahia - BA','2067','93329547999385','93329547999385','03/19/1999');
INSERT INTO leite_uht VALUES ('763088837520','93247','Rua do aparentado, 977, Mato Grosso do Sul - MS','882','87353353347336','87353353347336','03/19/2002');
INSERT INTO leite_uht VALUES ('281755181503','70298','Rua do sinistrado, 61, Ceará - CE','882','12977989295246','12977989295246','03/19/2005');
INSERT INTO leite_uht VALUES ('674189011106','69798','Rua do piscar, 214, Santa Catarina - SC','4837','27688822943818','27688822943818','03/21/1998');
INSERT INTO leite_uht VALUES ('648347784964','28920','Rua do piscar, 214, Santa Catarina - SC','3929','74463217198474','74463217198474','03/21/2009');
INSERT INTO leite_uht VALUES ('422345809340','04308','Rua do centopeia, 272, Acre - AC','1757','36381732592225','36381732592225','03/23/2009');
INSERT INTO leite_uht VALUES ('500561576101','03737','Rua do lacrimal, 273, Alagoas - AL','4831','72182338735442','72182338735442','03/24/1996');
INSERT INTO leite_uht VALUES ('430090792472','10266','Rua do descabelar, 788, Alagoas - AL','4324','83121182257373','83121182257373','03/24/1999');
INSERT INTO leite_uht VALUES ('282311239461','19704','Rua do transtorno, 946, Bahia - BA','3000','58479847462371','58479847462371','03/25/1995');
INSERT INTO leite_uht VALUES ('801601257307','71869','Rua do forcado, 532, Maranhão - MA','882','93331848386699','93331848386699','03/27/1998');
INSERT INTO leite_uht VALUES ('385064022729','25814','Rua do ri, 891, Alagoas - AL','2067','92569391696872','92569391696872','03/27/2000');
INSERT INTO leite_uht VALUES ('866055734076','33688','Rua do centopeia, 272, Acre - AC','3000','61693857334491','13725272821719','03/28/1997');
INSERT INTO leite_uht VALUES ('362429233596','71490','Rua do centopeia, 272, Acre - AC','1901','43559967951884','22524345519583','03/28/2001');
INSERT INTO leite_uht VALUES ('017948759095','01993','Rua do grinalda, 463, Paraná - PR','882','26369829775995','38892957235256','03/28/2012');
INSERT INTO leite_uht VALUES ('032689198827','13596','Rua do sinistrado, 61, Ceará - CE','1901','68252239393761','57625949874985','03/29/2008');
INSERT INTO leite_uht VALUES ('207432767687','76563','Rua do deslizamento, 567, Acre - AC','3295','97324869194199','99443352843151','03/29/2011');
INSERT INTO leite_uht VALUES ('790385074222','48294','Rua do constar, 226, Goiás - GO','3000','73523666618766','18563489364663','04/01/1992');
INSERT INTO leite_uht VALUES ('762006212965','80366','Rua do descolar, 576, Piauí - PI','4324','62619347552869','31892846956395','04/02/1993');
INSERT INTO leite_uht VALUES ('085379378877','38503','Rua do monarca, 203, Alagoas - AL','1084','92657114985753','27519581186556','04/02/1994');
INSERT INTO leite_uht VALUES ('295917748369','43547','Rua do aspergir, 877, Espírito Santo - ES','2067','94623859977494','53723685669976','04/02/2008');
INSERT INTO leite_uht VALUES ('459208943201','07958','Rua do grinalda, 463, Paraná - PR','3000','65912377182144','44275515822161','04/03/1999');
INSERT INTO leite_uht VALUES ('901125792768','28192','Rua do forcado, 532, Maranhão - MA','1919','56151683439819','83514637295758','04/03/2009');
INSERT INTO leite_uht VALUES ('629382736468','73071','Rua do transtorno, 946, Bahia - BA','2983','12515882759443','99411982161896','04/04/1990');
INSERT INTO leite_uht VALUES ('353102848646','26379','Rua do constar, 226, Goiás - GO','1084','18412173311328','31583535646416','04/05/1999');
INSERT INTO leite_uht VALUES ('794104370064','26379','Rua do forcado, 532, Maranhão - MA','4837','13918871381576','54439861811972','04/06/2015');
INSERT INTO leite_uht VALUES ('923076712559','42806','Rua do aspergir, 877, Espírito Santo - ES','4831','34557382819318','12977989295246','04/07/2009');
INSERT INTO leite_uht VALUES ('120200822537','42806','Rua do ri, 891, Alagoas - AL','3000','71448286578732','22524345519583','04/08/1995');
INSERT INTO leite_uht VALUES ('816144890655','15160','Rua do descolar, 576, Piauí - PI','2983','43626923298561','19886157696946','04/08/2006');
INSERT INTO leite_uht VALUES ('194148870486','20690','Rua do aspergir, 877, Espírito Santo - ES','4831','53847863353658','36381732592225','04/10/1990');
INSERT INTO leite_uht VALUES ('904107280388','26944','Rua do sinistrado, 61, Ceará - CE','1226','91661636638912','57416536723521','04/10/1992');
INSERT INTO leite_uht VALUES ('698769120407','56333','Rua do forcado, 532, Maranhão - MA','1757','12974751213352','69388859575247','04/10/2002');
INSERT INTO leite_uht VALUES ('209338837350','29649','Rua do descabelar, 788, Alagoas - AL','548','65862954169821','72182338735442','04/10/2003');
INSERT INTO leite_uht VALUES ('477298491401','08971','Rua do atolado, 711, Sergipe - SE','1919','19126128454626','62731381895943','04/10/2008');
INSERT INTO leite_uht VALUES ('048348495708','69798','Rua do mesinha-de-cabeceira, 538, Rio de Janeiro - RJ','1226','88689134137185','16881665936184','04/13/1997');
INSERT INTO leite_uht VALUES ('407867602960','51700','Rua do strip-tease, 283, Rio de Janeiro - RJ','3929','68154612451245','28542893824528','04/14/1992');
INSERT INTO leite_uht VALUES ('464369778825','80983','Rua do constar, 226, Goiás - GO','1226','69176616737516','87353353347336','04/14/1999');
INSERT INTO leite_uht VALUES ('056789689202','99507','Rua do acrimonioso, 727, Mato Grosso - MT','3295','21733244468489','51792931612325','04/15/1991');
INSERT INTO leite_uht VALUES ('223418343947','09671','Rua do mesinha-de-cabeceira, 538, Rio de Janeiro - RJ','782','88414541996293','12977989295246','04/16/1991');
INSERT INTO leite_uht VALUES ('783229113984','72596','Rua do dublagem, 68, Distrito Federal - DF','4831','72621723368485','36459225774433','04/16/2007');
INSERT INTO leite_uht VALUES ('128612816345','10702','Rua do forcado, 532, Maranhão - MA','4324','71976443342925','31892846956395','04/17/2002');
INSERT INTO leite_uht VALUES ('742119832905','10702','Rua do monarca, 203, Alagoas - AL','1901','81212644861999','79726195817937','04/17/2009');
INSERT INTO leite_uht VALUES ('868482652575','65453','Rua do aumentados, 826, Pará - PA','548','73852886862386','48456483488493','04/17/2014');
INSERT INTO leite_uht VALUES ('484607960962','50329','Rua do calibrador, 160, Rio de Janeiro - RJ','4872','28766958545464','44275515822161','04/17/2015');
INSERT INTO leite_uht VALUES ('128489547932','28920','Rua do cobra, 60, Paraná - PR','4336','89263893748932','24892684838944','04/18/1994');
INSERT INTO leite_uht VALUES ('746147119141','20046','Rua do aumentados, 826, Pará - PA','3929','84699268774221','58284477275979','04/18/2004');
INSERT INTO leite_uht VALUES ('521993257875','89806','Rua do sinistro, 873, Roraima - RR','1901','55378742168695','29463276543895','04/19/2001');
INSERT INTO leite_uht VALUES ('416853430498','45234','Rua do constar, 226, Goiás - GO','4831','27114556156584','27519581186556','04/19/2008');
INSERT INTO leite_uht VALUES ('388614910294','33995','Rua do degradar, 51, Santa Catarina - SC','4872','88926726832887','27927972661639','04/19/2013');
INSERT INTO leite_uht VALUES ('930970569209','05583','Rua do interrogacao, 344, Bahia - BA','1084','25554944881328','74463217198474','04/20/1990');
INSERT INTO leite_uht VALUES ('949238767625','29649','Rua do cobra, 60, Paraná - PR','782','13724245351446','68799722948579','04/20/1995');
INSERT INTO leite_uht VALUES ('471112365962','37709','Rua do transtorno, 946, Bahia - BA','4837','92787817882672','49548155944589','04/20/2003');
INSERT INTO leite_uht VALUES ('249211970547','38503','Rua do constar, 226, Goiás - GO','4872','98716187522429','13858159882622','04/20/2005');
INSERT INTO leite_uht VALUES ('533112074756','79115','Rua do calibrador, 160, Rio de Janeiro - RJ','3295','41552616949716','93329547999385','04/21/2000');
INSERT INTO leite_uht VALUES ('853589933119','60972','Rua do roseira, 519, São Paulo - SP','4324','91542823937162','13744922376121','04/21/2009');
INSERT INTO leite_uht VALUES ('461669943273','51700','Rua do cobra, 60, Paraná - PR','1852','76757927886975','24892684838944','04/23/1995');
INSERT INTO leite_uht VALUES ('874276407917','50329','Rua do atolado, 711, Sergipe - SE','4324','44823932263754','72915664468234','04/23/2010');
INSERT INTO leite_uht VALUES ('423638249065','76563','Rua do envergar, 27, Piauí - PI','1919','24176416359664','61632495247117','04/24/2005');
INSERT INTO leite_uht VALUES ('517183317252','96472','Rua do sinistrado, 61, Ceará - CE','4324','91188946933911','48456483488493','04/25/1999');
INSERT INTO leite_uht VALUES ('584052979123','70298','Rua do calibrador, 160, Rio de Janeiro - RJ','2067','92377984157279','72915664468234','04/27/1990');
INSERT INTO leite_uht VALUES ('502513312492','17511','Rua do envergar, 27, Piauí - PI','3929','39379491992678','63263711789328','04/27/2008');
INSERT INTO leite_uht VALUES ('213612354820','05024','Rua do centopeia, 272, Acre - AC','4837','69695182494516','69388859575247','04/27/2012');
INSERT INTO leite_uht VALUES ('898520151892','02111','Rua do piscar, 214, Santa Catarina - SC','1757','55732721939964','44329841926868','04/28/1991');
INSERT INTO leite_uht VALUES ('855289778662','94684','Rua do strip-tease, 283, Rio de Janeiro - RJ','1231','17497831993996','49548155944589','05/01/2005');
INSERT INTO leite_uht VALUES ('129049276162','19011','Rua do ri, 891, Alagoas - AL','4831','77495395676776','41516128261669','05/01/2011');
INSERT INTO leite_uht VALUES ('196461392001','09671','Rua do primario, 149, Rio Grande do Sul - RS','3000','65791617927713','99411982161896','05/03/1999');
INSERT INTO leite_uht VALUES ('760687178654','36813','Rua do lacrimal, 273, Alagoas - AL','2067','11525894896461','37297252476382','05/04/2001');
INSERT INTO leite_uht VALUES ('393310778895','86036','Rua do aspergir, 877, Espírito Santo - ES','4837','95314959964584','42558158186518','05/05/2002');
INSERT INTO leite_uht VALUES ('094898624416','71104','Rua do centopeia, 272, Acre - AC','1852','66381645527176','44275515822161','05/09/1998');
INSERT INTO leite_uht VALUES ('813317730008','72692','Rua do centopeia, 272, Acre - AC','1901','11986395627628','19886157696946','05/10/1997');
INSERT INTO leite_uht VALUES ('098450058749','71104','Rua do calibrador, 160, Rio de Janeiro - RJ','2067','91719654773748','49548155944589','05/10/2002');
INSERT INTO leite_uht VALUES ('281038925107','86036','Rua do roseira, 519, São Paulo - SP','1852','42118646327717','63263711789328','05/11/2007');
INSERT INTO leite_uht VALUES ('895415586248','20602','Rua do proximo, 6, Piauí - PI','1919','91588663955186','69388859575247','05/13/2012');
INSERT INTO leite_uht VALUES ('924095720575','60972','Rua do grinalda, 463, Paraná - PR','1901','58565494326243','17956324111524','05/15/2008');
INSERT INTO leite_uht VALUES ('370013740333','76563','Rua do aspergir, 877, Espírito Santo - ES','2067','34687397294621','13744922376121','05/15/2015');
INSERT INTO leite_uht VALUES ('619213075911','67659','Rua do descabelar, 788, Alagoas - AL','4837','43762574972633','12977989295246','05/16/2000');
INSERT INTO leite_uht VALUES ('434643959223','31859','Rua do envergar, 27, Piauí - PI','2067','54771617765127','45625191389857','05/19/2000');
INSERT INTO leite_uht VALUES ('661532088631','76867','Rua do grinalda, 463, Paraná - PR','2983','32881568354895','65249196532235','05/19/2006');
INSERT INTO leite_uht VALUES ('033272715871','49890','Rua do moinho, 553, Rio de Janeiro - RJ','548','52325381463199','24384683576765','05/24/1990');
INSERT INTO leite_uht VALUES ('866497264698','60003','Rua do envergar, 27, Piauí - PI','2983','66413259692298','42558158186518','05/24/2004');
INSERT INTO leite_uht VALUES ('501144475545','08971','Rua do envergar, 27, Piauí - PI','548','51766217769788','44329841926868','05/24/2012');
INSERT INTO leite_uht VALUES ('132274987290','66157','Rua do moinho, 553, Rio de Janeiro - RJ','1901','32417472442679','21436994841879','05/25/1991');
INSERT INTO leite_uht VALUES ('759232847432','58424','Rua do envergar, 27, Piauí - PI','3000','84512837872262','22524345519583','05/25/2009');
INSERT INTO leite_uht VALUES ('906066973385','95522','Rua do descabelar, 788, Alagoas - AL','1084','87483917324995','41516128261669','05/25/2010');
INSERT INTO leite_uht VALUES ('415387844013','28920','Rua do moinho, 553, Rio de Janeiro - RJ','4324','29158612799394','87353353347336','05/26/1992');
INSERT INTO leite_uht VALUES ('653447531350','96472','Rua do acrimonioso, 727, Mato Grosso - MT','1231','68568733496332','49174655199131','05/26/1998');
INSERT INTO leite_uht VALUES ('368194305119','26944','Rua do aumentados, 826, Pará - PA','1084','63776462939215','31241548349345','05/26/1999');
INSERT INTO leite_uht VALUES ('328158339282','21592','Rua do revirado, 435, Sergipe - SE','4872','72112275861189','35679672264853','05/27/2014');
INSERT INTO leite_uht VALUES ('032997378040','70619','Rua do moinho, 553, Rio de Janeiro - RJ','2067','99738257956382','51792931612325','05/28/2001');
INSERT INTO leite_uht VALUES ('941545303374','92195','Rua do descabelar, 788, Alagoas - AL','4324','97781317373939','63526331696872','05/29/1995');
INSERT INTO leite_uht VALUES ('010620108047','60411','Rua do sinistro, 873, Roraima - RR','4872','31539642216638','29248348439557','05/29/2003');
INSERT INTO leite_uht VALUES ('650273798419','21592','Rua do acrimonioso, 727, Mato Grosso - MT','3295','88112187332431','35679672264853','05/29/2006');
INSERT INTO leite_uht VALUES ('262280209614','04308','Rua do piscar, 214, Santa Catarina - SC','782','48173358688316','31583535646416','06/01/2001');
INSERT INTO leite_uht VALUES ('007971104682','71869','Rua do deslizamento, 567, Acre - AC','1901','87552127325737','69388859575247','06/02/2004');
INSERT INTO leite_uht VALUES ('031231288950','73935','Rua do monarca, 203, Alagoas - AL','1852','55828265851163','17213678775831','06/04/1997');
INSERT INTO leite_uht VALUES ('915900884243','20602','Rua do deslizamento, 567, Acre - AC','1919','98873783821472','42558158186518','06/04/2010');
INSERT INTO leite_uht VALUES ('284415378465','49890','Rua do proximo, 6, Piauí - PI','2983','94539534557732','19886157696946','06/04/2012');
INSERT INTO leite_uht VALUES ('547366070004','83912','Rua do aparentado, 977, Mato Grosso do Sul - MS','4831','21367432146699','81469922822532','06/04/2013');
INSERT INTO leite_uht VALUES ('375426524063','94684','Rua do dublagem, 68, Distrito Federal - DF','4872','28528826162553','43556969233967','06/04/2014');
INSERT INTO leite_uht VALUES ('628169303546','50194','Rua do ri, 891, Alagoas - AL','2067','45917159768931','93329547999385','06/05/1994');
INSERT INTO leite_uht VALUES ('986042807351','71490','Rua do strip-tease, 283, Rio de Janeiro - RJ','1226','44873621434615','17956324111524','06/05/1995');
INSERT INTO preco_queijo VALUES ('1919','.028');
INSERT INTO preco_queijo VALUES ('4831','.355');
INSERT INTO preco_queijo VALUES ('4872','.410');
INSERT INTO preco_queijo VALUES ('1901','.806');
INSERT INTO preco_queijo VALUES ('882','.527');
INSERT INTO preco_queijo VALUES ('1231','.371');
INSERT INTO preco_queijo VALUES ('3000','.299');
INSERT INTO preco_queijo VALUES ('1084','.301');
INSERT INTO preco_queijo VALUES ('548','.895');
INSERT INTO preco_queijo VALUES ('4974','.498');
INSERT INTO preco_queijo VALUES ('3295','.269');
INSERT INTO preco_queijo VALUES ('2983','.293');
INSERT INTO preco_queijo VALUES ('1757','.298');
INSERT INTO preco_queijo VALUES ('4336','.364');
INSERT INTO preco_queijo VALUES ('2067','.482');
INSERT INTO preco_queijo VALUES ('1226','.041');
INSERT INTO preco_queijo VALUES ('1852','.975');
INSERT INTO preco_queijo VALUES ('782','.859');
INSERT INTO preco_queijo VALUES ('4324','.931');
INSERT INTO preco_queijo VALUES ('4837','.529');
INSERT INTO lote_queijo VALUES ('46933','01/01/2000','50','A');
INSERT INTO lote_queijo VALUES ('15160','01/03/2003','102','B');
INSERT INTO lote_queijo VALUES ('84305','01/04/2005','30','C');
INSERT INTO lote_queijo VALUES ('05583','01/04/2015','38','D');
INSERT INTO lote_queijo VALUES ('50329','01/05/2002','119','E');
INSERT INTO lote_queijo VALUES ('95616','01/06/2001','80','A');
INSERT INTO lote_queijo VALUES ('49890','01/07/1995','80','B');
INSERT INTO lote_queijo VALUES ('11795','01/07/2000','118','C');
INSERT INTO lote_queijo VALUES ('94761','01/08/2001','84','D');
INSERT INTO lote_queijo VALUES ('76024','01/08/2009','109','E');
INSERT INTO lote_queijo VALUES ('20602','01/10/1991','40','A');
INSERT INTO lote_queijo VALUES ('52655','01/10/1999','55','B');
INSERT INTO lote_queijo VALUES ('45234','01/10/2001','93','C');
INSERT INTO lote_queijo VALUES ('96472','01/11/2006','118','D');
INSERT INTO lote_queijo VALUES ('09671','01/11/2007','32','E');
INSERT INTO lote_queijo VALUES ('10263','01/13/2008','113','A');
INSERT INTO lote_queijo VALUES ('73071','01/13/2009','111','B');
INSERT INTO lote_queijo VALUES ('85320','01/13/2013','62','C');
INSERT INTO lote_queijo VALUES ('60972','01/14/2007','38','D');
INSERT INTO lote_queijo VALUES ('45460','01/15/2008','95','E');
INSERT INTO lote_queijo VALUES ('17511','01/15/2013','73','A');
INSERT INTO lote_queijo VALUES ('96537','01/16/1991','64','B');
INSERT INTO lote_queijo VALUES ('58424','01/16/2000','56','C');
INSERT INTO lote_queijo VALUES ('64342','01/17/2010','40','D');
INSERT INTO lote_queijo VALUES ('08971','01/17/2015','51','E');
INSERT INTO lote_queijo VALUES ('04539','01/18/1990','87','A');
INSERT INTO lote_queijo VALUES ('71104','01/18/2001','83','B');
INSERT INTO lote_queijo VALUES ('20690','01/18/2013','40','C');
INSERT INTO lote_queijo VALUES ('36942','01/20/2000','97','D');
INSERT INTO lote_queijo VALUES ('86036','01/20/2014','103','E');
INSERT INTO lote_queijo VALUES ('44655','01/23/1998','55','A');
INSERT INTO lote_queijo VALUES ('28192','01/23/2004','46','B');
INSERT INTO lote_queijo VALUES ('34196','01/23/2013','88','C');
INSERT INTO lote_queijo VALUES ('72596','01/24/1995','47','D');
INSERT INTO lote_queijo VALUES ('33718','01/24/2004','62','E');
INSERT INTO lote_queijo VALUES ('83912','01/25/2006','92','A');
INSERT INTO lote_queijo VALUES ('99507','01/25/2012','105','B');
INSERT INTO lote_queijo VALUES ('39197','01/27/1994','33','C');
INSERT INTO lote_queijo VALUES ('79115','01/27/2011','31','D');
INSERT INTO lote_queijo VALUES ('56333','01/29/2003','56','E');
INSERT INTO lote_queijo VALUES ('89806','01/29/2011','119','A');
INSERT INTO lote_queijo VALUES ('22003','02/01/1996','45','B');
INSERT INTO lote_queijo VALUES ('10702','02/02/2002','110','C');
INSERT INTO lote_queijo VALUES ('88756','02/02/2003','116','D');
INSERT INTO lote_queijo VALUES ('25618','02/05/1999','50','E');
INSERT INTO lote_queijo VALUES ('21123','02/05/2006','98','A');
INSERT INTO lote_queijo VALUES ('92195','02/09/2005','102','B');
INSERT INTO lote_queijo VALUES ('19011','02/09/2007','82','C');
INSERT INTO lote_queijo VALUES ('68334','02/09/2014','83','D');
INSERT INTO lote_queijo VALUES ('67659','02/10/1995','119','E');
INSERT INTO lote_queijo VALUES ('99768','02/10/2000','75','A');
INSERT INTO lote_queijo VALUES ('94814','02/11/1993','49','B');
INSERT INTO lote_queijo VALUES ('54989','02/11/2005','115','C');
INSERT INTO lote_queijo VALUES ('96885','02/12/2005','36','D');
INSERT INTO lote_queijo VALUES ('29557','02/13/2004','38','E');
INSERT INTO lote_queijo VALUES ('70139','02/15/2000','113','A');
INSERT INTO lote_queijo VALUES ('26944','02/15/2002','57','B');
INSERT INTO lote_queijo VALUES ('66157','02/15/2012','78','C');
INSERT INTO lote_queijo VALUES ('37709','02/17/1991','116','D');
INSERT INTO lote_queijo VALUES ('73935','02/17/1999','41','E');
INSERT INTO lote_queijo VALUES ('08098','02/17/2011','96','A');
INSERT INTO lote_queijo VALUES ('94684','02/17/2013','94','B');
INSERT INTO lote_queijo VALUES ('90972','02/19/1990','88','C');
INSERT INTO lote_queijo VALUES ('62561','02/20/1997','51','D');
INSERT INTO lote_queijo VALUES ('36099','02/20/1999','68','E');
INSERT INTO lote_queijo VALUES ('29649','02/20/2006','57','A');
INSERT INTO lote_queijo VALUES ('47137','02/20/2009','35','B');
INSERT INTO lote_queijo VALUES ('50402','02/22/2002','98','C');
INSERT INTO lote_queijo VALUES ('60411','02/22/2004','76','D');
INSERT INTO lote_queijo VALUES ('42806','02/23/1993','48','E');
INSERT INTO lote_queijo VALUES ('26379','02/23/2012','70','A');
INSERT INTO lote_queijo VALUES ('36042','02/24/2014','66','B');
INSERT INTO lote_queijo VALUES ('33995','02/25/1999','54','C');
INSERT INTO lote_queijo VALUES ('97089','02/26/1992','116','D');
INSERT INTO lote_queijo VALUES ('30540','02/26/1995','90','E');
INSERT INTO lote_queijo VALUES ('02111','02/27/2004','84','A');
INSERT INTO lote_queijo VALUES ('72692','02/28/2007','55','B');
INSERT INTO lote_queijo VALUES ('80983','02/28/2015','119','C');
INSERT INTO lote_queijo VALUES ('70619','02/29/2002','36','D');
INSERT INTO lote_queijo VALUES ('76867','02/29/2005','73','E');
INSERT INTO lote_queijo VALUES ('26763','02/29/2009','114','A');
INSERT INTO lote_queijo VALUES ('05024','03/01/1997','93','B');
INSERT INTO lote_queijo VALUES ('31859','03/02/1990','84','C');
INSERT INTO lote_queijo VALUES ('21029','03/02/2010','109','D');
INSERT INTO lote_queijo VALUES ('60003','03/04/2015','66','E');
INSERT INTO lote_queijo VALUES ('20046','03/08/1997','101','A');
INSERT INTO lote_queijo VALUES ('11163','03/08/2006','63','B');
INSERT INTO lote_queijo VALUES ('51700','03/09/1994','32','C');
INSERT INTO lote_queijo VALUES ('01873','03/09/1995','77','D');
INSERT INTO lote_queijo VALUES ('81413','03/09/2013','63','E');
INSERT INTO lote_queijo VALUES ('53337','03/10/1996','87','A');
INSERT INTO lote_queijo VALUES ('95522','03/11/2003','39','B');
INSERT INTO lote_queijo VALUES ('21592','03/11/2007','74','C');
INSERT INTO lote_queijo VALUES ('80655','03/13/1994','66','D');
INSERT INTO lote_queijo VALUES ('65453','03/13/1997','98','E');
INSERT INTO lote_queijo VALUES ('28916','03/13/2010','50','A');
INSERT INTO lote_queijo VALUES ('50194','03/15/2015','63','B');
INSERT INTO lote_queijo VALUES ('28286','03/16/1993','76','C');
INSERT INTO lote_queijo VALUES ('54347','03/16/2004','103','D');
INSERT INTO lote_queijo VALUES ('79405','03/18/1990','59','E');
INSERT INTO lote_queijo VALUES ('36813','03/19/1999','37','A');
INSERT INTO lote_queijo VALUES ('93247','03/19/2002','119','B');
INSERT INTO lote_queijo VALUES ('70298','03/19/2005','93','C');
INSERT INTO lote_queijo VALUES ('69798','03/21/1998','96','D');
INSERT INTO lote_queijo VALUES ('28920','03/21/2009','31','E');
INSERT INTO lote_queijo VALUES ('04308','03/23/2009','40','A');
INSERT INTO lote_queijo VALUES ('03737','03/24/1996','90','B');
INSERT INTO lote_queijo VALUES ('10266','03/24/1999','43','C');
INSERT INTO lote_queijo VALUES ('19704','03/25/1995','102','D');
INSERT INTO lote_queijo VALUES ('71869','03/27/1998','30','E');
INSERT INTO lote_queijo VALUES ('25814','03/27/2000','106','A');
INSERT INTO lote_queijo VALUES ('33688','03/28/1997','106','B');
INSERT INTO lote_queijo VALUES ('71490','03/28/2001','98','C');
INSERT INTO lote_queijo VALUES ('01993','03/28/2012','81','D');
INSERT INTO lote_queijo VALUES ('13596','03/29/2008','108','E');
INSERT INTO lote_queijo VALUES ('76563','03/29/2011','84','A');
INSERT INTO lote_queijo VALUES ('48294','04/01/1992','30','B');
INSERT INTO lote_queijo VALUES ('80366','04/02/1993','67','C');
INSERT INTO lote_queijo VALUES ('38503','04/02/1994','77','D');
INSERT INTO lote_queijo VALUES ('43547','04/02/2008','89','E');
INSERT INTO queijo VALUES ('123395020131','46933','Rua do dublagem, 68, Distrito Federal - DF','1919','28877657316458','28877657316458','01/01/2000');
INSERT INTO queijo VALUES ('173362733792','15160','Rua do interrogacao, 344, Bahia - BA','4831','89937689711651','89937689711651','01/03/2003');
INSERT INTO queijo VALUES ('613177568382','84305','Rua do envergar, 27, Piauí - PI','4872','78454526435479','78454526435479','01/04/2005');
INSERT INTO queijo VALUES ('565226371754','05583','Rua do roseira, 519, São Paulo - SP','1901','21436994841879','21436994841879','01/04/2015');
INSERT INTO queijo VALUES ('970186961151','50329','Rua do mesinha-de-cabeceira, 538, Rio de Janeiro - RJ','882','83755674698581','83755674698581','01/05/2002');
INSERT INTO queijo VALUES ('703216920322','95616','Rua do descolar, 576, Piauí - PI','1231','65249196532235','65249196532235','01/06/2001');
INSERT INTO queijo VALUES ('569698751396','49890','Rua do degradar, 51, Santa Catarina - SC','3000','48731659959757','48731659959757','01/07/1995');
INSERT INTO queijo VALUES ('119494362412','11795','Rua do lacrimal, 273, Alagoas - AL','1084','56327963523623','56327963523623','01/07/2000');
INSERT INTO queijo VALUES ('560283504066','94761','Rua do ri, 891, Alagoas - AL','548','44275515822161','44275515822161','01/08/2001');
INSERT INTO queijo VALUES ('708365223979','76024','Rua do telegrama, 669, Pernambuco - PE','4974','43518343123326','43518343123326','01/08/2009');
INSERT INTO queijo VALUES ('421630037249','20602','Rua do acrimonioso, 727, Mato Grosso - MT','3295','44329841926868','44329841926868','01/10/1991');
INSERT INTO queijo VALUES ('422353395317','52655','Rua do grinalda, 463, Paraná - PR','2983','57416536723521','57416536723521','01/10/1999');
INSERT INTO queijo VALUES ('508208124066','45234','Rua do aspergir, 877, Espírito Santo - ES','1757','63942321432162','63942321432162','01/10/2001');
INSERT INTO queijo VALUES ('802092980425','96472','Rua do sulino, 892, Pará - PA','4336','68799722948579','68799722948579','01/11/2006');
INSERT INTO queijo VALUES ('460023122757','09671','Rua do calibrador, 160, Rio de Janeiro - RJ','2067','79726195817937','79726195817937','01/11/2007');
INSERT INTO queijo VALUES ('254726388550','10263','Rua do monarca, 203, Alagoas - AL','1226','49548155944589','49548155944589','01/13/2008');
INSERT INTO queijo VALUES ('583504510611','73071','Rua do revirado, 435, Sergipe - SE','1852','88267353828123','88267353828123','01/13/2009');
INSERT INTO queijo VALUES ('127581767704','85320','Rua do moinho, 553, Rio de Janeiro - RJ','782','57912634612282','57912634612282','01/13/2013');
INSERT INTO queijo VALUES ('959387665353','60972','Rua do cobra, 60, Paraná - PR','4324','63263711789328','63263711789328','01/14/2007');
INSERT INTO queijo VALUES ('967828586488','45460','Rua do aumentados, 826, Pará - PA','4837','17673712114243','17673712114243','01/15/2008');
INSERT INTO queijo VALUES ('835024201344','17511','Rua do strip-tease, 283, Rio de Janeiro - RJ','1901','13744922376121','13744922376121','01/15/2013');
INSERT INTO queijo VALUES ('337287883046','96537','Rua do transtorno, 946, Bahia - BA','4872','27519581186556','27519581186556','01/16/1991');
INSERT INTO queijo VALUES ('701283105362','58424','Rua do centopeia, 272, Acre - AC','1757','28542893824528','28542893824528','01/16/2000');
INSERT INTO queijo VALUES ('850795457328','64342','Rua do sinistro, 873, Roraima - RR','3295','31892846956395','31892846956395','01/17/2010');
INSERT INTO queijo VALUES ('405965062296','08971','Rua do piscar, 214, Santa Catarina - SC','4336','31583535646416','31583535646416','01/17/2015');
INSERT INTO queijo VALUES ('197745266857','04539','Rua do primario, 149, Rio Grande do Sul - RS','1901','13858159882622','13858159882622','01/18/1990');
INSERT INTO queijo VALUES ('968582488513','71104','Rua do atolado, 711, Sergipe - SE','2983','72915664468234','72915664468234','01/18/2001');
INSERT INTO queijo VALUES ('678129794100','20690','Rua do aparentado, 977, Mato Grosso do Sul - MS','1852','24892684838944','24892684838944','01/18/2013');
INSERT INTO queijo VALUES ('227998122432','36942','Rua do descabelar, 788, Alagoas - AL','4336','81469922822532','81469922822532','01/20/2000');
INSERT INTO queijo VALUES ('116790831016','86036','Rua do sinistrado, 61, Ceará - CE','1901','12688859223945','12688859223945','01/20/2014');
INSERT INTO queijo VALUES ('512376567926','44655','Rua do deslizamento, 567, Acre - AC','1757','68931826397446','68931826397446','01/23/1998');
INSERT INTO queijo VALUES ('130186197765','28192','Rua do forcado, 532, Maranhão - MA','2067','48561267417794','48561267417794','01/23/2004');
INSERT INTO queijo VALUES ('599763904054','34196','Rua do proximo, 6, Piauí - PI','4974','99443352843151','99443352843151','01/23/2013');
INSERT INTO queijo VALUES ('626360144423','72596','Rua do constar, 226, Goiás - GO','4324','56756444114214','56756444114214','01/24/1995');
INSERT INTO queijo VALUES ('473264176345','33718','Rua do telegrama, 669, Pernambuco - PE','1084','48456483488493','48456483488493','01/24/2004');
INSERT INTO queijo VALUES ('455389350874','83912','Rua do sulino, 892, Pará - PA','882','83514637295758','83514637295758','01/25/2006');
INSERT INTO queijo VALUES ('222630691321','99507','Rua do mesinha-de-cabeceira, 538, Rio de Janeiro - RJ','4831','68335491474951','68335491474951','01/25/2012');
INSERT INTO queijo VALUES ('142009900801','39197','Rua do roseira, 519, São Paulo - SP','4974','54796673574722','54796673574722','01/27/1994');
INSERT INTO queijo VALUES ('252611488438','79115','Rua do transtorno, 946, Bahia - BA','4837','27927972661639','27927972661639','01/27/2011');
INSERT INTO queijo VALUES ('844837714642','56333','Rua do forcado, 532, Maranhão - MA','3295','13623132583611','13623132583611','01/29/2003');
INSERT INTO queijo VALUES ('169531053248','89806','Rua do sinistrado, 61, Ceará - CE','1852','29248348439557','29248348439557','01/29/2011');
INSERT INTO queijo VALUES ('450399968864','22003','Rua do strip-tease, 283, Rio de Janeiro - RJ','1852','82529926942364','82529926942364','02/01/1996');
INSERT INTO queijo VALUES ('045737892604','10702','Rua do primario, 149, Rio Grande do Sul - RS','2983','19886157696946','19886157696946','02/02/2002');
INSERT INTO queijo VALUES ('639873218154','88756','Rua do lacrimal, 273, Alagoas - AL','4324','69388859575247','69388859575247','02/02/2003');
INSERT INTO queijo VALUES ('548206583692','25618','Rua do acrimonioso, 727, Mato Grosso - MT','882','13725272821719','13725272821719','02/05/1999');
INSERT INTO queijo VALUES ('558879025756','21123','Rua do descabelar, 788, Alagoas - AL','1919','45625191389857','45625191389857','02/05/2006');
INSERT INTO queijo VALUES ('283496521382','92195','Rua do descabelar, 788, Alagoas - AL','4324','68838555273434','68838555273434','02/09/2005');
INSERT INTO queijo VALUES ('986906417370','19011','Rua do lacrimal, 273, Alagoas - AL','4974','64743551837458','64743551837458','02/09/2007');
INSERT INTO queijo VALUES ('125557443932','68334','Rua do aparentado, 977, Mato Grosso do Sul - MS','782','24384683576765','24384683576765','02/09/2014');
INSERT INTO queijo VALUES ('393687739582','67659','Rua do sinistrado, 61, Ceará - CE','1852','38892957235256','38892957235256','02/10/1995');
INSERT INTO queijo VALUES ('738307210329','99768','Rua do degradar, 51, Santa Catarina - SC','4872','29463276543895','29463276543895','02/10/2000');
INSERT INTO queijo VALUES ('842433728868','94814','Rua do ri, 891, Alagoas - AL','4336','58693253681925','58693253681925','02/11/1993');
INSERT INTO queijo VALUES ('594750475076','54989','Rua do roseira, 519, São Paulo - SP','3295','56544742131736','56544742131736','02/11/2005');
INSERT INTO queijo VALUES ('808443830492','96885','Rua do monarca, 203, Alagoas - AL','882','69669122877223','69669122877223','02/12/2005');
INSERT INTO queijo VALUES ('420412637072','29557','Rua do degradar, 51, Santa Catarina - SC','4837','74191842111493','74191842111493','02/13/2004');
INSERT INTO queijo VALUES ('555205960499','70139','Rua do grinalda, 463, Paraná - PR','3000','63526331696872','63526331696872','02/15/2000');
INSERT INTO queijo VALUES ('419034817993','26944','Rua do calibrador, 160, Rio de Janeiro - RJ','3295','48682639863676','48682639863676','02/15/2002');
INSERT INTO queijo VALUES ('317820334977','66157','Rua do descolar, 576, Piauí - PI','882','46888344334346','46888344334346','02/15/2012');
INSERT INTO queijo VALUES ('353803266713','37709','Rua do piscar, 214, Santa Catarina - SC','1919','41516128261669','41516128261669','02/17/1991');
INSERT INTO queijo VALUES ('672865463054','73935','Rua do constar, 226, Goiás - GO','1901','53723685669976','53723685669976','02/17/1999');
INSERT INTO queijo VALUES ('425237802204','08098','Rua do envergar, 27, Piauí - PI','4974','19962692581419','19962692581419','02/17/2011');
INSERT INTO queijo VALUES ('247426899304','94684','Rua do proximo, 6, Piauí - PI','548','35679672264853','35679672264853','02/17/2013');
INSERT INTO queijo VALUES ('269725286671','90972','Rua do aumentados, 826, Pará - PA','2067','24231574155869','24231574155869','02/19/1990');
INSERT INTO queijo VALUES ('029581714714','62561','Rua do deslizamento, 567, Acre - AC','1084','54439861811972','54439861811972','02/20/1997');
INSERT INTO queijo VALUES ('668571763068','36099','Rua do telegrama, 669, Pernambuco - PE','782','49574361853457','49574361853457','02/20/1999');
INSERT INTO queijo VALUES ('618327268889','29649','Rua do primario, 149, Rio Grande do Sul - RS','2067','51792931612325','51792931612325','02/20/2006');
INSERT INTO queijo VALUES ('710500354247','47137','Rua do sinistro, 873, Roraima - RR','4837','22524345519583','22524345519583','02/20/2009');
INSERT INTO queijo VALUES ('794525453582','50402','Rua do telegrama, 669, Pernambuco - PE','3000','34214778618992','34214778618992','02/22/2002');
INSERT INTO queijo VALUES ('859067177208','60411','Rua do telegrama, 669, Pernambuco - PE','3295','61632495247117','61632495247117','02/22/2004');
INSERT INTO queijo VALUES ('884892631737','42806','Rua do grinalda, 463, Paraná - PR','1919','62731381895943','62731381895943','02/23/1993');
INSERT INTO queijo VALUES ('904671073595','26379','Rua do aparentado, 977, Mato Grosso do Sul - MS','1084','94395231751542','94395231751542','02/23/2012');
INSERT INTO queijo VALUES ('819858934462','36042','Rua do interrogacao, 344, Bahia - BA','1226','58284477275979','58284477275979','02/24/2014');
INSERT INTO queijo VALUES ('972018498440','33995','Rua do strip-tease, 283, Rio de Janeiro - RJ','4837','36446981625597','36446981625597','02/25/1999');
INSERT INTO queijo VALUES ('372159246223','97089','Rua do degradar, 51, Santa Catarina - SC','4872','65357594558398','65357594558398','02/26/1992');
INSERT INTO queijo VALUES ('527670794889','30540','Rua do descabelar, 788, Alagoas - AL','2067','99411982161896','99411982161896','02/26/1995');
INSERT INTO queijo VALUES ('550495606888','02111','Rua do dublagem, 68, Distrito Federal - DF','4831','17956324111524','17956324111524','02/27/2004');
INSERT INTO queijo VALUES ('593915047375','72692','Rua do interrogacao, 344, Bahia - BA','4837','92575163692737','92575163692737','02/28/2007');
INSERT INTO queijo VALUES ('663830135521','80983','Rua do sinistro, 873, Roraima - RR','4336','57625949874985','57625949874985','02/28/2015');
INSERT INTO queijo VALUES ('050809215786','70619','Rua do roseira, 519, São Paulo - SP','1852','42558158186518','42558158186518','02/29/2002');
INSERT INTO queijo VALUES ('501631362216','76867','Rua do proximo, 6, Piauí - PI','4336','76198632991619','76198632991619','02/29/2005');
INSERT INTO queijo VALUES ('303987762285','26763','Rua do atolado, 711, Sergipe - SE','882','99775159383445','99775159383445','02/29/2009');
INSERT INTO queijo VALUES ('028092070187','05024','Rua do proximo, 6, Piauí - PI','4336','23714352324859','23714352324859','03/01/1997');
INSERT INTO queijo VALUES ('422297560916','31859','Rua do acrimonioso, 727, Mato Grosso - MT','4837','58873115761266','58873115761266','03/02/1990');
INSERT INTO queijo VALUES ('279585007381','21029','Rua do proximo, 6, Piauí - PI','3295','82412468476241','82412468476241','03/02/2010');
INSERT INTO queijo VALUES ('987503387385','60003','Rua do dublagem, 68, Distrito Federal - DF','2067','16881665936184','16881665936184','03/04/2015');
INSERT INTO queijo VALUES ('124958057276','20046','Rua do telegrama, 669, Pernambuco - PE','1231','43556969233967','43556969233967','03/08/1997');
INSERT INTO queijo VALUES ('402718934103','11163','Rua do roseira, 519, São Paulo - SP','548','49174655199131','49174655199131','03/08/2006');
INSERT INTO queijo VALUES ('277445017888','51700','Rua do descabelar, 788, Alagoas - AL','3295','86378192443441','86378192443441','03/09/1994');
INSERT INTO queijo VALUES ('911842825291','01873','Rua do deslizamento, 567, Acre - AC','1226','37297252476382','37297252476382','03/09/1995');
INSERT INTO queijo VALUES ('447836188977','81413','Rua do ri, 891, Alagoas - AL','4336','96821629517938','96821629517938','03/09/2013');
INSERT INTO queijo VALUES ('524088486230','53337','Rua do calibrador, 160, Rio de Janeiro - RJ','4974','18563489364663','18563489364663','03/10/1996');
INSERT INTO queijo VALUES ('136945546620','95522','Rua do piscar, 214, Santa Catarina - SC','3000','31241548349345','31241548349345','03/11/2003');
INSERT INTO queijo VALUES ('146975989887','21592','Rua do ri, 891, Alagoas - AL','2983','75141574624368','75141574624368','03/11/2007');
INSERT INTO queijo VALUES ('791413146437','80655','Rua do mesinha-de-cabeceira, 538, Rio de Janeiro - RJ','4831','26826975744844','26826975744844','03/13/1994');
INSERT INTO queijo VALUES ('507565146526','65453','Rua do roseira, 519, São Paulo - SP','548','44933371547992','44933371547992','03/13/1997');
INSERT INTO queijo VALUES ('757504843937','28916','Rua do lacrimal, 273, Alagoas - AL','782','34243828544238','34243828544238','03/13/2010');
INSERT INTO queijo VALUES ('999248478731','50194','Rua do acrimonioso, 727, Mato Grosso - MT','2983','69348111289346','69348111289346','03/15/2015');
INSERT INTO queijo VALUES ('648430142636','28286','Rua do interrogacao, 344, Bahia - BA','1084','36459225774433','36459225774433','03/16/1993');
INSERT INTO queijo VALUES ('649464834010','54347','Rua do aspergir, 877, Espírito Santo - ES','1919','17213678775831','17213678775831','03/16/2004');
INSERT INTO queijo VALUES ('273222812678','79405','Rua do mesinha-de-cabeceira, 538, Rio de Janeiro - RJ','548','75823597851661','75823597851661','03/18/1990');
INSERT INTO queijo VALUES ('264875431937','36813','Rua do transtorno, 946, Bahia - BA','4837','93329547999385','93329547999385','03/19/1999');
INSERT INTO queijo VALUES ('763088837520','93247','Rua do aparentado, 977, Mato Grosso do Sul - MS','1919','87353353347336','87353353347336','03/19/2002');
INSERT INTO queijo VALUES ('281755181503','70298','Rua do sinistrado, 61, Ceará - CE','1226','12977989295246','12977989295246','03/19/2005');
INSERT INTO queijo VALUES ('674189011106','69798','Rua do piscar, 214, Santa Catarina - SC','1852','27688822943818','27688822943818','03/21/1998');
INSERT INTO queijo VALUES ('648347784964','28920','Rua do piscar, 214, Santa Catarina - SC','4837','74463217198474','74463217198474','03/21/2009');
INSERT INTO queijo VALUES ('422345809340','04308','Rua do centopeia, 272, Acre - AC','1226','36381732592225','36381732592225','03/23/2009');
INSERT INTO queijo VALUES ('500561576101','03737','Rua do lacrimal, 273, Alagoas - AL','4872','72182338735442','72182338735442','03/24/1996');
INSERT INTO queijo VALUES ('430090792472','10266','Rua do descabelar, 788, Alagoas - AL','1919','83121182257373','83121182257373','03/24/1999');
INSERT INTO queijo VALUES ('282311239461','19704','Rua do transtorno, 946, Bahia - BA','1231','58479847462371','58479847462371','03/25/1995');
INSERT INTO queijo VALUES ('801601257307','71869','Rua do forcado, 532, Maranhão - MA','3295','93331848386699','93331848386699','03/27/1998');
INSERT INTO queijo VALUES ('385064022729','25814','Rua do ri, 891, Alagoas - AL','1901','92569391696872','92569391696872','03/27/2000');
INSERT INTO queijo VALUES ('866055734076','33688','Rua do centopeia, 272, Acre - AC','1226','61693857334491','13725272821719','03/28/1997');
INSERT INTO queijo VALUES ('362429233596','71490','Rua do centopeia, 272, Acre - AC','2983','43559967951884','22524345519583','03/28/2001');
INSERT INTO queijo VALUES ('017948759095','01993','Rua do grinalda, 463, Paraná - PR','4837','26369829775995','38892957235256','03/28/2012');
INSERT INTO queijo VALUES ('032689198827','13596','Rua do sinistrado, 61, Ceará - CE','3295','68252239393761','57625949874985','03/29/2008');
INSERT INTO queijo VALUES ('207432767687','76563','Rua do deslizamento, 567, Acre - AC','4974','97324869194199','99443352843151','03/29/2011');
INSERT INTO queijo VALUES ('790385074222','48294','Rua do constar, 226, Goiás - GO','2983','73523666618766','18563489364663','04/01/1992');
INSERT INTO queijo VALUES ('762006212965','80366','Rua do descolar, 576, Piauí - PI','3000','62619347552869','31892846956395','04/02/1993');
INSERT INTO queijo VALUES ('085379378877','38503','Rua do monarca, 203, Alagoas - AL','1852','92657114985753','27519581186556','04/02/1994');
INSERT INTO queijo VALUES ('295917748369','43547','Rua do aspergir, 877, Espírito Santo - ES','1084','94623859977494','53723685669976','04/02/2008');
INSERT INTO queijo VALUES ('459208943201','94814','Rua do grinalda, 463, Paraná - PR','1226','65912377182144','44275515822161','04/03/1999');
INSERT INTO queijo VALUES ('901125792768','51700','Rua do forcado, 532, Maranhão - MA','1084','56151683439819','83514637295758','04/03/2009');
INSERT INTO queijo VALUES ('629382736468','11795','Rua do transtorno, 946, Bahia - BA','3295','12515882759443','99411982161896','04/04/1990');
INSERT INTO queijo VALUES ('353102848646','04539','Rua do constar, 226, Goiás - GO','4974','18412173311328','31583535646416','04/05/1999');
INSERT INTO queijo VALUES ('794104370064','79405','Rua do forcado, 532, Maranhão - MA','4974','13918871381576','54439861811972','04/06/2015');
INSERT INTO queijo VALUES ('923076712559','37709','Rua do aspergir, 877, Espírito Santo - ES','882','34557382819318','12977989295246','04/07/2009');
INSERT INTO queijo VALUES ('120200822537','15160','Rua do ri, 891, Alagoas - AL','4974','71448286578732','22524345519583','04/08/1995');
INSERT INTO queijo VALUES ('816144890655','79115','Rua do descolar, 576, Piauí - PI','782','43626923298561','19886157696946','04/08/2006');
INSERT INTO queijo VALUES ('194148870486','33718','Rua do aspergir, 877, Espírito Santo - ES','4837','53847863353658','36381732592225','04/10/1990');
INSERT INTO queijo VALUES ('904107280388','36042','Rua do sinistrado, 61, Ceará - CE','1231','91661636638912','57416536723521','04/10/1992');
INSERT INTO queijo VALUES ('698769120407','36099','Rua do forcado, 532, Maranhão - MA','4872','12974751213352','69388859575247','04/10/2002');
INSERT INTO queijo VALUES ('209338837350','71490','Rua do descabelar, 788, Alagoas - AL','1901','65862954169821','72182338735442','04/10/2003');
INSERT INTO queijo VALUES ('477298491401','36942','Rua do atolado, 711, Sergipe - SE','1757','19126128454626','62731381895943','04/10/2008');
INSERT INTO queijo VALUES ('048348495708','36099','Rua do mesinha-de-cabeceira, 538, Rio de Janeiro - RJ','3295','88689134137185','16881665936184','04/13/1997');
INSERT INTO queijo VALUES ('407867602960','53337','Rua do strip-tease, 283, Rio de Janeiro - RJ','4324','68154612451245','28542893824528','04/14/1992');
INSERT INTO queijo VALUES ('464369778825','05583','Rua do constar, 226, Goiás - GO','882','69176616737516','87353353347336','04/14/1999');
INSERT INTO queijo VALUES ('056789689202','62561','Rua do acrimonioso, 727, Mato Grosso - MT','4324','21733244468489','51792931612325','04/15/1991');
INSERT INTO queijo VALUES ('223418343947','01873','Rua do mesinha-de-cabeceira, 538, Rio de Janeiro - RJ','1226','88414541996293','12977989295246','04/16/1991');
INSERT INTO queijo VALUES ('783229113984','02111','Rua do dublagem, 68, Distrito Federal - DF','1231','72621723368485','36459225774433','04/16/2007');
INSERT INTO queijo VALUES ('128612816345','28920','Rua do forcado, 532, Maranhão - MA','1757','71976443342925','31892846956395','04/17/2002');
INSERT INTO queijo VALUES ('742119832905','70298','Rua do monarca, 203, Alagoas - AL','3295','81212644861999','79726195817937','04/17/2009');
INSERT INTO queijo VALUES ('868482652575','15160','Rua do aumentados, 826, Pará - PA','2067','73852886862386','48456483488493','04/17/2014');
INSERT INTO queijo VALUES ('484607960962','10266','Rua do calibrador, 160, Rio de Janeiro - RJ','1901','28766958545464','44275515822161','04/17/2015');
INSERT INTO queijo VALUES ('128489547932','36942','Rua do cobra, 60, Paraná - PR','548','89263893748932','24892684838944','04/18/1994');
INSERT INTO queijo VALUES ('746147119141','28920','Rua do aumentados, 826, Pará - PA','1919','84699268774221','58284477275979','04/18/2004');
INSERT INTO queijo VALUES ('521993257875','02111','Rua do sinistro, 873, Roraima - RR','548','55378742168695','29463276543895','04/19/2001');
INSERT INTO queijo VALUES ('416853430498','21123','Rua do constar, 226, Goiás - GO','1852','27114556156584','27519581186556','04/19/2008');
INSERT INTO queijo VALUES ('388614910294','68334','Rua do degradar, 51, Santa Catarina - SC','782','88926726832887','27927972661639','04/19/2013');
INSERT INTO queijo VALUES ('930970569209','20690','Rua do interrogacao, 344, Bahia - BA','4336','25554944881328','74463217198474','04/20/1990');
INSERT INTO queijo VALUES ('949238767625','28192','Rua do cobra, 60, Paraná - PR','1084','13724245351446','68799722948579','04/20/1995');
INSERT INTO queijo VALUES ('471112365962','30540','Rua do transtorno, 946, Bahia - BA','882','92787817882672','49548155944589','04/20/2003');
INSERT INTO queijo VALUES ('249211970547','76024','Rua do constar, 226, Goiás - GO','1084','98716187522429','13858159882622','04/20/2005');
INSERT INTO queijo VALUES ('533112074756','11795','Rua do calibrador, 160, Rio de Janeiro - RJ','1852','41552616949716','93329547999385','04/21/2000');
INSERT INTO queijo VALUES ('853589933119','47137','Rua do roseira, 519, São Paulo - SP','4872','91542823937162','13744922376121','04/21/2009');
INSERT INTO queijo VALUES ('461669943273','19704','Rua do cobra, 60, Paraná - PR','782','76757927886975','24892684838944','04/23/1995');
INSERT INTO queijo VALUES ('874276407917','60972','Rua do atolado, 711, Sergipe - SE','1231','44823932263754','72915664468234','04/23/2010');
INSERT INTO queijo VALUES ('423638249065','88756','Rua do envergar, 27, Piauí - PI','3000','24176416359664','61632495247117','04/24/2005');
INSERT INTO queijo VALUES ('517183317252','33995','Rua do sinistrado, 61, Ceará - CE','2983','91188946933911','48456483488493','04/25/1999');
INSERT INTO queijo VALUES ('584052979123','73071','Rua do calibrador, 160, Rio de Janeiro - RJ','1919','92377984157279','72915664468234','04/27/1990');
INSERT INTO queijo VALUES ('502513312492','80983','Rua do envergar, 27, Piauí - PI','3000','39379491992678','63263711789328','04/27/2008');
INSERT INTO queijo VALUES ('213612354820','99768','Rua do centopeia, 272, Acre - AC','548','69695182494516','69388859575247','04/27/2012');
INSERT INTO queijo VALUES ('898520151892','79115','Rua do piscar, 214, Santa Catarina - SC','2067','55732721939964','44329841926868','04/28/1991');
INSERT INTO queijo VALUES ('855289778662','36942','Rua do strip-tease, 283, Rio de Janeiro - RJ','4831','17497831993996','49548155944589','05/01/2005');
INSERT INTO queijo VALUES ('129049276162','28916','Rua do ri, 891, Alagoas - AL','2067','77495395676776','41516128261669','05/01/2011');
INSERT INTO queijo VALUES ('196461392001','94761','Rua do primario, 149, Rio Grande do Sul - RS','882','65791617927713','99411982161896','05/03/1999');
INSERT INTO queijo VALUES ('760687178654','99768','Rua do lacrimal, 273, Alagoas - AL','1757','11525894896461','37297252476382','05/04/2001');
INSERT INTO queijo VALUES ('393310778895','50194','Rua do aspergir, 877, Espírito Santo - ES','4974','95314959964584','42558158186518','05/05/2002');
INSERT INTO queijo VALUES ('094898624416','10263','Rua do centopeia, 272, Acre - AC','1084','66381645527176','44275515822161','05/09/1998');
INSERT INTO queijo VALUES ('813317730008','11795','Rua do centopeia, 272, Acre - AC','1226','11986395627628','19886157696946','05/10/1997');
INSERT INTO queijo VALUES ('098450058749','76563','Rua do calibrador, 160, Rio de Janeiro - RJ','548','91719654773748','49548155944589','05/10/2002');
INSERT INTO queijo VALUES ('281038925107','10263','Rua do roseira, 519, São Paulo - SP','4324','42118646327717','63263711789328','05/11/2007');
INSERT INTO queijo VALUES ('895415586248','89806','Rua do proximo, 6, Piauí - PI','1226','91588663955186','69388859575247','05/13/2012');
INSERT INTO queijo VALUES ('924095720575','71869','Rua do grinalda, 463, Paraná - PR','2067','58565494326243','17956324111524','05/15/2008');
INSERT INTO queijo VALUES ('370013740333','70619','Rua do aspergir, 877, Espírito Santo - ES','4831','34687397294621','13744922376121','05/15/2015');
INSERT INTO queijo VALUES ('619213075911','44655','Rua do descabelar, 788, Alagoas - AL','1901','43762574972633','12977989295246','05/16/2000');
INSERT INTO queijo VALUES ('434643959223','42806','Rua do envergar, 27, Piauí - PI','4324','54771617765127','45625191389857','05/19/2000');
INSERT INTO queijo VALUES ('661532088631','84305','Rua do grinalda, 463, Paraná - PR','2983','32881568354895','65249196532235','05/19/2006');
INSERT INTO queijo VALUES ('033272715871','33688','Rua do moinho, 553, Rio de Janeiro - RJ','2067','52325381463199','24384683576765','05/24/1990');
INSERT INTO queijo VALUES ('866497264698','36099','Rua do envergar, 27, Piauí - PI','882','66413259692298','42558158186518','05/24/2004');
INSERT INTO queijo VALUES ('501144475545','67659','Rua do envergar, 27, Piauí - PI','1757','51766217769788','44329841926868','05/24/2012');
INSERT INTO lote_manteiga VALUES ('46933','01/01/2000','50','A');
INSERT INTO lote_manteiga VALUES ('15160','01/03/2003','102','B');
INSERT INTO lote_manteiga VALUES ('84305','01/04/2005','30','C');
INSERT INTO lote_manteiga VALUES ('05583','01/04/2015','38','D');
INSERT INTO lote_manteiga VALUES ('50329','01/05/2002','119','E');
INSERT INTO lote_manteiga VALUES ('95616','01/06/2001','80','A');
INSERT INTO lote_manteiga VALUES ('49890','01/07/1995','80','B');
INSERT INTO lote_manteiga VALUES ('11795','01/07/2000','118','C');
INSERT INTO lote_manteiga VALUES ('94761','01/08/2001','84','D');
INSERT INTO lote_manteiga VALUES ('76024','01/08/2009','109','E');
INSERT INTO lote_manteiga VALUES ('20602','01/10/1991','40','A');
INSERT INTO lote_manteiga VALUES ('52655','01/10/1999','55','B');
INSERT INTO lote_manteiga VALUES ('45234','01/10/2001','93','C');
INSERT INTO lote_manteiga VALUES ('96472','01/11/2006','118','D');
INSERT INTO lote_manteiga VALUES ('09671','01/11/2007','32','E');
INSERT INTO lote_manteiga VALUES ('10263','01/13/2008','113','A');
INSERT INTO lote_manteiga VALUES ('73071','01/13/2009','111','B');
INSERT INTO lote_manteiga VALUES ('85320','01/13/2013','62','C');
INSERT INTO lote_manteiga VALUES ('60972','01/14/2007','38','D');
INSERT INTO lote_manteiga VALUES ('45460','01/15/2008','95','E');
INSERT INTO lote_manteiga VALUES ('17511','01/15/2013','73','A');
INSERT INTO lote_manteiga VALUES ('96537','01/16/1991','64','B');
INSERT INTO lote_manteiga VALUES ('58424','01/16/2000','56','C');
INSERT INTO lote_manteiga VALUES ('64342','01/17/2010','40','D');
INSERT INTO lote_manteiga VALUES ('08971','01/17/2015','51','E');
INSERT INTO lote_manteiga VALUES ('04539','01/18/1990','87','A');
INSERT INTO lote_manteiga VALUES ('71104','01/18/2001','83','B');
INSERT INTO lote_manteiga VALUES ('20690','01/18/2013','40','C');
INSERT INTO lote_manteiga VALUES ('36942','01/20/2000','97','D');
INSERT INTO lote_manteiga VALUES ('86036','01/20/2014','103','E');
INSERT INTO lote_manteiga VALUES ('44655','01/23/1998','55','A');
INSERT INTO lote_manteiga VALUES ('28192','01/23/2004','46','B');
INSERT INTO lote_manteiga VALUES ('34196','01/23/2013','88','C');
INSERT INTO lote_manteiga VALUES ('72596','01/24/1995','47','D');
INSERT INTO lote_manteiga VALUES ('33718','01/24/2004','62','E');
INSERT INTO lote_manteiga VALUES ('83912','01/25/2006','92','A');
INSERT INTO lote_manteiga VALUES ('99507','01/25/2012','105','B');
INSERT INTO lote_manteiga VALUES ('39197','01/27/1994','33','C');
INSERT INTO lote_manteiga VALUES ('79115','01/27/2011','31','D');
INSERT INTO lote_manteiga VALUES ('56333','01/29/2003','56','E');
INSERT INTO lote_manteiga VALUES ('89806','01/29/2011','119','A');
INSERT INTO lote_manteiga VALUES ('22003','02/01/1996','45','B');
INSERT INTO lote_manteiga VALUES ('10702','02/02/2002','110','C');
INSERT INTO lote_manteiga VALUES ('88756','02/02/2003','116','D');
INSERT INTO lote_manteiga VALUES ('25618','02/05/1999','50','E');
INSERT INTO lote_manteiga VALUES ('21123','02/05/2006','98','A');
INSERT INTO lote_manteiga VALUES ('92195','02/09/2005','102','B');
INSERT INTO lote_manteiga VALUES ('19011','02/09/2007','82','C');
INSERT INTO lote_manteiga VALUES ('68334','02/09/2014','83','D');
INSERT INTO lote_manteiga VALUES ('67659','02/10/1995','119','E');
INSERT INTO lote_manteiga VALUES ('99768','02/10/2000','75','A');
INSERT INTO lote_manteiga VALUES ('94814','02/11/1993','49','B');
INSERT INTO lote_manteiga VALUES ('54989','02/11/2005','115','C');
INSERT INTO lote_manteiga VALUES ('96885','02/12/2005','36','D');
INSERT INTO lote_manteiga VALUES ('29557','02/13/2004','38','E');
INSERT INTO lote_manteiga VALUES ('70139','02/15/2000','113','A');
INSERT INTO lote_manteiga VALUES ('26944','02/15/2002','57','B');
INSERT INTO lote_manteiga VALUES ('66157','02/15/2012','78','C');
INSERT INTO lote_manteiga VALUES ('37709','02/17/1991','116','D');
INSERT INTO preco_manteiga VALUES ('1919','.028');
INSERT INTO preco_manteiga VALUES ('4831','.355');
INSERT INTO preco_manteiga VALUES ('4872','.410');
INSERT INTO preco_manteiga VALUES ('1901','.806');
INSERT INTO preco_manteiga VALUES ('882','.527');
INSERT INTO preco_manteiga VALUES ('1231','.371');
INSERT INTO preco_manteiga VALUES ('3000','.299');
INSERT INTO preco_manteiga VALUES ('1084','.301');
INSERT INTO preco_manteiga VALUES ('548','.895');
INSERT INTO manteiga VALUES ('123395020131','46933','Rua do dublagem, 68, Distrito Federal - DF','1919','28877657316458','28877657316458','01/01/2000');
INSERT INTO manteiga VALUES ('173362733792','15160','Rua do interrogacao, 344, Bahia - BA','4831','89937689711651','89937689711651','01/03/2003');
INSERT INTO manteiga VALUES ('613177568382','84305','Rua do envergar, 27, Piauí - PI','4872','78454526435479','78454526435479','01/04/2005');
INSERT INTO manteiga VALUES ('565226371754','05583','Rua do roseira, 519, São Paulo - SP','1901','21436994841879','21436994841879','01/04/2015');
INSERT INTO manteiga VALUES ('970186961151','50329','Rua do mesinha-de-cabeceira, 538, Rio de Janeiro - RJ','882','83755674698581','83755674698581','01/05/2002');
INSERT INTO manteiga VALUES ('703216920322','95616','Rua do descolar, 576, Piauí - PI','1231','65249196532235','65249196532235','01/06/2001');
INSERT INTO manteiga VALUES ('569698751396','49890','Rua do degradar, 51, Santa Catarina - SC','3000','48731659959757','48731659959757','01/07/1995');
INSERT INTO manteiga VALUES ('119494362412','11795','Rua do lacrimal, 273, Alagoas - AL','1084','56327963523623','56327963523623','01/07/2000');
INSERT INTO manteiga VALUES ('560283504066','94761','Rua do ri, 891, Alagoas - AL','548','44275515822161','44275515822161','01/08/2001');
INSERT INTO manteiga VALUES ('708365223979','76024','Rua do telegrama, 669, Pernambuco - PE','1231','43518343123326','43518343123326','01/08/2009');
INSERT INTO manteiga VALUES ('421630037249','20602','Rua do acrimonioso, 727, Mato Grosso - MT','1084','44329841926868','44329841926868','01/10/1991');
INSERT INTO manteiga VALUES ('422353395317','52655','Rua do grinalda, 463, Paraná - PR','1901','57416536723521','57416536723521','01/10/1999');
INSERT INTO manteiga VALUES ('508208124066','45234','Rua do aspergir, 877, Espírito Santo - ES','1901','63942321432162','63942321432162','01/10/2001');
INSERT INTO manteiga VALUES ('802092980425','96472','Rua do sulino, 892, Pará - PA','4831','68799722948579','68799722948579','01/11/2006');
INSERT INTO manteiga VALUES ('460023122757','09671','Rua do calibrador, 160, Rio de Janeiro - RJ','1084','79726195817937','79726195817937','01/11/2007');
INSERT INTO manteiga VALUES ('254726388550','10263','Rua do monarca, 203, Alagoas - AL','1901','49548155944589','49548155944589','01/13/2008');
INSERT INTO manteiga VALUES ('583504510611','73071','Rua do revirado, 435, Sergipe - SE','4872','88267353828123','88267353828123','01/13/2009');
INSERT INTO manteiga VALUES ('127581767704','85320','Rua do moinho, 553, Rio de Janeiro - RJ','1919','57912634612282','57912634612282','01/13/2013');
INSERT INTO manteiga VALUES ('959387665353','60972','Rua do cobra, 60, Paraná - PR','1084','63263711789328','63263711789328','01/14/2007');
INSERT INTO manteiga VALUES ('967828586488','45460','Rua do aumentados, 826, Pará - PA','1901','17673712114243','17673712114243','01/15/2008');
INSERT INTO manteiga VALUES ('835024201344','17511','Rua do strip-tease, 283, Rio de Janeiro - RJ','4831','13744922376121','13744922376121','01/15/2013');
INSERT INTO manteiga VALUES ('337287883046','96537','Rua do transtorno, 946, Bahia - BA','4872','27519581186556','27519581186556','01/16/1991');
INSERT INTO manteiga VALUES ('701283105362','58424','Rua do centopeia, 272, Acre - AC','1231','28542893824528','28542893824528','01/16/2000');
INSERT INTO manteiga VALUES ('850795457328','64342','Rua do sinistro, 873, Roraima - RR','1901','31892846956395','31892846956395','01/17/2010');
INSERT INTO manteiga VALUES ('405965062296','08971','Rua do piscar, 214, Santa Catarina - SC','1231','31583535646416','31583535646416','01/17/2015');
INSERT INTO manteiga VALUES ('197745266857','04539','Rua do primario, 149, Rio Grande do Sul - RS','1901','13858159882622','13858159882622','01/18/1990');
INSERT INTO manteiga VALUES ('968582488513','71104','Rua do atolado, 711, Sergipe - SE','4831','72915664468234','72915664468234','01/18/2001');
INSERT INTO manteiga VALUES ('678129794100','20690','Rua do aparentado, 977, Mato Grosso do Sul - MS','882','24892684838944','24892684838944','01/18/2013');
INSERT INTO manteiga VALUES ('227998122432','36942','Rua do descabelar, 788, Alagoas - AL','3000','81469922822532','81469922822532','01/20/2000');
INSERT INTO manteiga VALUES ('116790831016','86036','Rua do sinistrado, 61, Ceará - CE','4872','12688859223945','12688859223945','01/20/2014');
INSERT INTO manteiga VALUES ('512376567926','44655','Rua do deslizamento, 567, Acre - AC','548','68931826397446','68931826397446','01/23/1998');
INSERT INTO manteiga VALUES ('130186197765','28192','Rua do forcado, 532, Maranhão - MA','1919','48561267417794','48561267417794','01/23/2004');
INSERT INTO manteiga VALUES ('599763904054','34196','Rua do proximo, 6, Piauí - PI','4831','99443352843151','99443352843151','01/23/2013');
INSERT INTO manteiga VALUES ('626360144423','72596','Rua do constar, 226, Goiás - GO','882','56756444114214','56756444114214','01/24/1995');
INSERT INTO manteiga VALUES ('473264176345','33718','Rua do telegrama, 669, Pernambuco - PE','1231','48456483488493','48456483488493','01/24/2004');
INSERT INTO manteiga VALUES ('455389350874','83912','Rua do sulino, 892, Pará - PA','1084','83514637295758','83514637295758','01/25/2006');
INSERT INTO manteiga VALUES ('222630691321','99507','Rua do mesinha-de-cabeceira, 538, Rio de Janeiro - RJ','3000','68335491474951','68335491474951','01/25/2012');
INSERT INTO manteiga VALUES ('142009900801','39197','Rua do roseira, 519, São Paulo - SP','548','54796673574722','54796673574722','01/27/1994');
INSERT INTO manteiga VALUES ('252611488438','79115','Rua do transtorno, 946, Bahia - BA','4831','27927972661639','27927972661639','01/27/2011');
INSERT INTO manteiga VALUES ('844837714642','56333','Rua do forcado, 532, Maranhão - MA','882','13623132583611','13623132583611','01/29/2003');
INSERT INTO manteiga VALUES ('169531053248','89806','Rua do sinistrado, 61, Ceará - CE','1901','29248348439557','29248348439557','01/29/2011');
INSERT INTO manteiga VALUES ('450399968864','22003','Rua do strip-tease, 283, Rio de Janeiro - RJ','1084','82529926942364','82529926942364','02/01/1996');
INSERT INTO manteiga VALUES ('045737892604','10702','Rua do primario, 149, Rio Grande do Sul - RS','548','19886157696946','19886157696946','02/02/2002');
INSERT INTO manteiga VALUES ('639873218154','88756','Rua do lacrimal, 273, Alagoas - AL','4872','69388859575247','69388859575247','02/02/2003');
INSERT INTO manteiga VALUES ('548206583692','25618','Rua do acrimonioso, 727, Mato Grosso - MT','3000','13725272821719','13725272821719','02/05/1999');
INSERT INTO manteiga VALUES ('558879025756','21123','Rua do descabelar, 788, Alagoas - AL','1231','45625191389857','45625191389857','02/05/2006');
INSERT INTO manteiga VALUES ('283496521382','92195','Rua do descabelar, 788, Alagoas - AL','3000','68838555273434','68838555273434','02/09/2005');
INSERT INTO manteiga VALUES ('986906417370','19011','Rua do lacrimal, 273, Alagoas - AL','4872','64743551837458','64743551837458','02/09/2007');
INSERT INTO manteiga VALUES ('125557443932','68334','Rua do aparentado, 977, Mato Grosso do Sul - MS','4872','24384683576765','24384683576765','02/09/2014');
INSERT INTO manteiga VALUES ('393687739582','67659','Rua do sinistrado, 61, Ceará - CE','1919','38892957235256','38892957235256','02/10/1995');
INSERT INTO manteiga VALUES ('738307210329','99768','Rua do degradar, 51, Santa Catarina - SC','3000','29463276543895','29463276543895','02/10/2000');
INSERT INTO manteiga VALUES ('842433728868','94814','Rua do ri, 891, Alagoas - AL','4872','58693253681925','58693253681925','02/11/1993');
INSERT INTO manteiga VALUES ('594750475076','54989','Rua do roseira, 519, São Paulo - SP','1084','56544742131736','56544742131736','02/11/2005');
INSERT INTO manteiga VALUES ('808443830492','96885','Rua do monarca, 203, Alagoas - AL','1901','69669122877223','69669122877223','02/12/2005');
INSERT INTO manteiga VALUES ('420412637072','29557','Rua do degradar, 51, Santa Catarina - SC','4831','74191842111493','74191842111493','02/13/2004');
INSERT INTO manteiga VALUES ('555205960499','70139','Rua do grinalda, 463, Paraná - PR','4872','63526331696872','63526331696872','02/15/2000');
INSERT INTO manteiga VALUES ('419034817993','26944','Rua do calibrador, 160, Rio de Janeiro - RJ','1919','48682639863676','48682639863676','02/15/2002');
INSERT INTO manteiga VALUES ('317820334977','66157','Rua do descolar, 576, Piauí - PI','548','46888344334346','46888344334346','02/15/2012');
INSERT INTO manteiga VALUES ('353803266713','37709','Rua do piscar, 214, Santa Catarina - SC','4831','41516128261669','41516128261669','02/17/1991');
INSERT INTO manteiga VALUES ('672865463054','64342','Rua do constar, 226, Goiás - GO','1231','53723685669976','53723685669976','02/17/1999');
INSERT INTO manteiga VALUES ('425237802204','85320','Rua do envergar, 27, Piauí - PI','3000','19962692581419','19962692581419','02/17/2011');
INSERT INTO manteiga VALUES ('247426899304','73071','Rua do proximo, 6, Piauí - PI','882','35679672264853','35679672264853','02/17/2013');
INSERT INTO manteiga VALUES ('269725286671','36942','Rua do aumentados, 826, Pará - PA','3000','24231574155869','24231574155869','02/19/1990');
INSERT INTO manteiga VALUES ('029581714714','96472','Rua do deslizamento, 567, Acre - AC','3000','54439861811972','54439861811972','02/20/1997');
INSERT INTO manteiga VALUES ('668571763068','26944','Rua do telegrama, 669, Pernambuco - PE','1084','49574361853457','49574361853457','02/20/1999');
INSERT INTO manteiga VALUES ('618327268889','50329','Rua do primario, 149, Rio Grande do Sul - RS','1901','51792931612325','51792931612325','02/20/2006');
INSERT INTO manteiga VALUES ('710500354247','50329','Rua do sinistro, 873, Roraima - RR','1901','22524345519583','22524345519583','02/20/2009');
INSERT INTO manteiga VALUES ('794525453582','66157','Rua do telegrama, 669, Pernambuco - PE','4831','34214778618992','34214778618992','02/22/2002');
INSERT INTO manteiga VALUES ('859067177208','44655','Rua do telegrama, 669, Pernambuco - PE','4872','61632495247117','61632495247117','02/22/2004');
INSERT INTO manteiga VALUES ('884892631737','67659','Rua do grinalda, 463, Paraná - PR','1919','62731381895943','62731381895943','02/23/1993');
INSERT INTO manteiga VALUES ('904671073595','85320','Rua do aparentado, 977, Mato Grosso do Sul - MS','548','94395231751542','94395231751542','02/23/2012');
INSERT INTO manteiga VALUES ('819858934462','89806','Rua do interrogacao, 344, Bahia - BA','548','58284477275979','58284477275979','02/24/2014');
INSERT INTO manteiga VALUES ('972018498440','45460','Rua do strip-tease, 283, Rio de Janeiro - RJ','1919','36446981625597','36446981625597','02/25/1999');
INSERT INTO manteiga VALUES ('372159246223','96885','Rua do degradar, 51, Santa Catarina - SC','1231','65357594558398','65357594558398','02/26/1992');
INSERT INTO manteiga VALUES ('527670794889','49890','Rua do descabelar, 788, Alagoas - AL','882','99411982161896','99411982161896','02/26/1995');
INSERT INTO manteiga VALUES ('550495606888','21123','Rua do dublagem, 68, Distrito Federal - DF','882','17956324111524','17956324111524','02/27/2004');
INSERT INTO manteiga VALUES ('593915047375','60972','Rua do interrogacao, 344, Bahia - BA','1084','92575163692737','92575163692737','02/28/2007');
INSERT INTO manteiga VALUES ('663830135521','45234','Rua do sinistro, 873, Roraima - RR','548','57625949874985','57625949874985','02/28/2015');
INSERT INTO manteiga VALUES ('050809215786','04539','Rua do roseira, 519, São Paulo - SP','548','42558158186518','42558158186518','02/29/2002');
INSERT INTO manteiga VALUES ('501631362216','95616','Rua do proximo, 6, Piauí - PI','4872','76198632991619','76198632991619','02/29/2005');
INSERT INTO manteiga VALUES ('303987762285','66157','Rua do atolado, 711, Sergipe - SE','3000','99775159383445','99775159383445','02/29/2009');
INSERT INTO manteiga VALUES ('028092070187','68334','Rua do proximo, 6, Piauí - PI','4831','23714352324859','23714352324859','03/01/1997');
INSERT INTO manteiga VALUES ('422297560916','96885','Rua do acrimonioso, 727, Mato Grosso - MT','4831','58873115761266','58873115761266','03/02/1990');
INSERT INTO manteiga VALUES ('279585007381','09671','Rua do proximo, 6, Piauí - PI','1919','82412468476241','82412468476241','03/02/2010');
INSERT INTO manteiga VALUES ('987503387385','36942','Rua do dublagem, 68, Distrito Federal - DF','3000','16881665936184','16881665936184','03/04/2015');
INSERT INTO manteiga VALUES ('124958057276','45460','Rua do telegrama, 669, Pernambuco - PE','548','43556969233967','43556969233967','03/08/1997');
INSERT INTO manteiga VALUES ('402718934103','15160','Rua do roseira, 519, São Paulo - SP','548','49174655199131','49174655199131','03/08/2006');
INSERT INTO manteiga VALUES ('277445017888','10702','Rua do descabelar, 788, Alagoas - AL','3000','86378192443441','86378192443441','03/09/1994');
INSERT INTO manteiga VALUES ('911842825291','89806','Rua do deslizamento, 567, Acre - AC','882','37297252476382','37297252476382','03/09/1995');
INSERT INTO manteiga VALUES ('447836188977','09671','Rua do ri, 891, Alagoas - AL','548','96821629517938','96821629517938','03/09/2013');
INSERT INTO manteiga VALUES ('524088486230','09671','Rua do calibrador, 160, Rio de Janeiro - RJ','1901','18563489364663','18563489364663','03/10/1996');
INSERT INTO manteiga VALUES ('136945546620','11795','Rua do piscar, 214, Santa Catarina - SC','882','31241548349345','31241548349345','03/11/2003');
INSERT INTO manteiga VALUES ('146975989887','44655','Rua do ri, 891, Alagoas - AL','1919','75141574624368','75141574624368','03/11/2007');
INSERT INTO manteiga VALUES ('791413146437','76024','Rua do mesinha-de-cabeceira, 538, Rio de Janeiro - RJ','548','26826975744844','26826975744844','03/13/1994');
INSERT INTO manteiga VALUES ('507565146526','11795','Rua do roseira, 519, São Paulo - SP','1901','44933371547992','44933371547992','03/13/1997');
INSERT INTO manteiga VALUES ('757504843937','09671','Rua do lacrimal, 273, Alagoas - AL','882','34243828544238','34243828544238','03/13/2010');
INSERT INTO manteiga VALUES ('999248478731','60972','Rua do acrimonioso, 727, Mato Grosso - MT','1084','69348111289346','69348111289346','03/15/2015');
INSERT INTO manteiga VALUES ('648430142636','70139','Rua do interrogacao, 344, Bahia - BA','1084','36459225774433','36459225774433','03/16/1993');
INSERT INTO manteiga VALUES ('649464834010','68334','Rua do aspergir, 877, Espírito Santo - ES','1231','17213678775831','17213678775831','03/16/2004');
INSERT INTO manteiga VALUES ('273222812678','79115','Rua do mesinha-de-cabeceira, 538, Rio de Janeiro - RJ','4872','75823597851661','75823597851661','03/18/1990');
INSERT INTO manteiga VALUES ('264875431937','64342','Rua do transtorno, 946, Bahia - BA','4831','93329547999385','93329547999385','03/19/1999');
INSERT INTO manteiga VALUES ('763088837520','89806','Rua do aparentado, 977, Mato Grosso do Sul - MS','4872','87353353347336','87353353347336','03/19/2002');
INSERT INTO manteiga VALUES ('281755181503','68334','Rua do sinistrado, 61, Ceará - CE','1919','12977989295246','12977989295246','03/19/2005');
INSERT INTO manteiga VALUES ('674189011106','89806','Rua do piscar, 214, Santa Catarina - SC','1901','27688822943818','27688822943818','03/21/1998');
INSERT INTO manteiga VALUES ('648347784964','15160','Rua do piscar, 214, Santa Catarina - SC','1919','74463217198474','74463217198474','03/21/2009');
INSERT INTO manteiga VALUES ('422345809340','08971','Rua do centopeia, 272, Acre - AC','1084','36381732592225','36381732592225','03/23/2009');
INSERT INTO manteiga VALUES ('500561576101','83912','Rua do lacrimal, 273, Alagoas - AL','882','72182338735442','72182338735442','03/24/1996');
INSERT INTO manteiga VALUES ('430090792472','28192','Rua do descabelar, 788, Alagoas - AL','3000','83121182257373','83121182257373','03/24/1999');
INSERT INTO manteiga VALUES ('282311239461','99768','Rua do transtorno, 946, Bahia - BA','4831','58479847462371','58479847462371','03/25/1995');
INSERT INTO manteiga VALUES ('801601257307','94814','Rua do forcado, 532, Maranhão - MA','1919','93331848386699','93331848386699','03/27/1998');
INSERT INTO manteiga VALUES ('385064022729','56333','Rua do ri, 891, Alagoas - AL','882','92569391696872','92569391696872','03/27/2000');
INSERT INTO manteiga VALUES ('866055734076','46933','Rua do centopeia, 272, Acre - AC','4872','61693857334491','13725272821719','03/28/1997');
INSERT INTO manteiga VALUES ('362429233596','96537','Rua do centopeia, 272, Acre - AC','4872','43559967951884','22524345519583','03/28/2001');
INSERT INTO manteiga VALUES ('017948759095','09671','Rua do grinalda, 463, Paraná - PR','4831','26369829775995','38892957235256','03/28/2012');
INSERT INTO manteiga VALUES ('032689198827','29557','Rua do sinistrado, 61, Ceará - CE','3000','68252239393761','57625949874985','03/29/2008');
INSERT INTO manteiga VALUES ('207432767687','70139','Rua do deslizamento, 567, Acre - AC','4872','97324869194199','99443352843151','03/29/2011');
INSERT INTO manteiga VALUES ('790385074222','79115','Rua do constar, 226, Goiás - GO','3000','73523666618766','18563489364663','04/01/1992');
INSERT INTO manteiga VALUES ('762006212965','94814','Rua do descolar, 576, Piauí - PI','1901','62619347552869','31892846956395','04/02/1993');
INSERT INTO manteiga VALUES ('085379378877','49890','Rua do monarca, 203, Alagoas - AL','3000','92657114985753','27519581186556','04/02/1994');
INSERT INTO manteiga VALUES ('295917748369','10263','Rua do aspergir, 877, Espírito Santo - ES','548','94623859977494','53723685669976','04/02/2008');
INSERT INTO manteiga VALUES ('459208943201','79115','Rua do grinalda, 463, Paraná - PR','1919','65912377182144','44275515822161','04/03/1999');
INSERT INTO manteiga VALUES ('901125792768','64342','Rua do forcado, 532, Maranhão - MA','1901','56151683439819','83514637295758','04/03/2009');
INSERT INTO manteiga VALUES ('629382736468','60972','Rua do transtorno, 946, Bahia - BA','1084','12515882759443','99411982161896','04/04/1990');
INSERT INTO manteiga VALUES ('353102848646','44655','Rua do constar, 226, Goiás - GO','4831','18412173311328','31583535646416','04/05/1999');
INSERT INTO manteiga VALUES ('794104370064','94761','Rua do forcado, 532, Maranhão - MA','1901','13918871381576','54439861811972','04/06/2015');
INSERT INTO manteiga VALUES ('923076712559','71104','Rua do aspergir, 877, Espírito Santo - ES','1084','34557382819318','12977989295246','04/07/2009');
INSERT INTO manteiga VALUES ('120200822537','96537','Rua do ri, 891, Alagoas - AL','1084','71448286578732','22524345519583','04/08/1995');
INSERT INTO manteiga VALUES ('816144890655','20602','Rua do descolar, 576, Piauí - PI','4831','43626923298561','19886157696946','04/08/2006');
INSERT INTO manteiga VALUES ('194148870486','15160','Rua do aspergir, 877, Espírito Santo - ES','3000','53847863353658','36381732592225','04/10/1990');
INSERT INTO manteiga VALUES ('904107280388','10702','Rua do sinistrado, 61, Ceará - CE','548','91661636638912','57416536723521','04/10/1992');
INSERT INTO manteiga VALUES ('698769120407','68334','Rua do forcado, 532, Maranhão - MA','4831','12974751213352','69388859575247','04/10/2002');
INSERT INTO manteiga VALUES ('209338837350','25618','Rua do descabelar, 788, Alagoas - AL','1901','65862954169821','72182338735442','04/10/2003');
INSERT INTO pessoa VALUES ('11718276243','Daniel Bittencourt Goldner','1997464228');
INSERT INTO pessoa VALUES ('14056326098','Stela Tellarolli Botelho','1842002479');
INSERT INTO pessoa VALUES ('23733464729','Philippe Luiz Lima Moreira','1053955389');
INSERT INTO pessoa VALUES ('39000507125','Vitor de Freitas','1134037138');
INSERT INTO pessoa VALUES ('37732700424','Giulia Faria Zima','1736358387');
INSERT INTO pessoa VALUES ('04779824139','Luiz Fernando Silva Bedani','1500766037');
INSERT INTO pessoa VALUES ('42177651023','Clarice de Abreu Dellape','1238515615');
INSERT INTO pessoa VALUES ('68691808857','Marco Antonio Steck Filho','1377887638');
INSERT INTO pessoa VALUES ('76904077791','Tales Roger do Carmo','1303798276');
INSERT INTO pessoa VALUES ('84358791981','Kessia Nazar Rebac','1723221135');
INSERT INTO pessoa VALUES ('72599692273','Bianca de Souza Tarasco','1428789044');
INSERT INTO pessoa VALUES ('67248300684','Mauricio de Oliveira Amendola','1082209789');
INSERT INTO pessoa VALUES ('55618079285','Murilo Theotonio Alves Cruz','1024244458');
INSERT INTO pessoa VALUES ('56842076978','Enzo Augusto Pinto','1759196493');
INSERT INTO pessoa VALUES ('18929534259','Patricia Souza Braulino','1153834808');
INSERT INTO pessoa VALUES ('34270471544','Rodrigo Alves dos Santos','1207210628');
INSERT INTO pessoa VALUES ('58423710053','Ana Luiza Mendes Martins','1410868037');
INSERT INTO pessoa VALUES ('32183849657','Larissa Costa Figueiredo','1422797112');
INSERT INTO pessoa VALUES ('77696387756','Priscila Probio de Moraes','1032853337');
INSERT INTO pessoa VALUES ('14663397140','Eduardo Minoro Sato','1761125158');
INSERT INTO pessoa VALUES ('26644745202','Anthony Louis Gotlib Ferreira','1356053739');
INSERT INTO pessoa VALUES ('28654243284','Isabella Costa Orcatti da','1770680021');
INSERT INTO pessoa VALUES ('90073023990','Flavia Pineiro Nery','1071770206');
INSERT INTO pessoa VALUES ('43253322729','Rafael Alves de Souza','1678697066');
INSERT INTO pessoa VALUES ('95001561141','Aline de Castro Vitorelli','1020441861');
INSERT INTO pessoa VALUES ('35829836174','Milena Correa Nesti','1273122081');
INSERT INTO pessoa VALUES ('98545858959','Ricardo Trainotti Rabonato','1042098499');
INSERT INTO pessoa VALUES ('61994082428','Maria Paula Oliveira Gomes','1010920586');
INSERT INTO pessoa VALUES ('50924810549','Alexandre Correa Melo','1985922885');
INSERT INTO pessoa VALUES ('12840964743','Giovanni Bertao','1602869027');
INSERT INTO pessoa VALUES ('36575879943','Gabriele Cantuaria Benedito','1237485532');
INSERT INTO pessoa VALUES ('62977641676','Karen Kawata Kobayashi','1753185035');
INSERT INTO pessoa VALUES ('73571452919','Gabriela Figueiredo Ramos','1072761643');
INSERT INTO pessoa VALUES ('24159670856','Rodrigo Stranieri Bastos','1472359086');
INSERT INTO pessoa VALUES ('93325843407','William Caitano de Jesus','1223148689');
INSERT INTO pessoa VALUES ('97001162776','Fernanda Silva Leal','1025757859');
INSERT INTO pessoa VALUES ('25786813485','Danilo Aparecido do Carmo','1604251637');
INSERT INTO pessoa VALUES ('04749488035','Wilson Soares da Silva','1744101458');
INSERT INTO pessoa VALUES ('48692151131','Pedro Montagner Coelho','1698371496');
INSERT INTO pessoa VALUES ('73747820565','Felippe Augusto Tossini Cabral','1590981106');
INSERT INTO pessoa VALUES ('75250475432','Glauco dos Santos de','1446952993');
INSERT INTO pessoa VALUES ('66492878917','Gabriela Conde da Silva','1425170452');
INSERT INTO pessoa VALUES ('39487142905','Priscila Bichoff Coelho','1234913694');
INSERT INTO pessoa VALUES ('88024853129','Laura Sampaio de Moura','1514175071');
INSERT INTO pessoa VALUES ('89223076760','Isabella Trevisani Jordao','1714270758');
INSERT INTO pessoa VALUES ('52075185818','Thomaz Mendonca Avelino','1547670577');
INSERT INTO pessoa VALUES ('51810441702','Pedro Antonio Jarmy Derani','1246996970');
INSERT INTO pessoa VALUES ('11025848148','Paula Lins Ferro','1790506958');
INSERT INTO pessoa VALUES ('46079914680','Luan Savariz Ferreira Ribeiro','1310642643');
INSERT INTO pessoa VALUES ('50059263028','Cinthia da Silva Zacarao','1276234472');
INSERT INTO pessoa VALUES ('58929542732','Victoria Guzzo Caporal','1870450237');
INSERT INTO pessoa VALUES ('27089761581','Pablo Lopes Paes Athu','1774062334');
INSERT INTO pessoa VALUES ('01240170015','Giulia Caputi Trefiglio','1917144364');
INSERT INTO pessoa VALUES ('20798874489','Julia Massucato Silva','1171171973');
INSERT INTO pessoa VALUES ('75840086099','Beatriz de Andrade de','1521294762');
INSERT INTO pessoa VALUES ('49577587274','Ana Carolina Gomes Pereira','1957280531');
INSERT INTO pessoa VALUES ('73542782926','Julia Maria Luiz Oliveira','1464552562');
INSERT INTO pessoa VALUES ('26149449400','Julia Grippa Marques','1928607351');
INSERT INTO pessoa VALUES ('49643919932','Barbara Bulgarelli Pereira Goncalves','1081213445');
INSERT INTO pessoa VALUES ('92190616891','Leticia de Carvalho Schilling','1796991579');
INSERT INTO pessoa VALUES ('47842085037','Bernardo Persegani Barcellos','1018128077');
INSERT INTO pessoa VALUES ('20553593787','Gustavo Graziosi Silva','1874851331');
INSERT INTO pessoa VALUES ('87904301805','Laura Luciano Scaciota','1815740188');
INSERT INTO pessoa VALUES ('94462356008','Mariana Mendes Goncalves Cimatti','1188812878');
INSERT INTO pessoa VALUES ('48570298604','Luiza Matheus Cruz','1344989414');
INSERT INTO pessoa VALUES ('61484507174','Leticia Cappuccelli Pinto','1598292104');
INSERT INTO pessoa VALUES ('75827200756','Bruno Souza Cerqueira','1358615051');
INSERT INTO pessoa VALUES ('88411184856','Matheus Belarmino Nascimento','1763200624');
INSERT INTO pessoa VALUES ('41699949174','Bruno de Fontarce Lima','1694190391');
INSERT INTO pessoa VALUES ('36632806325','Enrico Ventrice Ricci','1151547813');
INSERT INTO pessoa VALUES ('17894523078','Guilherme Berlingieri Polho','1477262344');
INSERT INTO pessoa VALUES ('78736483913','Fernando Altenfelder Santos','1678833434');
INSERT INTO pessoa VALUES ('47661774396','Vitor de Carvalho Gimenes','1669036683');
INSERT INTO pessoa VALUES ('00616210655','Matheus Godoy Bolsarini','1955664553');
INSERT INTO pessoa VALUES ('52334542308','Luis Felipe Ferreira Vidal','1378025698');
INSERT INTO pessoa VALUES ('73129739742','Angelo Nogueira Peghim','1916559125');
INSERT INTO pessoa VALUES ('85400744590','Stefano Lopes dos Santos','1619681457');
INSERT INTO pessoa VALUES ('46749016378','Gabriela de Oliveira Turquetto','1193828763');
INSERT INTO pessoa VALUES ('31021992442','Alexandre Massao Tamaoki','1056171351');
INSERT INTO pessoa VALUES ('61618468180','Iago Pereira Vicentin','1117696718');
INSERT INTO pessoa VALUES ('62792233214','Marina Breseghello de Britto','1979358815');
INSERT INTO pessoa VALUES ('33189861117','Antonio Marcos Gabetta Junior','1321777367');
INSERT INTO pessoa VALUES ('27352290630','Mariana de Oliveira','1511905251');
INSERT INTO pessoa VALUES ('02088033425','William Maiko Balzanello','1817236482');
INSERT INTO pessoa VALUES ('31782550054','Laura Perez Zapata Moreno','1844223395');
INSERT INTO pessoa VALUES ('58895658676','Leticia Thais Aires da','1828399675');
INSERT INTO pessoa VALUES ('23958536091','Leonardo Santana Rocha dos','1694261186');
INSERT INTO pessoa VALUES ('79894186498','Giovanna Vendramini','1556725655');
INSERT INTO pessoa VALUES ('53799075960','Beatriz Mathenhauer Montai Messias','1724724073');
INSERT INTO pessoa VALUES ('58421165112','Katherly Taina Grego Lira','1861975242');
INSERT INTO pessoa VALUES ('63647124301','Isabela Magalhaes Bordignon','1745273922');
INSERT INTO pessoa VALUES ('23267448053','Gabriela Guesso Pereira','1863925839');
INSERT INTO pessoa VALUES ('70995106576','Eduardo Mantovani Junqueira Smith','1260227567');
INSERT INTO pessoa VALUES ('12748003058','Luis Eduardo de A','1204082372');
INSERT INTO pessoa VALUES ('84344926350','Mateus Yukio Fukuhara Oioli','1142399408');
INSERT INTO pessoa VALUES ('17044219827','Andre Filipe Guimaraes Fortunato','1061532460');
INSERT INTO pessoa VALUES ('98543498384','Giulia Scomparim Batistella','1445804541');
INSERT INTO pessoa VALUES ('59026340711','Vitor Ramos Domingos','1947543154');
INSERT INTO pessoa VALUES ('10992316336','Sylvio Rodrigues Viamonte Neto','1377352245');
INSERT INTO pessoa VALUES ('17625438592','Victor Chacon Codesseira','1312828871');
INSERT INTO pessoa VALUES ('63301463879','Carolina Aparecida de Moraes','1518366909');
INSERT INTO pessoa VALUES ('78113612408','Lucas Loiola de Almeida','1358705872');
INSERT INTO pessoa VALUES ('64394169112','Pedro Emanuel Lourenco Signori','1617904107');
INSERT INTO pessoa VALUES ('04311133261','Joao Ricardo Abud Chinaglia','1527929505');
INSERT INTO pessoa VALUES ('40246815011','Matheus Delaqua Rocha de','1845828368');
INSERT INTO pessoa VALUES ('14707320362','Endryo Miranda Rodrigues','1099961533');
INSERT INTO pessoa VALUES ('14310842801','Sergio Ferreira Batista Filho','1713632529');
INSERT INTO pessoa VALUES ('22708518902','Jose Carlos Venancio Lopes','1597968391');
INSERT INTO pessoa VALUES ('28831373716','Guilherme Thel Donato','1490527221');
INSERT INTO pessoa VALUES ('13844324649','Pietro Tochio Lucci','1030460379');
INSERT INTO pessoa VALUES ('87380037586','Amanda Kubinhetz Miranda','1811190403');
INSERT INTO pessoa VALUES ('76801562900','Giovanni Dalle Vedove','1055937365');
INSERT INTO pessoa VALUES ('46533728858','Nathalia Fontanari Ortega','1909720375');
INSERT INTO pessoa VALUES ('01748260722','Rafael da Silva Rosario','1532983804');
INSERT INTO pessoa VALUES ('50230884963','Felipe Czubieniak Rubello','1021676078');
INSERT INTO pessoa VALUES ('23181209455','Lais Ropelle Fontanesi','1816038320');
INSERT INTO pessoa VALUES ('65785918431','Rodrigo de Moraes Pimenta','1720238393');
INSERT INTO pessoa VALUES ('01073123729','Paulo Ricardo Pacheco','1047968707');
INSERT INTO pessoa VALUES ('68161734815','Emerson Shin Takiguti Uehara','1638701600');
INSERT INTO pessoa VALUES ('82936852158','Amanda Paula Costa','1406816236');
INSERT INTO pessoa VALUES ('05466659132','Arthur Passos Nepomuceno','1932841654');
INSERT INTO pessoa VALUES ('96671575393','Deisieli Mirela Libralao de','1282053339');
INSERT INTO pessoa VALUES ('29724384284','Cleyton Costa Aguiar','1255734735');
INSERT INTO pessoa VALUES ('63199474992','Gabriel Tiberius Laudares Rodrigues','1585915054');
INSERT INTO pessoa VALUES ('71714487610','Daniela Albuquerque Lima','1214028766');
INSERT INTO pessoa VALUES ('32152754558','Tiago Loureiro Chaves','1696538055');
INSERT INTO pessoa VALUES ('43856992870','Gabriela da Silva Figueiredo','1121308161');
INSERT INTO pessoa VALUES ('79715796255','Larissa Thaynara de Lima','1191217745');
INSERT INTO pessoa VALUES ('36761636109','Laura Helena Campanini','1493086060');
INSERT INTO pessoa VALUES ('67451084956','Vinicius Raza Cappeloza','1732501240');
INSERT INTO pessoa VALUES ('52649871792','Joao Paulo Fernandes Bento','1724035659');
INSERT INTO pessoa VALUES ('25432758309','Pedro Henrique Silva Carvalho','1703535319');
INSERT INTO pessoa VALUES ('29786078687','Renan Tiago dos Santos','1230992639');
INSERT INTO pessoa VALUES ('00809265129','Tiago Serpa Steck','1930182183');
INSERT INTO pessoa VALUES ('34953778801','Gabriela Campera','1858512266');
INSERT INTO pessoa VALUES ('18684602798','Murillo Consentini Lamberti','1542195109');
INSERT INTO pessoa VALUES ('44714965574','Isabella Eckstrom','1259911702');
INSERT INTO pessoa VALUES ('17543376705','Debora Pereira Alves','1454866760');
INSERT INTO pessoa VALUES ('92094256665','Joao Guilherme Preste','1275569401');
INSERT INTO pessoa VALUES ('85038899027','Stephanie Aparecida da Silva','1541010104');
INSERT INTO pessoa VALUES ('59426701491','Kaio Ribeiro Rocha','1452368925');
INSERT INTO pessoa VALUES ('87515231775','Matheus da Silva Calabresi','1842421634');
INSERT INTO pessoa VALUES ('90782512052','Lucas Emmanuel Semolin','1423660718');
INSERT INTO pessoa VALUES ('17936332688','Gustavo Magro Kruger','1063656859');
INSERT INTO pessoa VALUES ('63293809384','Fabio Yuji Sukesada','1285735940');
INSERT INTO pessoa VALUES ('62113347194','Wellington Andrade Vital','1695447787');
INSERT INTO pessoa VALUES ('89851011721','Beatriz Peres Spagnol','1580667468');
INSERT INTO pessoa VALUES ('93647540379','Beatriz Das Eiras Vidal','1002527772');
INSERT INTO pessoa VALUES ('95832509901','Marcio Yukio Hirata','1888635064');
INSERT INTO pessoa VALUES ('48594592241','Giovanni Gaio Gandolfi','1208101032');
INSERT INTO pessoa VALUES ('12548383497','Allan Caumo','1914739338');
INSERT INTO pessoa VALUES ('89057219418','Andre Augusto Buzzini Junior','1327193079');
INSERT INTO pessoa VALUES ('44803286562','Guilherme Piovesan Bethke','1330550165');
INSERT INTO pessoa VALUES ('39669329862','Vitor Luiz Caleffo Piva','1070006721');
INSERT INTO pessoa VALUES ('34934514423','Seon Augusto de Souza','1259920022');
INSERT INTO pessoa VALUES ('77947529505','Arthur da Rocha Albertini','1580681491');
INSERT INTO pessoa VALUES ('77347306580','Raphael Stroebel de Genova','1932873159');
INSERT INTO pessoa VALUES ('03594753855','Marcos Cespedes Vitor','1496099675');
INSERT INTO pessoa VALUES ('77424494567','Felipe Silva do Nascimento','1550419078');
INSERT INTO pessoa VALUES ('68701231672','Henri Santos Souza','1047675189');
INSERT INTO pessoa VALUES ('98123262014','Bruno Bones Valdo da','1648700531');
INSERT INTO pessoa VALUES ('09672305318','Elton Yoshio Okawa','1940715226');
INSERT INTO pessoa VALUES ('73817323558','Matheus Filipe dos Santos','1621857644');
INSERT INTO pessoa VALUES ('96663102561','Rafael Gutierrez Stuque','1518032207');
INSERT INTO pessoa VALUES ('69922792283','Thiago Kaoru Alves Takehama','1995237748');
INSERT INTO pessoa VALUES ('90473185350','Andre Soranzzo Mota','1916646362');
INSERT INTO pessoa VALUES ('56455989924','Rafael Pagotto Zucolo','1735464402');
INSERT INTO pessoa VALUES ('98015859775','Rodolfo de Oliveira Coutinho','1560656380');
INSERT INTO pessoa VALUES ('04743513930','Gean Lucas Pannellini','1469876504');
INSERT INTO pessoa VALUES ('46840302749','Krismann Pedrosa de Freitas','1127031840');
INSERT INTO pessoa VALUES ('31898860817','Vinicius Cazelli Ferreira','1649170618');
INSERT INTO pessoa VALUES ('88213846322','Thiago Solovera E Nery','1221070145');
INSERT INTO pessoa VALUES ('72914796278','Regiane Aparecida Suzano','1617418955');
INSERT INTO pessoa VALUES ('28646135704','Pedro Henrique Maldonado Truzzi','1850249348');
INSERT INTO pessoa VALUES ('90380101264','Eduardo da Silva Machado','1727615153');
INSERT INTO pessoa VALUES ('77772503498','Bernardo Paixao Peixoto de','1902547556');
INSERT INTO pessoa VALUES ('62026920883','Victor Ribas Carnevalli','1493282284');
INSERT INTO pessoa VALUES ('76424926010','Guilherme Costa Nascimento','1018439529');
INSERT INTO pessoa VALUES ('66253246638','Beatriz Lopes Agnese','1936966172');
INSERT INTO pessoa VALUES ('27724813235','Fernando Augusto Martin Ferri','1393163269');
INSERT INTO pessoa VALUES ('03840404851','Ana Carolina de Oliveira','1284082270');
INSERT INTO pessoa VALUES ('16640682926','Bianka Mellanie Alves Bezerra','1062761989');
INSERT INTO pessoa VALUES ('63952284494','Luana Clara de Souza','1447851976');
INSERT INTO pessoa VALUES ('37732977115','Igor Barbosa Carvalho','1159783449');
INSERT INTO pessoa VALUES ('96149398501','Nicole Barticiotto Dalarme','1120622270');
INSERT INTO pessoa VALUES ('99276266924','Beatriz Brito Coutinho','1498707189');
INSERT INTO pessoa VALUES ('78062438390','Victor Blaia Barrera','1038587736');
INSERT INTO pessoa VALUES ('72328925429','Gustavo Henrique de Barros','1481425814');
INSERT INTO pessoa VALUES ('43824947024','Iralina Rosas Soares Martins','1358014618');
INSERT INTO pessoa VALUES ('91869130727','Victor de Oliveira Antonio','1187951126');
INSERT INTO pessoa VALUES ('13920415069','Marco Aurelio Granero Santos','1192561080');
INSERT INTO pessoa VALUES ('07394886568','Alex Massaki Mavatari Fujita','1599281303');
INSERT INTO pessoa VALUES ('26884627790','Artur Affonso dos Santos','1091515705');
INSERT INTO pessoa VALUES ('82138918314','Andre Luiz Akabane Solak','1987623886');
INSERT INTO pessoa VALUES ('59926972256','Denis Henrique de Miranda','1321925338');
INSERT INTO pessoa VALUES ('92093726773','Renan Alves do Nascimento','1432820808');
INSERT INTO pessoa VALUES ('89649961922','Marcelo Fernandez Baca dos','1559192404');
INSERT INTO pessoa VALUES ('59787471501','Vitor Santana Costa','1223666616');
INSERT INTO pessoa VALUES ('44731070930','Elis Kimie Sugahara','1985970627');
INSERT INTO pessoa VALUES ('15614458538','Laila Lumy Inoue Nagano','1161302818');
INSERT INTO pessoa VALUES ('08961164278','Diogo Hideo Kishine','1307398086');
INSERT INTO pessoa VALUES ('31891004770','Fellipe Bondanca Pereira','1741461204');
INSERT INTO pessoa VALUES ('55206808036','Thalita Aparecida Rissi','1789757942');
INSERT INTO pessoa VALUES ('94999921609','Eduardo Ohashi de Souza','1816896920');
INSERT INTO pessoa VALUES ('29156004718','Clara Whyte Ferreira','1718819529');
INSERT INTO pessoa VALUES ('57017990486','Felipe Jose de Souza','1446253132');
INSERT INTO pessoa VALUES ('81359881081','Nicolas dos Santos Franca','1610802576');
INSERT INTO pessoa VALUES ('21021705990','Davi Klein Di Pietro','1292564799');
INSERT INTO pessoa VALUES ('84487311177','Renan Augusto de Lima','1159157475');
INSERT INTO pessoa VALUES ('99933722143','Julia Zanini','1595900874');
INSERT INTO pessoa VALUES ('21833692565','Jessica Maria Barbosa','1245218568');
INSERT INTO pessoa VALUES ('13702210137','Gabriel Aller Tolentino Oliveira','1380770856');
INSERT INTO pessoa VALUES ('64182115653','Marco Antonio Alves Pereira','1498286689');
INSERT INTO pessoa VALUES ('91597166679','Rafaela Lombas','1526333454');
INSERT INTO pessoa VALUES ('27016581856','Joao Carlos Silva dos','1441226424');
INSERT INTO pessoa VALUES ('65816947124','Gabriel Augusto Ribeiro Ferreira','1506853447');
INSERT INTO pessoa VALUES ('08095101504','Francisco Tagomori Lopes dos','1941944367');
INSERT INTO pessoa VALUES ('89055785890','Caio Felipe Santos Cavalcante','1050415539');
INSERT INTO pessoa VALUES ('71656860313','Rebeca de Figueiredo Prado','1513738418');
INSERT INTO pessoa VALUES ('71577116051','Thiago Santos Nascimento','1902347648');
INSERT INTO pessoa VALUES ('19645901374','Ismael Pereira Santos de','1706993868');
INSERT INTO pessoa VALUES ('06415176913','Deiton Jose da Silva','1300851236');
INSERT INTO pessoa VALUES ('95371839918','Danielly Severiano do Norte','1799078739');
INSERT INTO pessoa VALUES ('07031559967','Joao Victor Ferreira da','1064776026');
INSERT INTO pessoa VALUES ('29406440459','Rodrigo Vallim Sciullo de','1331554180');
INSERT INTO pessoa VALUES ('92518685892','Luana Macedo','1404534870');
INSERT INTO pessoa VALUES ('36936184004','Gabriel Alves Tabchoury','1208432827');
INSERT INTO pessoa VALUES ('01483872850','Beatriz Cordeiro de Farias','1756088199');
INSERT INTO pessoa VALUES ('98993165280','Bruna Calzavara de Oliveira','1252904036');
INSERT INTO pessoa VALUES ('40489930005','Bruna da Nobrega Egas','1561002972');
INSERT INTO pessoa VALUES ('40028009943','Nydna da Costa','1073686162');
INSERT INTO pessoa VALUES ('80017561849','Gustavo Jose Lara Campos','1249100740');
INSERT INTO pessoa VALUES ('42068850004','Thais Moreira Mota','1756398881');
INSERT INTO pessoa VALUES ('89226972821','Cristine Torres Schroter','1207592701');
INSERT INTO pessoa VALUES ('51839809966','Michelle Megumi Takeshita','1864341992');
INSERT INTO pessoa VALUES ('48142195625','Julia Yukie Seki','1175160616');
INSERT INTO pessoa VALUES ('45236876182','Daiara Albuquerque de Araujo','1633486007');
INSERT INTO pessoa VALUES ('71408997435','Amanda de Queiros Mattoso','1510331073');
INSERT INTO pessoa VALUES ('46282413002','Vinicius Granja Pedroso','1309975244');
INSERT INTO pessoa VALUES ('98877787366','Carolina Neves Novo','1589854379');
INSERT INTO pessoa VALUES ('34365298393','Julio Ramos Maretti','1476496056');
INSERT INTO pessoa VALUES ('33918371008','Ruan Oliveira Bueno da','1663019194');
INSERT INTO pessoa VALUES ('35481194463','Giuliana Fachini Fugolin','1309618117');
INSERT INTO pessoa VALUES ('82561353871','Lucca Novais Faria de','1080214545');
INSERT INTO pessoa VALUES ('36799601503','Leonardo Barreto Nogueira','1865130835');
INSERT INTO pessoa VALUES ('24963371299','Adriel Vercosa Albuquerque Lima','1347972368');
INSERT INTO pessoa VALUES ('24188360198','Claudio Flavio da Silva','1812641413');
INSERT INTO pessoa VALUES ('95108490603','Nathalia dos Santos Sigolo','1792763925');
INSERT INTO pessoa VALUES ('60930856428','Monaliza Izidorio Pinheiro','1060474090');
INSERT INTO pessoa VALUES ('46723280582','Anna Giulia Queiroz Costa','1645593289');
INSERT INTO pessoa VALUES ('70171793125','Gabriela dos Santos Vieira','1352566526');
INSERT INTO pessoa VALUES ('80933030529','Natalia Cunha dos Santos','1704415928');
INSERT INTO pessoa VALUES ('57587647237','Adevanir Alves Ribeiro','1489583285');
INSERT INTO pessoa VALUES ('87839570491','Priscila Casagrande Salomao','1235016028');
INSERT INTO pessoa VALUES ('79818433776','Julio Graca Esteves','1592247096');
INSERT INTO pessoa VALUES ('02824486753','Ana Julia Okano de','1197492448');
INSERT INTO pessoa VALUES ('14204975451','Jessica Lueli Niitsu','1265893880');
INSERT INTO pessoa VALUES ('83007845955','Fernando Fortes Granado','1098725718');
INSERT INTO pessoa VALUES ('78874800461','Marcela Eduarda Fernandes Rosada','1943158956');
INSERT INTO pessoa VALUES ('88679675636','Vinicius Birsenek de Moraes','1939923653');
INSERT INTO pessoa VALUES ('41848405921','Ana Clara Cavalari dos','1447842250');
INSERT INTO pessoa VALUES ('43193618427','Julia Carderan Nardy Vasconcellos','1911658270');
INSERT INTO pessoa VALUES ('70084673382','Camila Kudo','1450171587');
INSERT INTO pessoa VALUES ('83957068712','Mariana Ferreira Stephan','1114783224');
INSERT INTO pessoa VALUES ('35853002881','Marcella Campos Cassemiro','1539327679');
INSERT INTO pessoa VALUES ('12998422488','Amanda Massocato Bruschi','1786170694');
INSERT INTO pessoa VALUES ('38733763428','Gabrielle Barros Trentim','1934058832');
INSERT INTO pessoa VALUES ('78425346026','Gabriel Cesar Alves de','1942500943');
INSERT INTO pessoa VALUES ('70219801391','Willian dos Anjos Viscardi','1240407546');
INSERT INTO pessoa VALUES ('46683294544','Alexandre Cucatti dos Santos','1629090674');
INSERT INTO pessoa VALUES ('29360489147','Monique de Lima Brandao','1463650316');
INSERT INTO pessoa VALUES ('38340972671','Monica Okamoto Albrecht','1519212956');
INSERT INTO pessoa VALUES ('72682934740','Elina Sawa Akioka Ishikawa','1452647932');
INSERT INTO pessoa VALUES ('97508794096','Lucas Jinoh Giampaulo','1623122066');
INSERT INTO pessoa VALUES ('77516515193','Andre Riesco de Avila','1769309254');
INSERT INTO pessoa VALUES ('71519467753','Ana Beatriz Marchetti Guizi','1250607279');
INSERT INTO pessoa VALUES ('83834696960','Pedro Henrique Marchi','1027148568');
INSERT INTO pessoa VALUES ('20292795595','Damiles Pinheiro Toesca','1188693830');
INSERT INTO pessoa VALUES ('81834813507','Estevao Henrique Sales','1891269574');
INSERT INTO pessoa VALUES ('79179940701','Ana Luiza Brunello','1850340820');
INSERT INTO pessoa VALUES ('42648805635','Rodrigo Castilho de Almeida','1831117817');
INSERT INTO pessoa VALUES ('78480719122','Bruna Amelia de Oliveira','1332017177');
INSERT INTO pessoa VALUES ('81819922890','Julio Silva Telles de','1551165147');
INSERT INTO pessoa VALUES ('80154763969','Juliane Akina Kagohara','1722332514');
INSERT INTO pessoa VALUES ('88845340946','Mariana Hernandes Porto','1146033670');
INSERT INTO pessoa VALUES ('62708619698','Stephanie Kussik de Almeida','1326409260');
INSERT INTO pessoa VALUES ('32604551271','Mateus Portella','1150617811');
INSERT INTO pessoa VALUES ('72015952795','Laina da Silva de','1845490071');
INSERT INTO pessoa VALUES ('44725785027','Thiago Moreno de Andrade','1255573756');
INSERT INTO pessoa VALUES ('78430390041','Mariana Pavan Ioca','1565377039');
INSERT INTO pessoa VALUES ('59886488009','Rafael Piveta Manoel','1750583414');
INSERT INTO pessoa VALUES ('87833016976','Mayara Naomi Fustaino Ramos','1176044119');
INSERT INTO pessoa VALUES ('94992095068','Thales Cesar Giriboni de','1808029412');
INSERT INTO pessoa VALUES ('19740952980','Cecilia Melo da Silva','1721283729');
INSERT INTO pessoa VALUES ('45478551507','Cristiele Saborito da Silva','1651002528');
INSERT INTO pessoa VALUES ('17705850497','Fernanda Llanos Angelo','1562468202');
INSERT INTO pessoa VALUES ('81876159996','Rodrigo Garcia Ribeiro Mendonca','1402671038');
INSERT INTO pessoa VALUES ('20849173567','Ana Carolina Ribeiro Giglio','1690571400');
INSERT INTO pessoa VALUES ('99330645523','Isis Patricia Soares Silva','1792639404');
INSERT INTO pessoa VALUES ('27684710710','Gabriel Mondelli Trovarelli','1085093113');
INSERT INTO pessoa VALUES ('14765748363','Lucca Paffi Vidal','1554896959');
INSERT INTO pessoa VALUES ('97512793807','Andre Akira Ramos Takahashi','1282605875');
INSERT INTO pessoa VALUES ('81897319289','Jean Carlo Rodrigues','1409004856');
INSERT INTO pessoa VALUES ('35996209244','Antonio Sergio Almeida Vieira','1274618727');
INSERT INTO pessoa VALUES ('52009155131','Rafael Alencar Calegari da','1048146056');
INSERT INTO pessoa VALUES ('05021147053','Giacomo Antonio Dollevedo','1090989476');
INSERT INTO pessoa VALUES ('17158887290','Joao Pedro Freitas Machado','1085047175');
INSERT INTO pessoa VALUES ('37856710832','Vitor Iglesias Mangolini','1001174746');
INSERT INTO pessoa VALUES ('76412178973','Lais Arcaro Bueno de','1962832114');
INSERT INTO pessoa VALUES ('77750086644','Ricardo Ballei Bueloni Ferreira','1618361536');
INSERT INTO pessoa VALUES ('64645926157','Henrique de Morais Oliveira','1663265114');
INSERT INTO pessoa VALUES ('72904436409','Fabiana de Andrade Farias','1902692805');
INSERT INTO pessoa VALUES ('62256257695','Anna Caroline Lasso Souza','1577422052');
INSERT INTO pessoa VALUES ('97126947301','Anderson Pitoli Breve','1946343966');
INSERT INTO pessoa VALUES ('29605960274','Matheus Manfrin','1847054310');
INSERT INTO pessoa VALUES ('00313824396','Joao Vinicius Morabito Magalhaes','1379516236');
INSERT INTO pessoa VALUES ('37096610464','Jessica Andry Aparecida Guimaraes','1464693006');
INSERT INTO pessoa VALUES ('01085925471','Pedro Henrique Jose Cezarini','1020582784');
INSERT INTO pessoa VALUES ('23206568369','Nicholas Kallas Anderson Beeby','1494952626');
INSERT INTO pessoa VALUES ('73233329556','Rafael de Castro Ettori','1116514909');
INSERT INTO pessoa VALUES ('07790659500','Mariana Aparecida Damiao','1826325546');
INSERT INTO pessoa VALUES ('20627985020','Leonardo da Silva Sousa','1245484484');
INSERT INTO pessoa VALUES ('25136398613','Luiza Ostini Goehler','1586433244');
INSERT INTO pessoa VALUES ('21016070800','Lucas Freiria de Lima','1116007442');
INSERT INTO pessoa VALUES ('63436746408','Maria Eduarda Bueno de','1517187970');
INSERT INTO pessoa VALUES ('60184658429','Leticia Fernandes Soriani','1357159271');
INSERT INTO pessoa VALUES ('14192806982','Sulamita Zhi Yu Zheng','1742092365');
INSERT INTO pessoa VALUES ('21642113744','Johann Pereira de Sousa','1983015284');
INSERT INTO pessoa VALUES ('00211935857','Israel Terminiello','1117343535');
INSERT INTO pessoa VALUES ('12310355134','Gabriela Sales dos Santos','1265356344');
INSERT INTO pessoa VALUES ('41507323390','Paulo Henrique Rosalin Boccomino','1758008436');
INSERT INTO pessoa VALUES ('68548796410','Carolina Baiochi da Silva','1285478489');
INSERT INTO pessoa VALUES ('14510986107','Fernanda Paschoal','1045759646');
INSERT INTO pessoa VALUES ('94819309552','Marina Mayumi Santana Sato','1254728989');
INSERT INTO pessoa VALUES ('18175597364','Bruna Erica Santana Santos','1596764715');
INSERT INTO pessoa VALUES ('11972984911','Thais Hayashi Vaz de','1770473207');
INSERT INTO pessoa VALUES ('11219539561','Murilo Luz Stucki','1333150984');
INSERT INTO pessoa VALUES ('11971037773','Mirella Chiara Di Gregorio','1199300758');
INSERT INTO pessoa VALUES ('38040248045','Baldoino Luis do Nascimento','1644265229');
INSERT INTO pessoa VALUES ('65871634160','Mayara Dantas Souza','1982945854');
INSERT INTO pessoa VALUES ('35286004030','Felipe Espreafico Guelerman Ramos','1060954533');
INSERT INTO pessoa VALUES ('38637538287','Amabile Helena Zanco','1984460333');
INSERT INTO e_responsavel_por_transportadora VALUES ('11718276243','28877657316458');
INSERT INTO e_responsavel_por_transportadora VALUES ('14056326098','89937689711651');
INSERT INTO e_responsavel_por_transportadora VALUES ('23733464729','78454526435479');
INSERT INTO e_responsavel_por_transportadora VALUES ('39000507125','21436994841879');
INSERT INTO e_responsavel_por_transportadora VALUES ('37732700424','83755674698581');
INSERT INTO e_responsavel_por_transportadora VALUES ('04779824139','65249196532235');
INSERT INTO e_responsavel_por_transportadora VALUES ('42177651023','48731659959757');
INSERT INTO e_responsavel_por_transportadora VALUES ('68691808857','56327963523623');
INSERT INTO e_responsavel_por_transportadora VALUES ('76904077791','44275515822161');
INSERT INTO e_responsavel_por_transportadora VALUES ('84358791981','43518343123326');
INSERT INTO e_responsavel_por_transportadora VALUES ('72599692273','44329841926868');
INSERT INTO e_responsavel_por_transportadora VALUES ('67248300684','57416536723521');
INSERT INTO e_responsavel_por_transportadora VALUES ('55618079285','63942321432162');
INSERT INTO e_responsavel_por_transportadora VALUES ('56842076978','68799722948579');
INSERT INTO e_responsavel_por_transportadora VALUES ('18929534259','79726195817937');
INSERT INTO e_responsavel_por_transportadora VALUES ('34270471544','49548155944589');
INSERT INTO e_responsavel_por_transportadora VALUES ('58423710053','88267353828123');
INSERT INTO e_responsavel_por_transportadora VALUES ('32183849657','57912634612282');
INSERT INTO e_responsavel_por_transportadora VALUES ('77696387756','63263711789328');
INSERT INTO e_responsavel_por_transportadora VALUES ('14663397140','17673712114243');
INSERT INTO e_responsavel_por_transportadora VALUES ('26644745202','13744922376121');
INSERT INTO e_responsavel_por_transportadora VALUES ('28654243284','27519581186556');
INSERT INTO e_responsavel_por_transportadora VALUES ('90073023990','28542893824528');
INSERT INTO e_responsavel_por_transportadora VALUES ('43253322729','31892846956395');
INSERT INTO e_responsavel_por_transportadora VALUES ('95001561141','31583535646416');
INSERT INTO e_responsavel_por_transportadora VALUES ('35829836174','13858159882622');
INSERT INTO e_responsavel_por_transportadora VALUES ('98545858959','72915664468234');
INSERT INTO e_responsavel_por_transportadora VALUES ('61994082428','24892684838944');
INSERT INTO e_responsavel_por_transportadora VALUES ('50924810549','81469922822532');
INSERT INTO e_responsavel_por_transportadora VALUES ('12840964743','12688859223945');
INSERT INTO e_responsavel_por_transportadora VALUES ('36575879943','68931826397446');
INSERT INTO e_responsavel_por_transportadora VALUES ('62977641676','48561267417794');
INSERT INTO e_responsavel_por_transportadora VALUES ('73571452919','99443352843151');
INSERT INTO e_responsavel_por_transportadora VALUES ('24159670856','56756444114214');
INSERT INTO e_responsavel_por_transportadora VALUES ('93325843407','48456483488493');
INSERT INTO e_responsavel_por_transportadora VALUES ('97001162776','83514637295758');
INSERT INTO e_responsavel_por_transportadora VALUES ('25786813485','68335491474951');
INSERT INTO e_responsavel_por_transportadora VALUES ('04749488035','54796673574722');
INSERT INTO e_responsavel_por_transportadora VALUES ('48692151131','27927972661639');
INSERT INTO e_responsavel_por_transportadora VALUES ('73747820565','13623132583611');
INSERT INTO e_responsavel_por_transportadora VALUES ('75250475432','29248348439557');
INSERT INTO e_responsavel_por_transportadora VALUES ('66492878917','82529926942364');
INSERT INTO e_responsavel_por_transportadora VALUES ('39487142905','19886157696946');
INSERT INTO e_responsavel_por_transportadora VALUES ('88024853129','69388859575247');
INSERT INTO e_responsavel_por_transportadora VALUES ('89223076760','13725272821719');
INSERT INTO e_responsavel_por_transportadora VALUES ('52075185818','45625191389857');
INSERT INTO e_responsavel_por_transportadora VALUES ('51810441702','68838555273434');
INSERT INTO e_responsavel_por_transportadora VALUES ('11025848148','64743551837458');
INSERT INTO e_responsavel_por_transportadora VALUES ('46079914680','24384683576765');
INSERT INTO e_responsavel_por_transportadora VALUES ('50059263028','38892957235256');
INSERT INTO e_responsavel_por_transportadora VALUES ('58929542732','29463276543895');
INSERT INTO e_responsavel_por_transportadora VALUES ('27089761581','58693253681925');
INSERT INTO e_responsavel_por_transportadora VALUES ('01240170015','56544742131736');
INSERT INTO e_responsavel_por_transportadora VALUES ('20798874489','69669122877223');
INSERT INTO e_responsavel_por_transportadora VALUES ('75840086099','74191842111493');
INSERT INTO e_responsavel_por_transportadora VALUES ('49577587274','63526331696872');
INSERT INTO e_responsavel_por_transportadora VALUES ('73542782926','48682639863676');
INSERT INTO e_responsavel_por_transportadora VALUES ('26149449400','46888344334346');
INSERT INTO e_responsavel_por_transportadora VALUES ('49643919932','41516128261669');
INSERT INTO e_responsavel_por_transportadora VALUES ('92190616891','53723685669976');
INSERT INTO e_responsavel_por_transportadora VALUES ('47842085037','19962692581419');
INSERT INTO e_responsavel_por_transportadora VALUES ('20553593787','35679672264853');
INSERT INTO e_responsavel_por_transportadora VALUES ('87904301805','24231574155869');
INSERT INTO e_responsavel_por_transportadora VALUES ('94462356008','54439861811972');
INSERT INTO e_responsavel_por_transportadora VALUES ('48570298604','49574361853457');
INSERT INTO e_responsavel_por_transportadora VALUES ('61484507174','51792931612325');
INSERT INTO e_responsavel_por_transportadora VALUES ('75827200756','22524345519583');
INSERT INTO e_responsavel_por_transportadora VALUES ('88411184856','34214778618992');
INSERT INTO e_responsavel_por_transportadora VALUES ('41699949174','61632495247117');
INSERT INTO e_responsavel_por_transportadora VALUES ('36632806325','62731381895943');
INSERT INTO e_responsavel_por_transportadora VALUES ('17894523078','94395231751542');
INSERT INTO e_responsavel_por_transportadora VALUES ('78736483913','58284477275979');
INSERT INTO e_responsavel_por_transportadora VALUES ('47661774396','36446981625597');
INSERT INTO e_responsavel_por_transportadora VALUES ('00616210655','65357594558398');
INSERT INTO e_responsavel_por_transportadora VALUES ('52334542308','99411982161896');
INSERT INTO e_responsavel_por_transportadora VALUES ('73129739742','17956324111524');
INSERT INTO e_responsavel_por_transportadora VALUES ('85400744590','92575163692737');
INSERT INTO e_responsavel_por_transportadora VALUES ('46749016378','57625949874985');
INSERT INTO e_responsavel_por_transportadora VALUES ('31021992442','42558158186518');
INSERT INTO e_responsavel_por_transportadora VALUES ('61618468180','76198632991619');
INSERT INTO e_responsavel_por_transportadora VALUES ('62792233214','99775159383445');
INSERT INTO e_responsavel_por_transportadora VALUES ('33189861117','23714352324859');
INSERT INTO e_responsavel_por_transportadora VALUES ('27352290630','58873115761266');
INSERT INTO e_responsavel_por_transportadora VALUES ('02088033425','82412468476241');
INSERT INTO e_responsavel_por_transportadora VALUES ('31782550054','16881665936184');
INSERT INTO e_responsavel_por_transportadora VALUES ('58895658676','43556969233967');
INSERT INTO e_responsavel_por_transportadora VALUES ('23958536091','49174655199131');
INSERT INTO e_responsavel_por_transportadora VALUES ('79894186498','86378192443441');
INSERT INTO e_responsavel_por_transportadora VALUES ('53799075960','37297252476382');
INSERT INTO e_responsavel_por_transportadora VALUES ('58421165112','96821629517938');
INSERT INTO e_responsavel_por_transportadora VALUES ('63647124301','18563489364663');
INSERT INTO e_responsavel_por_transportadora VALUES ('23267448053','31241548349345');
INSERT INTO e_responsavel_por_transportadora VALUES ('70995106576','75141574624368');
INSERT INTO e_responsavel_por_transportadora VALUES ('12748003058','26826975744844');
INSERT INTO e_responsavel_por_transportadora VALUES ('84344926350','44933371547992');
INSERT INTO e_responsavel_por_transportadora VALUES ('17044219827','34243828544238');
INSERT INTO e_responsavel_por_transportadora VALUES ('98543498384','69348111289346');
INSERT INTO e_responsavel_por_transportadora VALUES ('59026340711','36459225774433');
INSERT INTO e_responsavel_por_transportadora VALUES ('10992316336','17213678775831');
INSERT INTO e_responsavel_por_transportadora VALUES ('17625438592','75823597851661');
INSERT INTO e_responsavel_por_fornecedor VALUES ('11718276243','28877657316458');
INSERT INTO e_responsavel_por_fornecedor VALUES ('14056326098','89937689711651');
INSERT INTO e_responsavel_por_fornecedor VALUES ('23733464729','78454526435479');
INSERT INTO e_responsavel_por_fornecedor VALUES ('39000507125','21436994841879');
INSERT INTO e_responsavel_por_fornecedor VALUES ('37732700424','83755674698581');
INSERT INTO e_responsavel_por_fornecedor VALUES ('04779824139','65249196532235');
INSERT INTO e_responsavel_por_fornecedor VALUES ('42177651023','48731659959757');
INSERT INTO e_responsavel_por_fornecedor VALUES ('68691808857','56327963523623');
INSERT INTO e_responsavel_por_fornecedor VALUES ('76904077791','44275515822161');
INSERT INTO e_responsavel_por_fornecedor VALUES ('84358791981','43518343123326');
INSERT INTO e_responsavel_por_fornecedor VALUES ('72599692273','44329841926868');
INSERT INTO e_responsavel_por_fornecedor VALUES ('67248300684','57416536723521');
INSERT INTO e_responsavel_por_fornecedor VALUES ('55618079285','63942321432162');
INSERT INTO e_responsavel_por_fornecedor VALUES ('56842076978','68799722948579');
INSERT INTO e_responsavel_por_fornecedor VALUES ('18929534259','79726195817937');
INSERT INTO e_responsavel_por_fornecedor VALUES ('34270471544','49548155944589');
INSERT INTO e_responsavel_por_fornecedor VALUES ('58423710053','88267353828123');
INSERT INTO e_responsavel_por_fornecedor VALUES ('32183849657','57912634612282');
INSERT INTO e_responsavel_por_fornecedor VALUES ('77696387756','63263711789328');
INSERT INTO e_responsavel_por_fornecedor VALUES ('14663397140','17673712114243');
INSERT INTO e_responsavel_por_fornecedor VALUES ('26644745202','13744922376121');
INSERT INTO e_responsavel_por_fornecedor VALUES ('28654243284','27519581186556');
INSERT INTO e_responsavel_por_fornecedor VALUES ('90073023990','28542893824528');
INSERT INTO e_responsavel_por_fornecedor VALUES ('43253322729','31892846956395');
INSERT INTO e_responsavel_por_fornecedor VALUES ('95001561141','31583535646416');
INSERT INTO e_responsavel_por_fornecedor VALUES ('35829836174','13858159882622');
INSERT INTO e_responsavel_por_fornecedor VALUES ('98545858959','72915664468234');
INSERT INTO e_responsavel_por_fornecedor VALUES ('61994082428','24892684838944');
INSERT INTO e_responsavel_por_fornecedor VALUES ('50924810549','81469922822532');
INSERT INTO e_responsavel_por_fornecedor VALUES ('12840964743','12688859223945');
INSERT INTO e_responsavel_por_fornecedor VALUES ('36575879943','68931826397446');
INSERT INTO e_responsavel_por_fornecedor VALUES ('62977641676','48561267417794');
INSERT INTO e_responsavel_por_fornecedor VALUES ('73571452919','99443352843151');
INSERT INTO e_responsavel_por_fornecedor VALUES ('24159670856','56756444114214');
INSERT INTO e_responsavel_por_fornecedor VALUES ('93325843407','48456483488493');
INSERT INTO e_responsavel_por_fornecedor VALUES ('97001162776','83514637295758');
INSERT INTO e_responsavel_por_fornecedor VALUES ('25786813485','68335491474951');
INSERT INTO e_responsavel_por_fornecedor VALUES ('04749488035','54796673574722');
INSERT INTO e_responsavel_por_fornecedor VALUES ('48692151131','27927972661639');
INSERT INTO e_responsavel_por_fornecedor VALUES ('73747820565','13623132583611');
INSERT INTO e_responsavel_por_fornecedor VALUES ('75250475432','29248348439557');
INSERT INTO e_responsavel_por_fornecedor VALUES ('66492878917','82529926942364');
INSERT INTO e_responsavel_por_fornecedor VALUES ('39487142905','19886157696946');
INSERT INTO e_responsavel_por_fornecedor VALUES ('88024853129','69388859575247');
INSERT INTO e_responsavel_por_fornecedor VALUES ('89223076760','13725272821719');
INSERT INTO e_responsavel_por_fornecedor VALUES ('52075185818','45625191389857');
INSERT INTO e_responsavel_por_fornecedor VALUES ('51810441702','68838555273434');
INSERT INTO e_responsavel_por_fornecedor VALUES ('11025848148','64743551837458');
INSERT INTO e_responsavel_por_fornecedor VALUES ('46079914680','24384683576765');
INSERT INTO e_responsavel_por_fornecedor VALUES ('50059263028','38892957235256');
INSERT INTO e_responsavel_por_fornecedor VALUES ('58929542732','29463276543895');
INSERT INTO e_responsavel_por_fornecedor VALUES ('27089761581','58693253681925');
INSERT INTO e_responsavel_por_fornecedor VALUES ('01240170015','56544742131736');
INSERT INTO e_responsavel_por_fornecedor VALUES ('20798874489','69669122877223');
INSERT INTO e_responsavel_por_fornecedor VALUES ('75840086099','74191842111493');
INSERT INTO e_responsavel_por_fornecedor VALUES ('49577587274','63526331696872');
INSERT INTO e_responsavel_por_fornecedor VALUES ('73542782926','48682639863676');
INSERT INTO e_responsavel_por_fornecedor VALUES ('26149449400','46888344334346');
INSERT INTO e_responsavel_por_fornecedor VALUES ('49643919932','68931826397446');
INSERT INTO e_responsavel_por_fornecedor VALUES ('92190616891','63526331696872');
INSERT INTO e_responsavel_por_fornecedor VALUES ('47842085037','68931826397446');
INSERT INTO e_responsavel_por_fornecedor VALUES ('20553593787','81469922822532');
INSERT INTO e_responsavel_por_fornecedor VALUES ('87904301805','83755674698581');
INSERT INTO e_responsavel_por_fornecedor VALUES ('94462356008','44275515822161');
INSERT INTO e_responsavel_por_fornecedor VALUES ('48570298604','49548155944589');
INSERT INTO e_responsavel_por_fornecedor VALUES ('61484507174','43518343123326');
INSERT INTO e_responsavel_por_fornecedor VALUES ('75827200756','63942321432162');
INSERT INTO e_responsavel_por_fornecedor VALUES ('88411184856','43518343123326');
INSERT INTO e_responsavel_por_fornecedor VALUES ('41699949174','19886157696946');
INSERT INTO e_responsavel_por_fornecedor VALUES ('36632806325','28542893824528');
INSERT INTO e_responsavel_por_fornecedor VALUES ('17894523078','48731659959757');
INSERT INTO e_responsavel_por_fornecedor VALUES ('78736483913','57912634612282');
INSERT INTO e_responsavel_por_fornecedor VALUES ('47661774396','68335491474951');
INSERT INTO e_responsavel_por_fornecedor VALUES ('00616210655','31583535646416');
INSERT INTO e_responsavel_por_fornecedor VALUES ('52334542308','43518343123326');
INSERT INTO e_responsavel_por_fornecedor VALUES ('73129739742','99443352843151');
INSERT INTO e_responsavel_por_fornecedor VALUES ('85400744590','64743551837458');
INSERT INTO e_responsavel_por_fornecedor VALUES ('46749016378','38892957235256');
INSERT INTO e_responsavel_por_fornecedor VALUES ('31021992442','83755674698581');
INSERT INTO e_responsavel_por_fornecedor VALUES ('61618468180','43518343123326');
INSERT INTO e_responsavel_por_fornecedor VALUES ('62792233214','99443352843151');
INSERT INTO e_responsavel_por_fornecedor VALUES ('33189861117','48561267417794');
INSERT INTO e_responsavel_por_fornecedor VALUES ('27352290630','13623132583611');
INSERT INTO e_responsavel_por_fornecedor VALUES ('02088033425','45625191389857');
INSERT INTO e_responsavel_por_fornecedor VALUES ('31782550054','69669122877223');
INSERT INTO e_responsavel_por_fornecedor VALUES ('58895658676','68335491474951');
INSERT INTO e_responsavel_por_fornecedor VALUES ('23958536091','19886157696946');
INSERT INTO e_responsavel_por_fornecedor VALUES ('79894186498','78454526435479');
INSERT INTO e_responsavel_por_fornecedor VALUES ('53799075960','13623132583611');
INSERT INTO e_responsavel_por_fornecedor VALUES ('58421165112','88267353828123');
INSERT INTO e_responsavel_por_fornecedor VALUES ('63647124301','13623132583611');
INSERT INTO e_responsavel_por_fornecedor VALUES ('23267448053','19886157696946');
INSERT INTO e_responsavel_por_fornecedor VALUES ('70995106576','13744922376121');
INSERT INTO e_responsavel_por_fornecedor VALUES ('12748003058','45625191389857');
INSERT INTO e_responsavel_por_fornecedor VALUES ('84344926350','21436994841879');
INSERT INTO e_responsavel_por_fornecedor VALUES ('17044219827','17673712114243');
INSERT INTO e_responsavel_por_fornecedor VALUES ('98543498384','65249196532235');
INSERT INTO e_responsavel_por_fornecedor VALUES ('59026340711','69669122877223');
INSERT INTO e_responsavel_por_fornecedor VALUES ('10992316336','57912634612282');
INSERT INTO e_responsavel_por_fornecedor VALUES ('17625438592','49548155944589');
INSERT INTO e_responsavel_por_fornecedor VALUES ('63301463879','78454526435479');
INSERT INTO e_responsavel_por_cliente VALUES ('11718276243','28877657316458');
INSERT INTO e_responsavel_por_cliente VALUES ('14056326098','89937689711651');
INSERT INTO e_responsavel_por_cliente VALUES ('23733464729','78454526435479');
INSERT INTO e_responsavel_por_cliente VALUES ('39000507125','21436994841879');
INSERT INTO e_responsavel_por_cliente VALUES ('37732700424','83755674698581');
INSERT INTO e_responsavel_por_cliente VALUES ('04779824139','65249196532235');
INSERT INTO e_responsavel_por_cliente VALUES ('42177651023','48731659959757');
INSERT INTO e_responsavel_por_cliente VALUES ('68691808857','56327963523623');
INSERT INTO e_responsavel_por_cliente VALUES ('76904077791','44275515822161');
INSERT INTO e_responsavel_por_cliente VALUES ('84358791981','43518343123326');
INSERT INTO e_responsavel_por_cliente VALUES ('72599692273','44329841926868');
INSERT INTO e_responsavel_por_cliente VALUES ('67248300684','57416536723521');
INSERT INTO e_responsavel_por_cliente VALUES ('55618079285','63942321432162');
INSERT INTO e_responsavel_por_cliente VALUES ('56842076978','68799722948579');
INSERT INTO e_responsavel_por_cliente VALUES ('18929534259','79726195817937');
INSERT INTO e_responsavel_por_cliente VALUES ('34270471544','49548155944589');
INSERT INTO e_responsavel_por_cliente VALUES ('58423710053','88267353828123');
INSERT INTO e_responsavel_por_cliente VALUES ('32183849657','57912634612282');
INSERT INTO e_responsavel_por_cliente VALUES ('77696387756','63263711789328');
INSERT INTO e_responsavel_por_cliente VALUES ('14663397140','17673712114243');
INSERT INTO e_responsavel_por_cliente VALUES ('26644745202','13744922376121');
INSERT INTO e_responsavel_por_cliente VALUES ('28654243284','27519581186556');
INSERT INTO e_responsavel_por_cliente VALUES ('90073023990','28542893824528');
INSERT INTO e_responsavel_por_cliente VALUES ('43253322729','31892846956395');
INSERT INTO e_responsavel_por_cliente VALUES ('95001561141','31583535646416');
INSERT INTO e_responsavel_por_cliente VALUES ('35829836174','13858159882622');
INSERT INTO e_responsavel_por_cliente VALUES ('98545858959','72915664468234');
INSERT INTO e_responsavel_por_cliente VALUES ('61994082428','24892684838944');
INSERT INTO e_responsavel_por_cliente VALUES ('50924810549','81469922822532');
INSERT INTO e_responsavel_por_cliente VALUES ('12840964743','12688859223945');
INSERT INTO e_responsavel_por_cliente VALUES ('36575879943','68931826397446');
INSERT INTO e_responsavel_por_cliente VALUES ('62977641676','48561267417794');
INSERT INTO e_responsavel_por_cliente VALUES ('73571452919','99443352843151');
INSERT INTO e_responsavel_por_cliente VALUES ('24159670856','56756444114214');
INSERT INTO e_responsavel_por_cliente VALUES ('93325843407','48456483488493');
INSERT INTO e_responsavel_por_cliente VALUES ('97001162776','83514637295758');
INSERT INTO e_responsavel_por_cliente VALUES ('25786813485','68335491474951');
INSERT INTO e_responsavel_por_cliente VALUES ('04749488035','54796673574722');
INSERT INTO e_responsavel_por_cliente VALUES ('48692151131','27927972661639');
INSERT INTO e_responsavel_por_cliente VALUES ('73747820565','13623132583611');
INSERT INTO e_responsavel_por_cliente VALUES ('75250475432','29248348439557');
INSERT INTO e_responsavel_por_cliente VALUES ('66492878917','82529926942364');
INSERT INTO e_responsavel_por_cliente VALUES ('39487142905','19886157696946');
INSERT INTO e_responsavel_por_cliente VALUES ('88024853129','69388859575247');
INSERT INTO e_responsavel_por_cliente VALUES ('89223076760','13725272821719');
INSERT INTO e_responsavel_por_cliente VALUES ('52075185818','45625191389857');
INSERT INTO e_responsavel_por_cliente VALUES ('51810441702','68838555273434');
INSERT INTO e_responsavel_por_cliente VALUES ('11025848148','64743551837458');
INSERT INTO e_responsavel_por_cliente VALUES ('46079914680','24384683576765');
INSERT INTO e_responsavel_por_cliente VALUES ('50059263028','38892957235256');
INSERT INTO e_responsavel_por_cliente VALUES ('58929542732','29463276543895');
INSERT INTO e_responsavel_por_cliente VALUES ('27089761581','58693253681925');
INSERT INTO e_responsavel_por_cliente VALUES ('01240170015','56544742131736');
INSERT INTO e_responsavel_por_cliente VALUES ('20798874489','69669122877223');
INSERT INTO e_responsavel_por_cliente VALUES ('75840086099','74191842111493');
INSERT INTO e_responsavel_por_cliente VALUES ('49577587274','63526331696872');
INSERT INTO e_responsavel_por_cliente VALUES ('73542782926','48682639863676');
INSERT INTO e_responsavel_por_cliente VALUES ('26149449400','46888344334346');
INSERT INTO e_responsavel_por_cliente VALUES ('49643919932','41516128261669');
INSERT INTO e_responsavel_por_cliente VALUES ('92190616891','53723685669976');
INSERT INTO e_responsavel_por_cliente VALUES ('47842085037','19962692581419');
INSERT INTO e_responsavel_por_cliente VALUES ('20553593787','35679672264853');
INSERT INTO e_responsavel_por_cliente VALUES ('87904301805','24231574155869');
INSERT INTO e_responsavel_por_cliente VALUES ('94462356008','54439861811972');
INSERT INTO e_responsavel_por_cliente VALUES ('48570298604','49574361853457');
INSERT INTO e_responsavel_por_cliente VALUES ('61484507174','51792931612325');
INSERT INTO e_responsavel_por_cliente VALUES ('75827200756','22524345519583');
INSERT INTO e_responsavel_por_cliente VALUES ('88411184856','34214778618992');
INSERT INTO e_responsavel_por_cliente VALUES ('41699949174','61632495247117');
INSERT INTO e_responsavel_por_cliente VALUES ('36632806325','62731381895943');
INSERT INTO e_responsavel_por_cliente VALUES ('17894523078','94395231751542');
INSERT INTO e_responsavel_por_cliente VALUES ('78736483913','58284477275979');
INSERT INTO e_responsavel_por_cliente VALUES ('47661774396','36446981625597');
INSERT INTO e_responsavel_por_cliente VALUES ('00616210655','65357594558398');
INSERT INTO e_responsavel_por_cliente VALUES ('52334542308','99411982161896');
INSERT INTO e_responsavel_por_cliente VALUES ('73129739742','17956324111524');
INSERT INTO e_responsavel_por_cliente VALUES ('85400744590','92575163692737');
INSERT INTO e_responsavel_por_cliente VALUES ('46749016378','57625949874985');
INSERT INTO e_responsavel_por_cliente VALUES ('31021992442','42558158186518');
INSERT INTO e_responsavel_por_cliente VALUES ('61618468180','76198632991619');
INSERT INTO e_responsavel_por_cliente VALUES ('62792233214','99775159383445');
INSERT INTO e_responsavel_por_cliente VALUES ('33189861117','23714352324859');
INSERT INTO e_responsavel_por_cliente VALUES ('27352290630','58873115761266');
INSERT INTO e_responsavel_por_cliente VALUES ('02088033425','82412468476241');
INSERT INTO e_responsavel_por_cliente VALUES ('31782550054','16881665936184');
INSERT INTO e_responsavel_por_cliente VALUES ('58895658676','43556969233967');
INSERT INTO e_responsavel_por_cliente VALUES ('23958536091','49174655199131');
INSERT INTO e_responsavel_por_cliente VALUES ('79894186498','86378192443441');
INSERT INTO e_responsavel_por_cliente VALUES ('53799075960','37297252476382');
INSERT INTO e_responsavel_por_cliente VALUES ('58421165112','96821629517938');
INSERT INTO e_responsavel_por_cliente VALUES ('63647124301','18563489364663');
INSERT INTO e_responsavel_por_cliente VALUES ('23267448053','31241548349345');
INSERT INTO e_responsavel_por_cliente VALUES ('70995106576','75141574624368');
INSERT INTO e_responsavel_por_cliente VALUES ('12748003058','26826975744844');
INSERT INTO e_responsavel_por_cliente VALUES ('84344926350','44933371547992');
INSERT INTO e_responsavel_por_cliente VALUES ('17044219827','34243828544238');
INSERT INTO e_responsavel_por_cliente VALUES ('98543498384','69348111289346');
INSERT INTO e_responsavel_por_cliente VALUES ('59026340711','36459225774433');
INSERT INTO e_responsavel_por_cliente VALUES ('10992316336','17213678775831');
INSERT INTO entrega_leite_uht VALUES ('123395020131','28877657316458','01/01/2000');
INSERT INTO entrega_leite_uht VALUES ('173362733792','89937689711651','01/03/2003');
INSERT INTO entrega_leite_uht VALUES ('613177568382','78454526435479','01/04/2005');
INSERT INTO entrega_leite_uht VALUES ('565226371754','21436994841879','01/04/2015');
INSERT INTO entrega_leite_uht VALUES ('970186961151','83755674698581','01/05/2002');
INSERT INTO entrega_leite_uht VALUES ('703216920322','65249196532235','01/06/2001');
INSERT INTO entrega_leite_uht VALUES ('569698751396','48731659959757','01/07/1995');
INSERT INTO entrega_leite_uht VALUES ('119494362412','56327963523623','01/07/2000');
INSERT INTO entrega_leite_uht VALUES ('560283504066','44275515822161','01/08/2001');
INSERT INTO entrega_leite_uht VALUES ('708365223979','43518343123326','01/08/2009');
INSERT INTO entrega_leite_uht VALUES ('421630037249','44329841926868','01/10/1991');
INSERT INTO entrega_leite_uht VALUES ('422353395317','57416536723521','01/10/1999');
INSERT INTO entrega_leite_uht VALUES ('508208124066','63942321432162','01/10/2001');
INSERT INTO entrega_leite_uht VALUES ('802092980425','68799722948579','01/11/2006');
INSERT INTO entrega_leite_uht VALUES ('460023122757','79726195817937','01/11/2007');
INSERT INTO entrega_leite_uht VALUES ('254726388550','49548155944589','01/13/2008');
INSERT INTO entrega_leite_uht VALUES ('583504510611','88267353828123','01/13/2009');
INSERT INTO entrega_leite_uht VALUES ('127581767704','57912634612282','01/13/2013');
INSERT INTO entrega_leite_uht VALUES ('959387665353','63263711789328','01/14/2007');
INSERT INTO entrega_leite_uht VALUES ('967828586488','17673712114243','01/15/2008');
INSERT INTO entrega_leite_uht VALUES ('835024201344','13744922376121','01/15/2013');
INSERT INTO entrega_leite_uht VALUES ('337287883046','27519581186556','01/16/1991');
INSERT INTO entrega_leite_uht VALUES ('701283105362','28542893824528','01/16/2000');
INSERT INTO entrega_leite_uht VALUES ('850795457328','31892846956395','01/17/2010');
INSERT INTO entrega_leite_uht VALUES ('405965062296','31583535646416','01/17/2015');
INSERT INTO entrega_leite_uht VALUES ('197745266857','13858159882622','01/18/1990');
INSERT INTO entrega_leite_uht VALUES ('968582488513','72915664468234','01/18/2001');
INSERT INTO entrega_leite_uht VALUES ('678129794100','24892684838944','01/18/2013');
INSERT INTO entrega_leite_uht VALUES ('227998122432','81469922822532','01/20/2000');
INSERT INTO entrega_leite_uht VALUES ('116790831016','12688859223945','01/20/2014');
INSERT INTO entrega_leite_uht VALUES ('512376567926','68931826397446','01/23/1998');
INSERT INTO entrega_leite_uht VALUES ('130186197765','48561267417794','01/23/2004');
INSERT INTO entrega_leite_uht VALUES ('599763904054','99443352843151','01/23/2013');
INSERT INTO entrega_leite_uht VALUES ('626360144423','56756444114214','01/24/1995');
INSERT INTO entrega_leite_uht VALUES ('473264176345','48456483488493','01/24/2004');
INSERT INTO entrega_leite_uht VALUES ('455389350874','83514637295758','01/25/2006');
INSERT INTO entrega_leite_uht VALUES ('222630691321','68335491474951','01/25/2012');
INSERT INTO entrega_leite_uht VALUES ('142009900801','54796673574722','01/27/1994');
INSERT INTO entrega_leite_uht VALUES ('252611488438','27927972661639','01/27/2011');
INSERT INTO entrega_leite_uht VALUES ('844837714642','13623132583611','01/29/2003');
INSERT INTO entrega_leite_uht VALUES ('169531053248','29248348439557','01/29/2011');
INSERT INTO entrega_leite_uht VALUES ('450399968864','82529926942364','02/01/1996');
INSERT INTO entrega_leite_uht VALUES ('045737892604','19886157696946','02/02/2002');
INSERT INTO entrega_leite_uht VALUES ('639873218154','69388859575247','02/02/2003');
INSERT INTO entrega_leite_uht VALUES ('548206583692','13725272821719','02/05/1999');
INSERT INTO entrega_leite_uht VALUES ('558879025756','45625191389857','02/05/2006');
INSERT INTO entrega_leite_uht VALUES ('283496521382','68838555273434','02/09/2005');
INSERT INTO entrega_leite_uht VALUES ('986906417370','64743551837458','02/09/2007');
INSERT INTO entrega_leite_uht VALUES ('125557443932','24384683576765','02/09/2014');
INSERT INTO entrega_leite_uht VALUES ('393687739582','38892957235256','02/10/1995');
INSERT INTO entrega_leite_uht VALUES ('738307210329','29463276543895','02/10/2000');
INSERT INTO entrega_leite_uht VALUES ('842433728868','58693253681925','02/11/1993');
INSERT INTO entrega_leite_uht VALUES ('594750475076','56544742131736','02/11/2005');
INSERT INTO entrega_leite_uht VALUES ('808443830492','69669122877223','02/12/2005');
INSERT INTO entrega_leite_uht VALUES ('420412637072','74191842111493','02/13/2004');
INSERT INTO entrega_leite_uht VALUES ('555205960499','63526331696872','02/15/2000');
INSERT INTO entrega_leite_uht VALUES ('419034817993','48682639863676','02/15/2002');
INSERT INTO entrega_leite_uht VALUES ('317820334977','46888344334346','02/15/2012');
INSERT INTO entrega_leite_uht VALUES ('353803266713','41516128261669','02/17/1991');
INSERT INTO entrega_leite_uht VALUES ('672865463054','53723685669976','02/17/1999');
INSERT INTO entrega_leite_uht VALUES ('425237802204','19962692581419','02/17/2011');
INSERT INTO entrega_leite_uht VALUES ('247426899304','35679672264853','02/17/2013');
INSERT INTO entrega_leite_uht VALUES ('269725286671','24231574155869','02/19/1990');
INSERT INTO entrega_leite_uht VALUES ('029581714714','54439861811972','02/20/1997');
INSERT INTO entrega_leite_uht VALUES ('668571763068','49574361853457','02/20/1999');
INSERT INTO entrega_leite_uht VALUES ('618327268889','51792931612325','02/20/2006');
INSERT INTO entrega_leite_uht VALUES ('710500354247','22524345519583','02/20/2009');
INSERT INTO entrega_leite_uht VALUES ('794525453582','34214778618992','02/22/2002');
INSERT INTO entrega_leite_uht VALUES ('859067177208','61632495247117','02/22/2004');
INSERT INTO entrega_leite_uht VALUES ('884892631737','62731381895943','02/23/1993');
INSERT INTO entrega_leite_uht VALUES ('904671073595','94395231751542','02/23/2012');
INSERT INTO entrega_leite_uht VALUES ('819858934462','58284477275979','02/24/2014');
INSERT INTO entrega_leite_uht VALUES ('972018498440','36446981625597','02/25/1999');
INSERT INTO entrega_leite_uht VALUES ('372159246223','65357594558398','02/26/1992');
INSERT INTO entrega_leite_uht VALUES ('527670794889','99411982161896','02/26/1995');
INSERT INTO entrega_leite_uht VALUES ('550495606888','17956324111524','02/27/2004');
INSERT INTO entrega_leite_uht VALUES ('593915047375','92575163692737','02/28/2007');
INSERT INTO entrega_leite_uht VALUES ('663830135521','57625949874985','02/28/2015');
INSERT INTO entrega_leite_uht VALUES ('050809215786','42558158186518','02/29/2002');
INSERT INTO entrega_leite_uht VALUES ('501631362216','76198632991619','02/29/2005');
INSERT INTO entrega_queijo VALUES ('123395020131','28877657316458','01/01/2000');
INSERT INTO entrega_queijo VALUES ('173362733792','89937689711651','01/03/2003');
INSERT INTO entrega_queijo VALUES ('613177568382','78454526435479','01/04/2005');
INSERT INTO entrega_queijo VALUES ('565226371754','21436994841879','01/04/2015');
INSERT INTO entrega_queijo VALUES ('970186961151','83755674698581','01/05/2002');
INSERT INTO entrega_queijo VALUES ('703216920322','65249196532235','01/06/2001');
INSERT INTO entrega_queijo VALUES ('569698751396','48731659959757','01/07/1995');
INSERT INTO entrega_queijo VALUES ('119494362412','56327963523623','01/07/2000');
INSERT INTO entrega_queijo VALUES ('560283504066','44275515822161','01/08/2001');
INSERT INTO entrega_queijo VALUES ('708365223979','43518343123326','01/08/2009');
INSERT INTO entrega_queijo VALUES ('421630037249','44329841926868','01/10/1991');
INSERT INTO entrega_queijo VALUES ('422353395317','57416536723521','01/10/1999');
INSERT INTO entrega_queijo VALUES ('508208124066','63942321432162','01/10/2001');
INSERT INTO entrega_queijo VALUES ('802092980425','68799722948579','01/11/2006');
INSERT INTO entrega_queijo VALUES ('460023122757','79726195817937','01/11/2007');
INSERT INTO entrega_queijo VALUES ('254726388550','49548155944589','01/13/2008');
INSERT INTO entrega_queijo VALUES ('583504510611','88267353828123','01/13/2009');
INSERT INTO entrega_queijo VALUES ('127581767704','57912634612282','01/13/2013');
INSERT INTO entrega_queijo VALUES ('959387665353','63263711789328','01/14/2007');
INSERT INTO entrega_queijo VALUES ('967828586488','17673712114243','01/15/2008');
INSERT INTO entrega_queijo VALUES ('835024201344','13744922376121','01/15/2013');
INSERT INTO entrega_queijo VALUES ('337287883046','27519581186556','01/16/1991');
INSERT INTO entrega_queijo VALUES ('701283105362','28542893824528','01/16/2000');
INSERT INTO entrega_queijo VALUES ('850795457328','31892846956395','01/17/2010');
INSERT INTO entrega_queijo VALUES ('405965062296','31583535646416','01/17/2015');
INSERT INTO entrega_queijo VALUES ('197745266857','13858159882622','01/18/1990');
INSERT INTO entrega_queijo VALUES ('968582488513','72915664468234','01/18/2001');
INSERT INTO entrega_queijo VALUES ('678129794100','24892684838944','01/18/2013');
INSERT INTO entrega_queijo VALUES ('227998122432','81469922822532','01/20/2000');
INSERT INTO entrega_queijo VALUES ('116790831016','12688859223945','01/20/2014');
INSERT INTO entrega_queijo VALUES ('512376567926','68931826397446','01/23/1998');
INSERT INTO entrega_queijo VALUES ('130186197765','48561267417794','01/23/2004');
INSERT INTO entrega_queijo VALUES ('599763904054','99443352843151','01/23/2013');
INSERT INTO entrega_queijo VALUES ('626360144423','56756444114214','01/24/1995');
INSERT INTO entrega_queijo VALUES ('473264176345','48456483488493','01/24/2004');
INSERT INTO entrega_queijo VALUES ('455389350874','83514637295758','01/25/2006');
INSERT INTO entrega_queijo VALUES ('222630691321','68335491474951','01/25/2012');
INSERT INTO entrega_queijo VALUES ('142009900801','54796673574722','01/27/1994');
INSERT INTO entrega_queijo VALUES ('252611488438','27927972661639','01/27/2011');
INSERT INTO entrega_queijo VALUES ('844837714642','13623132583611','01/29/2003');
INSERT INTO entrega_queijo VALUES ('169531053248','29248348439557','01/29/2011');
INSERT INTO entrega_queijo VALUES ('450399968864','82529926942364','02/01/1996');
INSERT INTO entrega_queijo VALUES ('045737892604','19886157696946','02/02/2002');
INSERT INTO entrega_queijo VALUES ('639873218154','69388859575247','02/02/2003');
INSERT INTO entrega_queijo VALUES ('548206583692','13725272821719','02/05/1999');
INSERT INTO entrega_queijo VALUES ('558879025756','45625191389857','02/05/2006');
INSERT INTO entrega_queijo VALUES ('283496521382','68838555273434','02/09/2005');
INSERT INTO entrega_queijo VALUES ('986906417370','64743551837458','02/09/2007');
INSERT INTO entrega_queijo VALUES ('125557443932','24384683576765','02/09/2014');
INSERT INTO entrega_queijo VALUES ('393687739582','38892957235256','02/10/1995');
INSERT INTO entrega_queijo VALUES ('738307210329','29463276543895','02/10/2000');
INSERT INTO entrega_queijo VALUES ('842433728868','58693253681925','02/11/1993');
INSERT INTO entrega_queijo VALUES ('594750475076','56544742131736','02/11/2005');
INSERT INTO entrega_queijo VALUES ('808443830492','69669122877223','02/12/2005');
INSERT INTO entrega_queijo VALUES ('420412637072','74191842111493','02/13/2004');
INSERT INTO entrega_queijo VALUES ('555205960499','63526331696872','02/15/2000');
INSERT INTO entrega_queijo VALUES ('419034817993','48682639863676','02/15/2002');
INSERT INTO entrega_queijo VALUES ('317820334977','46888344334346','02/15/2012');
INSERT INTO entrega_queijo VALUES ('353803266713','41516128261669','02/17/1991');
INSERT INTO entrega_queijo VALUES ('672865463054','53723685669976','02/17/1999');
INSERT INTO entrega_queijo VALUES ('425237802204','19962692581419','02/17/2011');
INSERT INTO entrega_queijo VALUES ('247426899304','35679672264853','02/17/2013');
INSERT INTO entrega_queijo VALUES ('269725286671','24231574155869','02/19/1990');
INSERT INTO entrega_queijo VALUES ('029581714714','54439861811972','02/20/1997');
INSERT INTO entrega_queijo VALUES ('668571763068','49574361853457','02/20/1999');
INSERT INTO entrega_queijo VALUES ('618327268889','51792931612325','02/20/2006');
INSERT INTO entrega_queijo VALUES ('710500354247','22524345519583','02/20/2009');
INSERT INTO entrega_queijo VALUES ('794525453582','34214778618992','02/22/2002');
INSERT INTO entrega_queijo VALUES ('859067177208','61632495247117','02/22/2004');
INSERT INTO entrega_queijo VALUES ('884892631737','62731381895943','02/23/1993');
INSERT INTO entrega_manteiga VALUES ('123395020131','28877657316458','01/01/2000');
INSERT INTO entrega_manteiga VALUES ('173362733792','89937689711651','01/03/2003');
INSERT INTO entrega_manteiga VALUES ('613177568382','78454526435479','01/04/2005');
INSERT INTO entrega_manteiga VALUES ('565226371754','21436994841879','01/04/2015');
INSERT INTO entrega_manteiga VALUES ('970186961151','83755674698581','01/05/2002');
INSERT INTO entrega_manteiga VALUES ('703216920322','65249196532235','01/06/2001');
INSERT INTO entrega_manteiga VALUES ('569698751396','48731659959757','01/07/1995');
INSERT INTO entrega_manteiga VALUES ('119494362412','56327963523623','01/07/2000');
INSERT INTO entrega_manteiga VALUES ('560283504066','44275515822161','01/08/2001');
INSERT INTO entrega_manteiga VALUES ('708365223979','43518343123326','01/08/2009');
INSERT INTO entrega_manteiga VALUES ('421630037249','44329841926868','01/10/1991');
INSERT INTO entrega_manteiga VALUES ('422353395317','57416536723521','01/10/1999');
INSERT INTO entrega_manteiga VALUES ('508208124066','63942321432162','01/10/2001');
INSERT INTO entrega_manteiga VALUES ('802092980425','68799722948579','01/11/2006');
INSERT INTO entrega_manteiga VALUES ('460023122757','79726195817937','01/11/2007');
INSERT INTO entrega_manteiga VALUES ('254726388550','49548155944589','01/13/2008');
INSERT INTO entrega_manteiga VALUES ('583504510611','88267353828123','01/13/2009');
INSERT INTO entrega_manteiga VALUES ('127581767704','57912634612282','01/13/2013');
INSERT INTO entrega_manteiga VALUES ('959387665353','63263711789328','01/14/2007');
INSERT INTO entrega_manteiga VALUES ('967828586488','17673712114243','01/15/2008');
INSERT INTO entrega_manteiga VALUES ('835024201344','13744922376121','01/15/2013');
INSERT INTO entrega_manteiga VALUES ('337287883046','27519581186556','01/16/1991');
INSERT INTO entrega_manteiga VALUES ('701283105362','28542893824528','01/16/2000');
INSERT INTO entrega_manteiga VALUES ('850795457328','31892846956395','01/17/2010');
INSERT INTO entrega_manteiga VALUES ('405965062296','31583535646416','01/17/2015');
INSERT INTO entrega_manteiga VALUES ('197745266857','13858159882622','01/18/1990');
INSERT INTO entrega_manteiga VALUES ('968582488513','72915664468234','01/18/2001');
INSERT INTO entrega_manteiga VALUES ('678129794100','24892684838944','01/18/2013');
INSERT INTO entrega_manteiga VALUES ('227998122432','81469922822532','01/20/2000');
INSERT INTO entrega_manteiga VALUES ('116790831016','12688859223945','01/20/2014');
INSERT INTO entrega_manteiga VALUES ('512376567926','68931826397446','01/23/1998');
INSERT INTO entrega_manteiga VALUES ('130186197765','48561267417794','01/23/2004');
INSERT INTO entrega_manteiga VALUES ('599763904054','99443352843151','01/23/2013');
INSERT INTO entrega_manteiga VALUES ('626360144423','56756444114214','01/24/1995');
INSERT INTO entrega_manteiga VALUES ('473264176345','48456483488493','01/24/2004');
INSERT INTO entrega_manteiga VALUES ('455389350874','83514637295758','01/25/2006');
INSERT INTO entrega_manteiga VALUES ('222630691321','68335491474951','01/25/2012');
INSERT INTO entrega_manteiga VALUES ('142009900801','54796673574722','01/27/1994');
INSERT INTO entrega_manteiga VALUES ('252611488438','27927972661639','01/27/2011');
INSERT INTO entrega_manteiga VALUES ('844837714642','13623132583611','01/29/2003');
INSERT INTO entrega_manteiga VALUES ('169531053248','29248348439557','01/29/2011');
INSERT INTO entrega_manteiga VALUES ('450399968864','82529926942364','02/01/1996');
INSERT INTO entrega_manteiga VALUES ('045737892604','19886157696946','02/02/2002');
INSERT INTO entrega_manteiga VALUES ('639873218154','69388859575247','02/02/2003');
INSERT INTO entrega_manteiga VALUES ('548206583692','13725272821719','02/05/1999');
INSERT INTO entrega_manteiga VALUES ('558879025756','45625191389857','02/05/2006');
INSERT INTO entrega_manteiga VALUES ('283496521382','68838555273434','02/09/2005');
INSERT INTO entrega_manteiga VALUES ('986906417370','64743551837458','02/09/2007');
INSERT INTO entrega_manteiga VALUES ('125557443932','24384683576765','02/09/2014');
INSERT INTO entrega_manteiga VALUES ('393687739582','38892957235256','02/10/1995');
INSERT INTO entrega_manteiga VALUES ('738307210329','29463276543895','02/10/2000');
INSERT INTO entrega_manteiga VALUES ('842433728868','58693253681925','02/11/1993');
INSERT INTO entrega_manteiga VALUES ('594750475076','56544742131736','02/11/2005');
INSERT INTO entrega_manteiga VALUES ('808443830492','69669122877223','02/12/2005');
INSERT INTO entrega_manteiga VALUES ('420412637072','74191842111493','02/13/2004');
INSERT INTO entrega_manteiga VALUES ('555205960499','63526331696872','02/15/2000');
INSERT INTO entrega_manteiga VALUES ('419034817993','48682639863676','02/15/2002');
INSERT INTO entrega_manteiga VALUES ('317820334977','46888344334346','02/15/2012');
INSERT INTO entrega_manteiga VALUES ('353803266713','41516128261669','02/17/1991');
INSERT INTO entrega_manteiga VALUES ('672865463054','53723685669976','02/17/1999');
INSERT INTO entrega_manteiga VALUES ('425237802204','19962692581419','02/17/2011');
INSERT INTO entrega_manteiga VALUES ('247426899304','35679672264853','02/17/2013');
INSERT INTO entrega_manteiga VALUES ('269725286671','24231574155869','02/19/1990');
INSERT INTO entrega_manteiga VALUES ('029581714714','54439861811972','02/20/1997');
INSERT INTO entrega_manteiga VALUES ('668571763068','49574361853457','02/20/1999');
INSERT INTO entrega_manteiga VALUES ('618327268889','51792931612325','02/20/2006');
INSERT INTO entrega_manteiga VALUES ('710500354247','22524345519583','02/20/2009');
INSERT INTO entrega_manteiga VALUES ('794525453582','34214778618992','02/22/2002');
INSERT INTO entrega_manteiga VALUES ('859067177208','61632495247117','02/22/2004');
INSERT INTO entrega_manteiga VALUES ('884892631737','62731381895943','02/23/1993');
INSERT INTO entrega_manteiga VALUES ('904671073595','94395231751542','02/23/2012');
INSERT INTO entrega_manteiga VALUES ('819858934462','58284477275979','02/24/2014');
INSERT INTO entrega_manteiga VALUES ('972018498440','36446981625597','02/25/1999');
INSERT INTO entrega_manteiga VALUES ('372159246223','65357594558398','02/26/1992');
INSERT INTO entrega_manteiga VALUES ('527670794889','99411982161896','02/26/1995');
INSERT INTO entrega_manteiga VALUES ('550495606888','17956324111524','02/27/2004');
INSERT INTO entrega_manteiga VALUES ('593915047375','92575163692737','02/28/2007');
INSERT INTO entrega_manteiga VALUES ('663830135521','57625949874985','02/28/2015');
INSERT INTO entrega_manteiga VALUES ('050809215786','42558158186518','02/29/2002');
INSERT INTO entrega_manteiga VALUES ('501631362216','76198632991619','02/29/2005');
